Country/Region,Date,R,ci_95_u,ci_95_l,ci_65_u,ci_65_l,n_eff_pct,Rhat_diff,signal_to_noise,var_irregular,days_infectious
Iceland,2020-03-13,2.1422795199988895,2.910923168489527,1.4029141391201334,2.4977663755846566,1.7848233134646585,0.045833832979965315,0.001994317629020914,0.042249143403645634,0.008288351913643703,10
Iceland,2020-03-14,2.1041348855216557,2.8115698422648316,1.413724418950307,2.435967246416471,1.7743701947291832,0.045833832979965315,0.001994317629020914,0.042249143403645634,0.008288351913643703,10
Iceland,2020-03-15,2.0791883611105524,2.7352212123712203,1.4313323649293113,2.3891367993658488,1.7701928114715264,0.045833832979965315,0.001994317629020914,0.042249143403645634,0.008288351913643703,10
Iceland,2020-03-16,2.0926788421727434,2.730888771177724,1.4675732259878522,2.39105625208354,1.79261140150245,0.045833832979965315,0.001994317629020914,0.042249143403645634,0.008288351913643703,10
Iceland,2020-03-17,2.1672906563831735,2.794274363416875,1.5563276247370963,2.458592607385862,1.8741788152913497,0.045833832979965315,0.001994317629020914,0.042249143403645634,0.008288351913643703,10
Iceland,2020-03-18,2.2067192937258993,2.8423677387683814,1.6061122003756951,2.494169672279004,1.9150234145396827,0.045833832979965315,0.001994317629020914,0.042249143403645634,0.008288351913643703,10
Iceland,2020-03-19,2.2611346157135865,2.909745853422895,1.652467228513697,2.5536623493057737,1.9671643129731118,0.045833832979965315,0.001994317629020914,0.042249143403645634,0.008288351913643703,10
Iceland,2020-03-20,2.214969864172291,2.849109138774133,1.6132638441174108,2.5073135435477867,1.9193531116914868,0.045833832979965315,0.001994317629020914,0.042249143403645634,0.008288351913643703,10
Iceland,2020-03-21,2.1231350226596772,2.7364208958974023,1.5394022676940868,2.408353990771591,1.8345177233581444,0.045833832979965315,0.001994317629020914,0.042249143403645634,0.008288351913643703,10
Iceland,2020-03-22,2.0292129113553434,2.6188133754933864,1.4516108981855997,2.3041316537990832,1.7492573892188987,0.045833832979965315,0.001994317629020914,0.042249143403645634,0.008288351913643703,10
Iceland,2020-03-23,1.899123412552152,2.4707756868328907,1.3296944964110002,2.1662547712387092,1.6296749851386094,0.045833832979965315,0.001994317629020914,0.042249143403645634,0.008288351913643703,10
Iceland,2020-03-24,1.8287218014651843,2.4047255507959937,1.2723532797471648,2.095247614972397,1.559522075456186,0.045833832979965315,0.001994317629020914,0.042249143403645634,0.008288351913643703,10
Iceland,2020-03-25,1.765754850945981,2.333324522072183,1.2136598989251415,2.034377976494709,1.5029850183969262,0.045833832979965315,0.001994317629020914,0.042249143403645634,0.008288351913643703,10
Iceland,2020-03-26,1.6808515561346224,2.250444297135184,1.1244705000984074,1.9492737739632262,1.4125976665631024,0.045833832979965315,0.001994317629020914,0.042249143403645634,0.008288351913643703,10
Iceland,2020-03-27,1.6043851700185034,2.168558510867432,1.038446697159443,1.8709736589623995,1.3395291330055392,0.045833832979965315,0.001994317629020914,0.042249143403645634,0.008288351913643703,10
Iceland,2020-03-28,1.5179795724022742,2.0853129708207696,0.9609900534140481,1.7822116285222327,1.2541395877487749,0.045833832979965315,0.001994317629020914,0.042249143403645634,0.008288351913643703,10
Iceland,2020-03-29,1.4324149983381533,1.985582999325434,0.8764112585305905,1.6948626242548845,1.1690197073571469,0.045833832979965315,0.001994317629020914,0.042249143403645634,0.008288351913643703,10
Iceland,2020-03-30,1.3637492658367805,1.9231535125879227,0.8053866354844754,1.6262661899570585,1.0996365979182587,0.045833832979965315,0.001994317629020914,0.042249143403645634,0.008288351913643703,10
Iceland,2020-03-31,1.2991205376348953,1.8574434524296253,0.7372404226780935,1.5590565947447224,1.038668048294592,0.045833832979965315,0.001994317629020914,0.042249143403645634,0.008288351913643703,10
Iceland,2020-04-01,1.2487672033453496,1.8097014522638513,0.6910085956186425,1.5140025876818908,0.9858047324134074,0.045833832979965315,0.001994317629020914,0.042249143403645634,0.008288351913643703,10
Iceland,2020-04-02,1.1861090059845658,1.7443128978574498,0.6236844973613722,1.4489591764664087,0.9240288708723008,0.045833832979965315,0.001994317629020914,0.042249143403645634,0.008288351913643703,10
Iceland,2020-04-03,1.098425007649839,1.6520589586275354,0.5383240634387678,1.3620156464111872,0.8356585183564195,0.045833832979965315,0.001994317629020914,0.042249143403645634,0.008288351913643703,10
Iceland,2020-04-04,1.0263513020290231,1.5805829895648447,0.4739486712280694,1.2917452287355617,0.7642609149966019,0.045833832979965315,0.001994317629020914,0.042249143403645634,0.008288351913643703,10
Iceland,2020-04-05,0.9624298429134757,1.5203934923449087,0.4072767207395328,1.2243471838683515,0.699239162400253,0.045833832979965315,0.001994317629020914,0.042249143403645634,0.008288351913643703,10
Iceland,2020-04-06,0.8877973780514823,1.4418928808934075,0.3283140054939593,1.1515487833668272,0.6234316062677647,0.045833832979965315,0.001994317629020914,0.042249143403645634,0.008288351913643703,10
Iceland,2020-04-07,0.7981810568333592,1.3503293826178004,0.22703874368599575,1.0658595400531163,0.5332045504423413,0.045833832979965315,0.001994317629020914,0.042249143403645634,0.008288351913643703,10
Iceland,2020-04-08,0.7244162103694847,1.2749881125671154,0.1438017586140663,0.9927528087723366,0.45741528378637275,0.045833832979965315,0.001994317629020914,0.042249143403645634,0.008288351913643703,10
Iceland,2020-04-09,0.6581834626976583,1.2126989793005216,0.07998183579023355,0.9255060626292579,0.3920777366082083,0.045833832979965315,0.001994317629020914,0.042249143403645634,0.008288351913643703,10
Iceland,2020-04-10,0.5934769422239979,1.1425778861293752,0.013515572643890694,0.8607715544673018,0.3282296082554995,0.045833832979965315,0.001994317629020914,0.042249143403645634,0.008288351913643703,10
Iceland,2020-04-11,0.5335416461056843,1.0888178898507497,0.0,0.7983229424007331,0.26817925351824723,0.045833832979965315,0.001994317629020914,0.042249143403645634,0.008288351913643703,10
Iceland,2020-04-12,0.48409741355977054,1.037700575897944,0.0,0.7506045817317171,0.21950065775019934,0.045833832979965315,0.001994317629020914,0.042249143403645634,0.008288351913643703,10
Iceland,2020-04-13,0.44280383504345555,1.0002858887337194,0.0,0.7093365209364446,0.17826023117141854,0.045833832979965315,0.001994317629020914,0.042249143403645634,0.008288351913643703,10
Iceland,2020-04-14,0.4089830188738246,0.9644879174163085,0.0,0.6744189923793844,0.14424449218660074,0.045833832979965315,0.001994317629020914,0.042249143403645634,0.008288351913643703,10
Iceland,2020-04-15,0.381441688522728,0.9378407272988686,0.0,0.6493074092284828,0.11587070335699456,0.045833832979965315,0.001994317629020914,0.042249143403645634,0.008288351913643703,10
Iceland,2020-04-16,0.3598987420671622,0.9149406499699466,0.0,0.6252556009888413,0.09695349558167465,0.045833832979965315,0.001994317629020914,0.042249143403645634,0.008288351913643703,10
Iceland,2020-04-17,0.3396383827562347,0.8991291198561749,0.0,0.6051879934138262,0.07628133035565243,0.045833832979965315,0.001994317629020914,0.042249143403645634,0.008288351913643703,10
Iceland,2020-04-18,0.31395443974038684,0.8719460273776738,0.0,0.5774388106011132,0.04934124573712051,0.045833832979965315,0.001994317629020914,0.042249143403645634,0.008288351913643703,10
Iceland,2020-04-19,0.2927427231304913,0.8503852307012724,0.0,0.5570765386801841,0.031323462267138,0.045833832979965315,0.001994317629020914,0.042249143403645634,0.008288351913643703,10
Iceland,2020-04-20,0.26402599625216994,0.8208075302605473,0.0,0.5280962501905944,0.001215870374891681,0.045833832979965315,0.001994317629020914,0.042249143403645634,0.008288351913643703,10
Iceland,2020-04-21,0.2456196452294137,0.8009161047347563,0.0,0.5105595018540715,0.0,0.045833832979965315,0.001994317629020914,0.042249143403645634,0.008288351913643703,10
Iceland,2020-04-22,0.2281975807831682,0.7791047180499762,0.0,0.49312815393505494,0.0,0.045833832979965315,0.001994317629020914,0.042249143403645634,0.008288351913643703,10
Iceland,2020-04-23,0.20518052661302644,0.7616908797281178,0.0,0.4708612024061547,0.0,0.045833832979965315,0.001994317629020914,0.042249143403645634,0.008288351913643703,10
Iceland,2020-04-24,0.18244563800809555,0.7417179665538367,0.0,0.44794897358367913,0.0,0.045833832979965315,0.001994317629020914,0.042249143403645634,0.008288351913643703,10
Iceland,2020-04-25,0.16678884872848454,0.7271551521463138,0.0,0.43540230014788217,0.0,0.045833832979965315,0.001994317629020914,0.042249143403645634,0.008288351913643703,10
Iceland,2020-04-26,0.15421466749658896,0.7097759504116681,0.0,0.4188853557475525,0.0,0.045833832979965315,0.001994317629020914,0.042249143403645634,0.008288351913643703,10
Iceland,2020-04-27,0.14339772413341134,0.6986637206361114,0.0,0.4085145439735942,0.0,0.045833832979965315,0.001994317629020914,0.042249143403645634,0.008288351913643703,10
Iceland,2020-04-28,0.13786757192200727,0.6945282512388127,0.0,0.40283205738260974,0.0,0.045833832979965315,0.001994317629020914,0.042249143403645634,0.008288351913643703,10
Iceland,2020-04-29,0.12608928985163637,0.6826784541530652,0.0,0.39157614914743555,0.0,0.045833832979965315,0.001994317629020914,0.042249143403645634,0.008288351913643703,10
Iceland,2020-04-30,0.11362529701648438,0.6763092827371249,0.0,0.3786812703445742,0.0,0.045833832979965315,0.001994317629020914,0.042249143403645634,0.008288351913643703,10
Iceland,2020-05-01,0.10749215733491158,0.6663793196399357,0.0,0.3729128694179802,0.0,0.045833832979965315,0.001994317629020914,0.042249143403645634,0.008288351913643703,10
Iceland,2020-05-02,0.09916398905027068,0.6621434700583919,0.0,0.3645994818720677,0.0,0.045833832979965315,0.001994317629020914,0.042249143403645634,0.008288351913643703,10
Iceland,2020-05-03,0.09430720156261585,0.651336401532043,0.0,0.356885531945242,0.0,0.045833832979965315,0.001994317629020914,0.042249143403645634,0.008288351913643703,10
Iceland,2020-05-04,0.091296440698162,0.6570771738748435,0.0,0.3569692372840838,0.0,0.045833832979965315,0.001994317629020914,0.042249143403645634,0.008288351913643703,10
Iceland,2020-05-05,0.08923088310769534,0.6529371525531482,0.0,0.3522991055534619,0.0,0.045833832979965315,0.001994317629020914,0.042249143403645634,0.008288351913643703,10
Iceland,2020-05-06,0.09184304331476112,0.6601521886349346,0.0,0.3541497469603442,0.0,0.045833832979965315,0.001994317629020914,0.042249143403645634,0.008288351913643703,10
Iceland,2020-05-07,0.09717930018362653,0.655394249381871,0.0,0.3601702692340478,0.0,0.045833832979965315,0.001994317629020914,0.042249143403645634,0.008288351913643703,10
Iceland,2020-05-08,0.08921038088593869,0.6462876496434851,0.0,0.35511490925267997,0.0,0.045833832979965315,0.001994317629020914,0.042249143403645634,0.008288351913643703,10
Iceland,2020-05-09,0.08540547953094602,0.6436054874817192,0.0,0.3497515159541499,0.0,0.045833832979965315,0.001994317629020914,0.042249143403645634,0.008288351913643703,10
Iceland,2020-05-10,0.08643481867980674,0.6491502113931809,0.0,0.34806986295138254,0.0,0.045833832979965315,0.001994317629020914,0.042249143403645634,0.008288351913643703,10
Iceland,2020-05-11,0.09034782612335712,0.6455335440531196,0.0,0.3555511198697988,0.0,0.045833832979965315,0.001994317629020914,0.042249143403645634,0.008288351913643703,10
Iceland,2020-05-12,0.0958260650840771,0.6571226764952424,0.0,0.36278261899618514,0.0,0.045833832979965315,0.001994317629020914,0.042249143403645634,0.008288351913643703,10
Iceland,2020-05-13,0.1062239233753497,0.6673343688928242,0.0,0.3717731909074271,0.0,0.045833832979965315,0.001994317629020914,0.042249143403645634,0.008288351913643703,10
Iceland,2020-05-14,0.10627302237152247,0.664550679147375,0.0,0.372326904706449,0.0,0.045833832979965315,0.001994317629020914,0.042249143403645634,0.008288351913643703,10
Iceland,2020-05-15,0.10904699058775824,0.6653421608859237,0.0,0.37397605526815847,0.0,0.045833832979965315,0.001994317629020914,0.042249143403645634,0.008288351913643703,10
Iceland,2020-05-16,0.1185412894397122,0.6804426177880372,0.0,0.38031720725711715,0.0,0.045833832979965315,0.001994317629020914,0.042249143403645634,0.008288351913643703,10
Iceland,2020-05-17,0.13265861658097644,0.6951702324901514,0.0,0.39789941751611124,0.0,0.045833832979965315,0.001994317629020914,0.042249143403645634,0.008288351913643703,10
Iceland,2020-05-18,0.1497403292122509,0.7096413536549128,0.0,0.41255610707363055,0.0,0.045833832979965315,0.001994317629020914,0.042249143403645634,0.008288351913643703,10
Iceland,2020-05-19,0.17326154509478642,0.7356331771051874,0.0,0.43924214957020946,0.0,0.045833832979965315,0.001994317629020914,0.042249143403645634,0.008288351913643703,10
Iceland,2020-05-20,0.20433770732031364,0.7575420338208272,0.0,0.4682232469186981,0.0,0.045833832979965315,0.001994317629020914,0.042249143403645634,0.008288351913643703,10
Iceland,2020-05-21,0.21341736951305768,0.7781433105339908,0.0,0.48112905219908453,0.0,0.045833832979965315,0.001994317629020914,0.042249143403645634,0.008288351913643703,10
Iceland,2020-05-22,0.230662039327293,0.7889857881338183,0.0,0.49744276059004333,0.0,0.045833832979965315,0.001994317629020914,0.042249143403645634,0.008288351913643703,10
Iceland,2020-05-23,0.2603116076625702,0.8197552009482816,0.0,0.5251461908278627,0.0,0.045833832979965315,0.001994317629020914,0.042249143403645634,0.008288351913643703,10
Iceland,2020-05-24,0.2642433976626647,0.8241524186590609,0.0,0.531636723085778,0.0,0.045833832979965315,0.001994317629020914,0.042249143403645634,0.008288351913643703,10
Iceland,2020-05-25,0.27828822917184226,0.8407803826423702,0.0,0.5432488365719207,0.011517282390265393,0.045833832979965315,0.001994317629020914,0.042249143403645634,0.008288351913643703,10
Iceland,2020-05-26,0.3013307187244798,0.858537054882336,0.0,0.5656498999227944,0.03493817180590719,0.045833832979965315,0.001994317629020914,0.042249143403645634,0.008288351913643703,10
Iceland,2020-05-27,0.3371274327667769,0.8975565908681776,0.0,0.6006149017706661,0.06928899086259732,0.045833832979965315,0.001994317629020914,0.042249143403645634,0.008288351913643703,10
Iceland,2020-05-28,0.3361436200139347,0.8947885879002144,0.0,0.5965255078804416,0.076206240153189,0.045833832979965315,0.001994317629020914,0.042249143403645634,0.008288351913643703,10
Iceland,2020-05-29,0.3501522112067882,0.9172116082852964,0.0,0.6155807391739334,0.08469504669694694,0.045833832979965315,0.001994317629020914,0.042249143403645634,0.008288351913643703,10
Iceland,2020-05-30,0.37652556948732974,0.9467225185529151,0.0,0.6431746304379669,0.10979856618844641,0.045833832979965315,0.001994317629020914,0.042249143403645634,0.008288351913643703,10
Iceland,2020-05-31,0.35807268140402704,0.921864392110661,0.0,0.6225524855687588,0.09235651346723295,0.045833832979965315,0.001994317629020914,0.042249143403645634,0.008288351913643703,10
Iceland,2020-06-01,0.35443632845345496,0.9218697483798213,0.0,0.6267482776093557,0.08177834302948861,0.045833832979965315,0.001994317629020914,0.042249143403645634,0.008288351913643703,10
Iceland,2020-06-02,0.36747897157468956,0.9311791476164144,0.0,0.6359825543509134,0.0989082234080455,0.045833832979965315,0.001994317629020914,0.042249143403645634,0.008288351913643703,10
Iceland,2020-06-03,0.3926340325755212,0.9474559554607082,0.0,0.6641292520873217,0.12249671088435199,0.045833832979965315,0.001994317629020914,0.042249143403645634,0.008288351913643703,10
Iceland,2020-06-04,0.4320500243611244,0.9895435496997216,0.0,0.7002436897960541,0.166092592466359,0.045833832979965315,0.001994317629020914,0.042249143403645634,0.008288351913643703,10
Iceland,2020-06-05,0.4903590074077673,1.0474528097086298,0.0,0.7588039280567856,0.2246535702794914,0.045833832979965315,0.001994317629020914,0.042249143403645634,0.008288351913643703,10
Iceland,2020-06-06,0.5673394716610366,1.1356479675928717,0.0,0.8349381616365117,0.30206499320071434,0.045833832979965315,0.001994317629020914,0.042249143403645634,0.008288351913643703,10
Iceland,2020-06-07,0.6692908183429142,1.2350514795772458,0.10005021784708723,0.9345248879545304,0.4032580753334938,0.045833832979965315,0.001994317629020914,0.042249143403645634,0.008288351913643703,10
Iceland,2020-06-08,0.6731787870637238,1.2515677957732478,0.0977807407622645,0.9418936431669231,0.4035607835941615,0.045833832979965315,0.001994317629020914,0.042249143403645634,0.008288351913643703,10
Iceland,2020-06-09,0.7048064559563606,1.275319774703703,0.1229389826022399,0.9730813097788279,0.4350477142431194,0.045833832979965315,0.001994317629020914,0.042249143403645634,0.008288351913643703,10
Iceland,2020-06-10,0.7655272321564994,1.3278215696088715,0.19129531791421817,1.0340256436958053,0.49990701191063347,0.045833832979965315,0.001994317629020914,0.042249143403645634,0.008288351913643703,10
Iceland,2020-06-11,0.8601375652501189,1.426082333069089,0.2947623540261569,1.1279594435186495,0.5922153214954261,0.045833832979965315,0.001994317629020914,0.042249143403645634,0.008288351913643703,10
Iceland,2020-06-12,0.9890517386527602,1.5808559913845792,0.4181119761286104,1.2616741334068897,0.718196824936951,0.045833832979965315,0.001994317629020914,0.042249143403645634,0.008288351913643703,10
Iceland,2020-06-13,1.1620284885140966,1.7878454476867947,0.5746015118749139,1.4472654821945496,0.87719349362895,0.045833832979965315,0.001994317629020914,0.042249143403645634,0.008288351913643703,10
Iceland,2020-06-14,1.2063553650158436,1.8535570388747407,0.6135217619174089,1.493804251392616,0.912530185239617,0.045833832979965315,0.001994317629020914,0.042249143403645634,0.008288351913643703,10
Iceland,2020-06-15,1.2501962540941136,1.887473211837102,0.665129259916361,1.5377580714242836,0.9585578304708143,0.045833832979965315,0.001994317629020914,0.042249143403645634,0.008288351913643703,10
Iceland,2020-06-16,1.2628416561966125,1.879231701207444,0.6847173042344117,1.546817470703272,0.9780412830448694,0.045833832979965315,0.001994317629020914,0.042249143403645634,0.008288351913643703,10
Iceland,2020-06-17,1.25107453476675,1.8465782250749392,0.6764643828186387,1.528100483386571,0.9731212968177444,0.045833832979965315,0.001994317629020914,0.042249143403645634,0.008288351913643703,10
Iceland,2020-06-18,1.2935193060754138,1.9002212168476422,0.7213223533288963,1.5689698360945032,1.017414040311998,0.045833832979965315,0.001994317629020914,0.042249143403645634,0.008288351913643703,10
Iceland,2020-06-19,1.2318712067360633,1.8169241880293392,0.6696229922660173,1.501071754523689,0.9596434293956709,0.045833832979965315,0.001994317629020914,0.042249143403645634,0.008288351913643703,10
Iceland,2020-06-20,1.1592057658332766,1.7308769823402828,0.598249967664799,1.4278750107760536,0.8903599372050337,0.045833832979965315,0.001994317629020914,0.042249143403645634,0.008288351913643703,10
Iceland,2020-06-21,1.1346834375542292,1.7021890191027567,0.5684261363847685,1.402243950806198,0.8676634414231204,0.045833832979965315,0.001994317629020914,0.042249143403645634,0.008288351913643703,10
Iceland,2020-06-22,1.159299635664357,1.725644775794627,0.599034906907129,1.4278409031885637,0.8899317925478964,0.045833832979965315,0.001994317629020914,0.042249143403645634,0.008288351913643703,10
Iceland,2020-06-23,1.2318343411547534,1.810873076152581,0.6718638475066282,1.5008606518155727,0.9618179800752436,0.045833832979965315,0.001994317629020914,0.042249143403645634,0.008288351913643703,10
Iceland,2020-06-24,1.357058067104059,1.9708854317337314,0.7944064438286043,1.6318595411168233,1.0771620281451786,0.045833832979965315,0.001994317629020914,0.042249143403645634,0.008288351913643703,10
Iceland,2020-06-25,1.3592503836522287,1.9635313178536762,0.7863992389399826,1.6326763913103477,1.0829895116524453,0.045833832979965315,0.001994317629020914,0.042249143403645634,0.008288351913643703,10
Iceland,2020-06-26,1.3495736954966449,1.9576065013943902,0.7791989627646816,1.626051586192824,1.0735279031712117,0.045833832979965315,0.001994317629020914,0.042249143403645634,0.008288351913643703,10
Iceland,2020-06-27,1.2690302055095457,1.8619567007437337,0.7024559308607157,1.5383896271308777,0.9989489176162188,0.045833832979965315,0.001994317629020914,0.042249143403645634,0.008288351913643703,10
Iceland,2020-06-28,1.2451714391986968,1.8315496342017563,0.6751791402437627,1.5166928676490081,0.9741226684727258,0.045833832979965315,0.001994317629020914,0.042249143403645634,0.008288351913643703,10
Iceland,2020-06-29,1.2158493856603108,1.7982272191062985,0.6464158783786467,1.4877125193270757,0.944481599078187,0.045833832979965315,0.001994317629020914,0.042249143403645634,0.008288351913643703,10
Iceland,2020-06-30,1.1802526153231638,1.7713406513841639,0.6137705051367062,1.452530139796018,0.9076631401710861,0.045833832979965315,0.001994317629020914,0.042249143403645634,0.008288351913643703,10
Iceland,2020-07-01,1.083865647274126,1.6720193495725446,0.5114189259711792,1.3568866369117984,0.8101340147628369,0.045833832979965315,0.001994317629020914,0.042249143403645634,0.008288351913643703,10
Iceland,2020-07-02,0.9869374185443377,1.5767469647539816,0.3924851223339575,1.268842973347604,0.7063913227777415,0.045833832979965315,0.001994317629020914,0.042249143403645634,0.008288351913643703,10
Iceland,2020-07-03,0.8921045963440322,1.4658914609617593,0.2911777408108248,1.167368185819959,0.6165981633415463,0.045833832979965315,0.001994317629020914,0.042249143403645634,0.008288351913643703,10
Iceland,2020-07-04,0.8334633417126794,1.4091101868209939,0.2285346031451999,1.1099521456497206,0.5564325248841704,0.045833832979965315,0.001994317629020914,0.042249143403645634,0.008288351913643703,10
Iceland,2020-07-05,0.80794871472822,1.3747307827592676,0.2080709942955543,1.08634917464702,0.5337333534951778,0.045833832979965315,0.001994317629020914,0.042249143403645634,0.008288351913643703,10
Iceland,2020-07-06,0.8188334033386249,1.3843935247126804,0.22550780148204141,1.0943837951989803,0.5501776969321428,0.045833832979965315,0.001994317629020914,0.042249143403645634,0.008288351913643703,10
Iceland,2020-07-07,0.7719636222590904,1.3273781841598091,0.17549442520665048,1.0471000614893613,0.49962901324870945,0.045833832979965315,0.001994317629020914,0.042249143403645634,0.008288351913643703,10
Iceland,2020-07-08,0.7175762154544733,1.286470180553604,0.10242070048432439,0.9949065123069478,0.439834279302072,0.045833832979965315,0.001994317629020914,0.042249143403645634,0.008288351913643703,10
Iceland,2020-07-09,0.6932923281931608,1.2569674452286383,0.07562148400483493,0.9742829956837398,0.4140393973951825,0.045833832979965315,0.001994317629020914,0.042249143403645634,0.008288351913643703,10
Iceland,2020-07-10,0.6945690441742438,1.2609324064227947,0.06895740253562022,0.9792861176042774,0.41435742927802177,0.045833832979965315,0.001994317629020914,0.042249143403645634,0.008288351913643703,10
Iceland,2020-07-11,0.7233947790388993,1.2890740510779866,0.11130446189747412,1.0041961377562738,0.4478877009987512,0.045833832979965315,0.001994317629020914,0.042249143403645634,0.008288351913643703,10
Iceland,2020-07-12,0.7824366230975707,1.3458371918383498,0.1845151180119171,1.0533816443638335,0.510619204062241,0.045833832979965315,0.001994317629020914,0.042249143403645634,0.008288351913643703,10
Iceland,2020-07-13,0.872143633991377,1.4358455502091683,0.290848770720907,1.1402061571673758,0.6040025427270068,0.045833832979965315,0.001994317629020914,0.042249143403645634,0.008288351913643703,10
Iceland,2020-07-14,0.9988546341094434,1.5653972528220075,0.4323542195990401,1.2623502406662013,0.7345364570003399,0.045833832979965315,0.001994317629020914,0.042249143403645634,0.008288351913643703,10
Iceland,2020-07-15,1.0161862456369706,1.5714459161211072,0.4435906248742918,1.283340017333599,0.7526605427377973,0.045833832979965315,0.001994317629020914,0.042249143403645634,0.008288351913643703,10
Iceland,2020-07-16,1.0768550774774577,1.634256368232706,0.5073065625130697,1.3375026000464427,0.8150048158269454,0.045833832979965315,0.001994317629020914,0.042249143403645634,0.008288351913643703,10
Iceland,2020-07-17,1.114732005142996,1.6748224070733084,0.5526542373106175,1.3779714692191654,0.8470767621749207,0.045833832979965315,0.001994317629020914,0.042249143403645634,0.008288351913643703,10
Iceland,2020-07-18,1.2009092983217253,1.7681468296863554,0.6443739941229045,1.464167628656788,0.9310471821120192,0.045833832979965315,0.001994317629020914,0.042249143403645634,0.008288351913643703,10
Iceland,2020-07-19,1.1969068781655452,1.759855704724304,0.6360140121640719,1.464375843926181,0.9313648882054575,0.045833832979965315,0.001994317629020914,0.042249143403645634,0.008288351913643703,10
Iceland,2020-07-20,1.1873863198044041,1.748596165891744,0.6112805634639045,1.4588602971181863,0.9195125836003706,0.045833832979965315,0.001994317629020914,0.042249143403645634,0.008288351913643703,10
Iceland,2020-07-21,1.2254811918340764,1.7883732140611093,0.6512801153977509,1.49241534638316,0.9586197537083955,0.045833832979965315,0.001994317629020914,0.042249143403645634,0.008288351913643703,10
Iceland,2020-07-22,1.3146720336375817,1.8954256947818267,0.744754879480304,1.586685238866266,1.0451545173562038,0.045833832979965315,0.001994317629020914,0.042249143403645634,0.008288351913643703,10
Iceland,2020-07-23,1.3926821960471076,1.9826658412619298,0.8171286994762332,1.6669194471643038,1.1193819473723035,0.045833832979965315,0.001994317629020914,0.042249143403645634,0.008288351913643703,10
Iceland,2020-07-24,1.4672755509810202,2.0729946036073454,0.8799139444208428,1.7484237047843272,1.187321816571923,0.045833832979965315,0.001994317629020914,0.042249143403645634,0.008288351913643703,10
Iceland,2020-07-25,1.4803840625386173,2.095317099929439,0.8791460605005428,1.7676089175759482,1.194294557308858,0.045833832979965315,0.001994317629020914,0.042249143403645634,0.008288351913643703,10
Iceland,2020-07-26,1.5601475035240897,2.212806315104005,0.9354558795282185,1.858139012480457,1.2603211203473246,0.045833832979965315,0.001994317629020914,0.042249143403645634,0.008288351913643703,10
Iceland,2020-07-27,1.6359488277018204,2.3005579315875635,1.0120573576548264,1.9363327109479904,1.3326998722838472,0.045833832979965315,0.001994317629020914,0.042249143403645634,0.008288351913643703,10
Iceland,2020-07-28,1.7149863203636886,2.384601980143784,1.0933807266650641,2.013303508909996,1.4132010458103192,0.045833832979965315,0.001994317629020914,0.042249143403645634,0.008288351913643703,10
Iceland,2020-07-29,1.7890026296441477,2.47478509657029,1.1654025598296807,2.0919983211522517,1.480368745444343,0.045833832979965315,0.001994317629020914,0.042249143403645634,0.008288351913643703,10
Iceland,2020-07-30,1.8499179551826166,2.554520820900577,1.2189454664939754,2.1654785634350393,1.5327507212004599,0.045833832979965315,0.001994317629020914,0.042249143403645634,0.008288351913643703,10
Iceland,2020-07-31,1.9104154518309344,2.608200130480147,1.2775299149023542,2.2234519119643306,1.5955263822910455,0.045833832979965315,0.001994317629020914,0.042249143403645634,0.008288351913643703,10
Iceland,2020-08-01,1.863911802840589,2.5319629779135946,1.2421968404315389,2.163648748467991,1.5607285268617124,0.045833832979965315,0.001994317629020914,0.042249143403645634,0.008288351913643703,10
Iceland,2020-08-02,1.8135203722983118,2.4558769459395617,1.2200061398532565,2.102608260797383,1.5217003159670095,0.045833832979965315,0.001994317629020914,0.042249143403645634,0.008288351913643703,10
Iceland,2020-08-03,1.705115154878583,2.311270976383466,1.1247189914021918,1.9838251111512926,1.4253335764395874,0.045833832979965315,0.001994317629020914,0.042249143403645634,0.008288351913643703,10
Iceland,2020-08-04,1.606611541312492,2.1981526596160235,1.0381015882954294,1.8775540819035437,1.335248677969629,0.045833832979965315,0.001994317629020914,0.042249143403645634,0.008288351913643703,10
Iceland,2020-08-05,1.5575445048831624,2.1308816389150462,0.9982554338217078,1.82425271443396,1.2899037533029236,0.045833832979965315,0.001994317629020914,0.042249143403645634,0.008288351913643703,10
Iceland,2020-08-06,1.5083075173412552,2.0881044262676745,0.9482346711201836,1.7784128216310764,1.2402807893055972,0.045833832979965315,0.001994317629020914,0.042249143403645634,0.008288351913643703,10
Iceland,2020-08-07,1.4788115624720224,2.0504847913572415,0.9143633321503624,1.7478855662502029,1.2133988244307423,0.045833832979965315,0.001994317629020914,0.042249143403645634,0.008288351913643703,10
Iceland,2020-08-08,1.3613620849985177,1.928156458220356,0.7925864956580313,1.627599950879523,1.09584051400214,0.045833832979965315,0.001994317629020914,0.042249143403645634,0.008288351913643703,10
Iceland,2020-08-09,1.2833459957993134,1.8396486624015878,0.7124851377208936,1.5547590494033647,1.0131779231558171,0.045833832979965315,0.001994317629020914,0.042249143403645634,0.008288351913643703,10
Iceland,2020-08-10,1.2359752419146424,1.7944773994533276,0.6580738236671241,1.506141132512732,0.9646477164880506,0.045833832979965315,0.001994317629020914,0.042249143403645634,0.008288351913643703,10
Iceland,2020-08-11,1.2169640471436494,1.7838567208942273,0.6364272451516301,1.4850651078993597,0.9485203236108939,0.045833832979965315,0.001994317629020914,0.042249143403645634,0.008288351913643703,10
Iceland,2020-08-12,1.2064367204675468,1.7723308518928529,0.6348197209852167,1.473980601848408,0.9393147055348946,0.045833832979965315,0.001994317629020914,0.042249143403645634,0.008288351913643703,10
Iceland,2020-08-13,1.2184583450588948,1.7721945158645966,0.6510497581384811,1.482332830727313,0.9556776551865294,0.045833832979965315,0.001994317629020914,0.042249143403645634,0.008288351913643703,10
Iceland,2020-08-14,1.2507103771036392,1.8072703106034378,0.6917724068075473,1.5146530783274101,0.9886194930894304,0.045833832979965315,0.001994317629020914,0.042249143403645634,0.008288351913643703,10
Iceland,2020-08-15,1.284511659180251,1.8494065471138115,0.7290695555055066,1.5473451698801983,1.0211912455630194,0.045833832979965315,0.001994317629020914,0.042249143403645634,0.008288351913643703,10
Iceland,2020-08-16,1.255064397554243,1.8175359449349864,0.6933607794921286,1.5199184242726247,0.992814614914036,0.045833832979965315,0.001994317629020914,0.042249143403645634,0.008288351913643703,10
Iceland,2020-08-17,1.2052890397147507,1.7693727974090387,0.643344100567759,1.468820343365656,0.9404864151807988,0.045833832979965315,0.001994317629020914,0.042249143403645634,0.008288351913643703,10
Iceland,2020-08-18,1.1910699725018052,1.7540969462516312,0.6302955998998746,1.4572397822465577,0.9293430922700798,0.045833832979965315,0.001994317629020914,0.042249143403645634,0.008288351913643703,10
Iceland,2020-08-19,1.144898351991165,1.7032904751633082,0.5763039348549277,1.410287807265938,0.8824036698632819,0.045833832979965315,0.001994317629020914,0.042249143403645634,0.008288351913643703,10
Iceland,2020-08-20,1.1045746761166308,1.664139949145175,0.5378814017416431,1.3707767085407319,0.8364478691751809,0.045833832979965315,0.001994317629020914,0.042249143403645634,0.008288351913643703,10
Iceland,2020-08-21,1.0813977577596154,1.6427774316280517,0.5063848288469759,1.3504880140965905,0.8126100962026092,0.045833832979965315,0.001994317629020914,0.042249143403645634,0.008288351913643703,10
Iceland,2020-08-22,1.0471733747991583,1.6081190691404368,0.4784315806652344,1.3160548858654961,0.779777926169772,0.045833832979965315,0.001994317629020914,0.042249143403645634,0.008288351913643703,10
Iceland,2020-08-23,1.0120280697014215,1.571050887658206,0.44243474074852207,1.274368535423058,0.7466679328577508,0.045833832979965315,0.001994317629020914,0.042249143403645634,0.008288351913643703,10
Iceland,2020-08-24,0.9870883052786272,1.5474088240553345,0.4210034447965455,1.2526332384196373,0.7216980377856665,0.045833832979965315,0.001994317629020914,0.042249143403645634,0.008288351913643703,10
Iceland,2020-08-25,0.9493641840994791,1.5039762518934707,0.3721271854099254,1.2193832929213015,0.6847066471183333,0.045833832979965315,0.001994317629020914,0.042249143403645634,0.008288351913643703,10
Iceland,2020-08-26,0.9289713997634521,1.484433411817787,0.3525893608964017,1.1967201972984773,0.6609011801583262,0.045833832979965315,0.001994317629020914,0.042249143403645634,0.008288351913643703,10
Iceland,2020-08-27,0.9194168508006033,1.4788201851622031,0.3363203789781323,1.191335953775165,0.6501782496414887,0.045833832979965315,0.001994317629020914,0.042249143403645634,0.008288351913643703,10
Iceland,2020-08-28,0.9175356448939876,1.4824387849008052,0.3281020550503414,1.1871553261561654,0.6475706350012431,0.045833832979965315,0.001994317629020914,0.042249143403645634,0.008288351913643703,10
Iceland,2020-08-29,0.9236523167979608,1.4855076726703285,0.34106248505029,1.1928344917978744,0.6524966070423514,0.045833832979965315,0.001994317629020914,0.042249143403645634,0.008288351913643703,10
Iceland,2020-08-30,0.9163257187429474,1.4754331574480952,0.3355730878132298,1.1839311732471336,0.6450271630964193,0.045833832979965315,0.001994317629020914,0.042249143403645634,0.008288351913643703,10
Iceland,2020-08-31,0.9174719348601896,1.4838148201336188,0.33088310901025786,1.1904463955503082,0.6460043698860999,0.045833832979965315,0.001994317629020914,0.042249143403645634,0.008288351913643703,10
Iceland,2020-09-01,0.9420485198610861,1.5127568593570826,0.3524290156038188,1.2125194015073295,0.669725699233572,0.045833832979965315,0.001994317629020914,0.042249143403645634,0.008288351913643703,10
Iceland,2020-09-02,0.9420840423306716,1.5142149256651811,0.3560965444323695,1.213290221544853,0.6704691294354653,0.045833832979965315,0.001994317629020914,0.042249143403645634,0.008288351913643703,10
Iceland,2020-09-03,0.9508173339837608,1.5139520621357008,0.3714192741207425,1.2237586768261404,0.6772174985167231,0.045833832979965315,0.001994317629020914,0.042249143403645634,0.008288351913643703,10
Iceland,2020-09-04,0.9496917416708499,1.5140853149695996,0.3650301455033612,1.2243767567419677,0.6772177801571612,0.045833832979965315,0.001994317629020914,0.042249143403645634,0.008288351913643703,10
Iceland,2020-09-05,0.9430062529760456,1.5135505623909287,0.33906249225457274,1.2224540146201572,0.668381925463837,0.045833832979965315,0.001994317629020914,0.042249143403645634,0.008288351913643703,10
Iceland,2020-09-06,0.9695426937914794,1.5377446716598802,0.36983917449301773,1.2446466023792977,0.6923436356965016,0.045833832979965315,0.001994317629020914,0.042249143403645634,0.008288351913643703,10
Iceland,2020-09-07,1.000478221446118,1.5718290738700134,0.39567563936749994,1.2780018965948543,0.7232643594337769,0.045833832979965315,0.001994317629020914,0.042249143403645634,0.008288351913643703,10
Iceland,2020-09-08,1.054652824966165,1.6304233880423946,0.45887116868876476,1.330729396025099,0.7794656462702514,0.045833832979965315,0.001994317629020914,0.042249143403645634,0.008288351913643703,10
Iceland,2020-09-09,1.0989869458431492,1.6709832784160799,0.48399213703215027,1.3772121627361025,0.8219320858218999,0.045833832979965315,0.001994317629020914,0.042249143403645634,0.008288351913643703,10
Iceland,2020-09-10,1.1652313111885408,1.7345666151761738,0.5598493947212035,1.4427197274710943,0.8896332354854195,0.045833832979965315,0.001994317629020914,0.042249143403645634,0.008288351913643703,10
Iceland,2020-09-11,1.244561395990638,1.81548491862379,0.6356346558922767,1.5182573278390366,0.9705422633564035,0.045833832979965315,0.001994317629020914,0.042249143403645634,0.008288351913643703,10
Iceland,2020-09-12,1.34295703783453,1.9066713223950753,0.7400359269721994,1.6170199052208099,1.0690952036705266,0.045833832979965315,0.001994317629020914,0.042249143403645634,0.008288351913643703,10
Iceland,2020-09-13,1.4901207329393669,2.0529779225149998,0.9020517481147683,1.7594339551114175,1.2212089159087656,0.045833832979965315,0.001994317629020914,0.042249143403645634,0.008288351913643703,10
Iceland,2020-09-14,1.6694978290039857,2.2332048681536207,1.1000322626337375,1.9374622631842247,1.4011810224667558,0.045833832979965315,0.001994317629020914,0.042249143403645634,0.008288351913643703,10
Iceland,2020-09-15,1.8934001347364582,2.483301202457575,1.3288471461130715,2.1669693267312296,1.6188386542938002,0.045833832979965315,0.001994317629020914,0.042249143403645634,0.008288351913643703,10
Iceland,2020-09-16,2.1403074735276175,2.781113998232553,1.5568773432441683,2.4313777420767506,1.8496453543812517,0.045833832979965315,0.001994317629020914,0.042249143403645634,0.008288351913643703,10
Iceland,2020-09-17,2.3370314632026883,3.0408385312452055,1.7106684456030883,2.6511673757110303,2.018183601825585,0.045833832979965315,0.001994317629020914,0.042249143403645634,0.008288351913643703,10
Iceland,2020-09-18,2.5095478520877452,3.2776036895026097,1.846043837245787,2.8565966972812302,2.159557610282227,0.045833832979965315,0.001994317629020914,0.042249143403645634,0.008288351913643703,10
Iceland,2020-09-19,2.637944913882122,3.4705599387435946,1.9352802895565233,3.0048632316017185,2.266886247867932,0.045833832979965315,0.001994317629020914,0.042249143403645634,0.008288351913643703,10
Iceland,2020-09-20,2.49684465848788,3.2170193764135067,1.8575027794165606,2.8179070896671403,2.16741487685034,0.045833832979965315,0.001994317629020914,0.042249143403645634,0.008288351913643703,10
Iceland,2020-09-21,2.466925894407548,3.168798778647346,1.8281171353480787,2.7864463864994025,2.1500526901184585,0.045833832979965315,0.001994317629020914,0.042249143403645634,0.008288351913643703,10
Iceland,2020-09-22,2.3283099234542464,2.9730322047844924,1.7360023320906328,2.6223072885490986,2.033822754848103,0.045833832979965315,0.001994317629020914,0.042249143403645634,0.008288351913643703,10
Iceland,2020-09-23,2.199981901866237,2.817316655578539,1.630393324614405,2.483182465154823,1.917948946608333,0.045833832979965315,0.001994317629020914,0.042249143403645634,0.008288351913643703,10
Iceland,2020-09-24,2.05442533899444,2.6394361020079904,1.4922695899250296,2.322465151589001,1.7860543509350366,0.045833832979965315,0.001994317629020914,0.042249143403645634,0.008288351913643703,10
Iceland,2020-09-25,1.9346101088577123,2.4990033802589355,1.3825409168459335,2.1994016365338647,1.6684343903971801,0.045833832979965315,0.001994317629020914,0.042249143403645634,0.008288351913643703,10
Iceland,2020-09-26,1.8198453182632388,2.386215824971898,1.261208578377269,2.0856327698800303,1.5561738228094912,0.045833832979965315,0.001994317629020914,0.042249143403645634,0.008288351913643703,10
Iceland,2020-09-27,1.7208241871730352,2.281991812727951,1.1491796850836447,1.9856020354247297,1.4555396095976028,0.045833832979965315,0.001994317629020914,0.042249143403645634,0.008288351913643703,10
Iceland,2020-09-28,1.6623514737430973,2.2218146784826107,1.0812458856007658,1.9308249594503983,1.3948836190632101,0.045833832979965315,0.001994317629020914,0.042249143403645634,0.008288351913643703,10
Iceland,2020-09-29,1.6145564119293936,2.17097633940468,1.031556371276087,1.8824336150243206,1.3486047710330267,0.045833832979965315,0.001994317629020914,0.042249143403645634,0.008288351913643703,10
Iceland,2020-09-30,1.5920410859309346,2.1449209733117978,1.0167559000291302,1.8592034864428968,1.3285363953846092,0.045833832979965315,0.001994317629020914,0.042249143403645634,0.008288351913643703,10
Iceland,2020-10-01,1.5877272986073567,2.1330987998104254,1.0062526461375862,1.8524928813684094,1.3234971921831362,0.045833832979965315,0.001994317629020914,0.042249143403645634,0.008288351913643703,10
Iceland,2020-10-02,1.5928241233408107,2.1410856174693684,1.02194199893996,1.8580405096774695,1.3300095278947763,0.045833832979965315,0.001994317629020914,0.042249143403645634,0.008288351913643703,10
Iceland,2020-10-03,1.6116999070238793,2.160982109197925,1.054948263948298,1.8747188252078186,1.3477216086060866,0.045833832979965315,0.001994317629020914,0.042249143403645634,0.008288351913643703,10
Iceland,2020-10-04,1.6152536636261812,2.172503849954843,1.0625561836129545,1.8780411507511912,1.3505504977125409,0.045833832979965315,0.001994317629020914,0.042249143403645634,0.008288351913643703,10
Iceland,2020-10-05,1.627645788725852,2.198946605767195,1.0690782619806334,1.893738268584967,1.364207120078853,0.045833832979965315,0.001994317629020914,0.042249143403645634,0.008288351913643703,10
Iceland,2020-10-06,1.6435159060925395,2.2197048869293865,1.0883314799247272,1.9098387263445131,1.377088911400365,0.045833832979965315,0.001994317629020914,0.042249143403645634,0.008288351913643703,10
Iceland,2020-10-07,1.621306360608104,2.1971080857911343,1.0681963192543766,1.8889123710262483,1.3540273998743155,0.045833832979965315,0.001994317629020914,0.042249143403645634,0.008288351913643703,10
Iceland,2020-10-08,1.5800258862232102,2.1606579112505107,1.0165344933087257,1.8474714026827803,1.3128150527853901,0.045833832979965315,0.001994317629020914,0.042249143403645634,0.008288351913643703,10
Iceland,2020-10-09,1.527722286260364,2.1062865969347104,0.9691435093708419,1.789568424143546,1.2633593253290332,0.045833832979965315,0.001994317629020914,0.042249143403645634,0.008288351913643703,10
Iceland,2020-10-10,1.4570593178657194,2.028206687226835,0.9030364537681334,1.7206973152390286,1.1931335967432348,0.045833832979965315,0.001994317629020914,0.042249143403645634,0.008288351913643703,10
Iceland,2020-10-11,1.3875477407137469,1.9512604523412183,0.8238081596054211,1.6523175277264095,1.1254382771238396,0.045833832979965315,0.001994317629020914,0.042249143403645634,0.008288351913643703,10
Iceland,2020-10-12,1.3337856401849608,1.8979415840862726,0.7848243350836563,1.59875525302463,1.0691956751113516,0.045833832979965315,0.001994317629020914,0.042249143403645634,0.008288351913643703,10
Iceland,2020-10-13,1.2979003994371756,1.8694241342980458,0.7383149269606166,1.5603330965631688,1.0321507860313022,0.045833832979965315,0.001994317629020914,0.042249143403645634,0.008288351913643703,10
Iceland,2020-10-14,1.2582750168961834,1.8247207942745711,0.7027029174558501,1.522348877060615,0.9951440570439691,0.045833832979965315,0.001994317629020914,0.042249143403645634,0.008288351913643703,10
Iceland,2020-10-15,1.2114157238812242,1.7772920534179066,0.6444491023630203,1.4781540025395796,0.9488039936150257,0.045833832979965315,0.001994317629020914,0.042249143403645634,0.008288351913643703,10
Iceland,2020-10-16,1.1647733856928473,1.7254549870700355,0.5981020770321296,1.4289671394532237,0.9012670341925644,0.045833832979965315,0.001994317629020914,0.042249143403645634,0.008288351913643703,10
Iceland,2020-10-17,1.1133269386159994,1.676542693712576,0.5361267127122327,1.376208240707332,0.8521990224627436,0.045833832979965315,0.001994317629020914,0.042249143403645634,0.008288351913643703,10
Iceland,2020-10-18,1.0666612392819455,1.625186716308502,0.4883922536139249,1.3308793207394312,0.8023833358029212,0.045833832979965315,0.001994317629020914,0.042249143403645634,0.008288351913643703,10
Iceland,2020-10-19,1.0305362137068452,1.5847489629496496,0.4555280416145969,1.2963588543027351,0.7655513778253156,0.045833832979965315,0.001994317629020914,0.042249143403645634,0.008288351913643703,10
Iceland,2020-10-20,1.0086940181265074,1.567255492751133,0.44082115721356707,1.2755830866753333,0.7397584731047128,0.045833832979965315,0.001994317629020914,0.042249143403645634,0.008288351913643703,10
Iceland,2020-10-21,0.9713729924157232,1.5229762962809454,0.3973862782715184,1.238304893606064,0.7082574642094157,0.045833832979965315,0.001994317629020914,0.042249143403645634,0.008288351913643703,10
Iceland,2020-10-22,0.9523120688257887,1.5102858221372584,0.3874854736400498,1.2170127029354754,0.6878484836108487,0.045833832979965315,0.001994317629020914,0.042249143403645634,0.008288351913643703,10
Iceland,2020-10-23,0.9473968124098369,1.4998772643911744,0.3777272614942623,1.2145649928653475,0.6841297906502386,0.045833832979965315,0.001994317629020914,0.042249143403645634,0.008288351913643703,10
Iceland,2020-10-24,0.9562249777139713,1.5140760773744666,0.39579017982508624,1.2207205709072133,0.6918055797081988,0.045833832979965315,0.001994317629020914,0.042249143403645634,0.008288351913643703,10
Iceland,2020-10-25,0.9454926313571553,1.504580367976616,0.3843917316359484,1.2089897721037433,0.6833663533268514,0.045833832979965315,0.001994317629020914,0.042249143403645634,0.008288351913643703,10
Iceland,2020-10-26,0.9388246612507934,1.4980816574755855,0.3804609009720398,1.1973330524445864,0.6773657359704763,0.045833832979965315,0.001994317629020914,0.042249143403645634,0.008288351913643703,10
Iceland,2020-10-27,0.9344283373722141,1.4992760304943848,0.3715029268329354,1.195091271694358,0.6699171042182828,0.045833832979965315,0.001994317629020914,0.042249143403645634,0.008288351913643703,10
Iceland,2020-10-28,0.9201714951769817,1.4846007817354203,0.36269495120293316,1.18228552852941,0.6582056815959749,0.045833832979965315,0.001994317629020914,0.042249143403645634,0.008288351913643703,10
Iceland,2020-10-29,0.8829176990561035,1.451409725036845,0.3210448350538848,1.1466165793868803,0.6174058309383508,0.045833832979965315,0.001994317629020914,0.042249143403645634,0.008288351913643703,10
Iceland,2020-10-30,0.8513694832441345,1.4148161448122594,0.288713057854767,1.1128736918027786,0.5901602899577115,0.045833832979965315,0.001994317629020914,0.042249143403645634,0.008288351913643703,10
Iceland,2020-10-31,0.8029441129154621,1.3656839612282883,0.24346135735920105,1.066665156034096,0.5338268566150784,0.045833832979965315,0.001994317629020914,0.042249143403645634,0.008288351913643703,10
Iceland,2020-11-01,0.7460585045858062,1.3044974175535542,0.17811183402126995,1.0135483490502946,0.4821083916372385,0.045833832979965315,0.001994317629020914,0.042249143403645634,0.008288351913643703,10
Iceland,2020-11-02,0.7067545732826572,1.2615252056402955,0.13707807030320962,0.9730564410020043,0.4388042538782937,0.045833832979965315,0.001994317629020914,0.042249143403645634,0.008288351913643703,10
Iceland,2020-11-03,0.6658103862881691,1.2157758373082765,0.09108394668606656,0.9336590736558069,0.3978119937531295,0.045833832979965315,0.001994317629020914,0.042249143403645634,0.008288351913643703,10
Iceland,2020-11-04,0.6343500565907091,1.192413682356258,0.0640268381964888,0.9009839755419928,0.36614673500808625,0.045833832979965315,0.001994317629020914,0.042249143403645634,0.008288351913643703,10
Iceland,2020-11-05,0.6052068501142789,1.1634536089598182,0.026717979944552384,0.8762580391428102,0.3346466905675749,0.045833832979965315,0.001994317629020914,0.042249143403645634,0.008288351913643703,10
Iceland,2020-11-06,0.5791428215386976,1.1391643704681422,0.004685772731084947,0.8534061411384166,0.3105033886765194,0.045833832979965315,0.001994317629020914,0.042249143403645634,0.008288351913643703,10
Iceland,2020-11-07,0.5611391955511558,1.1198321342091722,0.0,0.8264534169031218,0.29648250429513723,0.045833832979965315,0.001994317629020914,0.042249143403645634,0.008288351913643703,10
Iceland,2020-11-08,0.5420447261639484,1.0990182369004076,0.0,0.81235884018794,0.2743771706005117,0.045833832979965315,0.001994317629020914,0.042249143403645634,0.008288351913643703,10
Iceland,2020-11-09,0.5331320542105837,1.0880299839815115,0.0,0.8016228214456425,0.26670876709769664,0.045833832979965315,0.001994317629020914,0.042249143403645634,0.008288351913643703,10
Iceland,2020-11-10,0.5227401349314922,1.082813977331017,0.0,0.7898836783808124,0.25384239972887923,0.045833832979965315,0.001994317629020914,0.042249143403645634,0.008288351913643703,10
Iceland,2020-11-11,0.5206356033116215,1.0835855196317372,0.0,0.7872228349691586,0.25533057664038017,0.045833832979965315,0.001994317629020914,0.042249143403645634,0.008288351913643703,10
Iceland,2020-11-12,0.5085456389678764,1.068677940145695,0.0,0.7741208637442282,0.23968461142582576,0.045833832979965315,0.001994317629020914,0.042249143403645634,0.008288351913643703,10
Iceland,2020-11-13,0.49867623473874,1.06448034564903,0.0,0.7637304554606765,0.23456475290127632,0.045833832979965315,0.001994317629020914,0.042249143403645634,0.008288351913643703,10
Iceland,2020-11-14,0.49784531899393003,1.054016508439985,0.0,0.7667976777210508,0.23157712955178744,0.045833832979965315,0.001994317629020914,0.042249143403645634,0.008288351913643703,10
Iceland,2020-11-15,0.49505614297363476,1.0556029435550254,0.0,0.7626318416223031,0.2303794241879098,0.045833832979965315,0.001994317629020914,0.042249143403645634,0.008288351913643703,10
Iceland,2020-11-16,0.5116896938799824,1.0643729163131561,0.0,0.778075516096872,0.24715424891144844,0.045833832979965315,0.001994317629020914,0.042249143403645634,0.008288351913643703,10
Iceland,2020-11-17,0.5209905534833276,1.0809825046374135,0.0,0.7883210471208386,0.25717621506763244,0.045833832979965315,0.001994317629020914,0.042249143403645634,0.008288351913643703,10
Iceland,2020-11-18,0.5390200503140293,1.0987448792744652,0.0,0.8019341745407329,0.27411286827882897,0.045833832979965315,0.001994317629020914,0.042249143403645634,0.008288351913643703,10
Iceland,2020-11-19,0.5599777318246185,1.118314877515886,0.0,0.8241326092335578,0.2925220405364555,0.045833832979965315,0.001994317629020914,0.042249143403645634,0.008288351913643703,10
Iceland,2020-11-20,0.5958978103229915,1.1598639456250979,0.029230100520111435,0.8643184423808539,0.32884458540144623,0.045833832979965315,0.001994317629020914,0.042249143403645634,0.008288351913643703,10
Iceland,2020-11-21,0.6192110667120598,1.1791780587605398,0.05449565039594162,0.8836804414535187,0.3573143538830592,0.045833832979965315,0.001994317629020914,0.042249143403645634,0.008288351913643703,10
Iceland,2020-11-22,0.6344566021418883,1.1946755942840088,0.06460721217265486,0.8953152451506499,0.36999829142631857,0.045833832979965315,0.001994317629020914,0.042249143403645634,0.008288351913643703,10
Iceland,2020-11-23,0.659034077635134,1.2161971200982427,0.09443435473248185,0.9231671377790784,0.3958495252115901,0.045833832979965315,0.001994317629020914,0.042249143403645634,0.008288351913643703,10
Iceland,2020-11-24,0.6862586092653702,1.2505387149326808,0.12693498826543514,0.9527274335882339,0.42467539529952014,0.045833832979965315,0.001994317629020914,0.042249143403645634,0.008288351913643703,10
Iceland,2020-11-25,0.7233986581104332,1.2928988312478382,0.16133264414989046,0.988022808140202,0.4602972759477909,0.045833832979965315,0.001994317629020914,0.042249143403645634,0.008288351913643703,10
Iceland,2020-11-26,0.7579576541966375,1.3172860728143514,0.19495777701099715,1.0246653112207205,0.49116203188577867,0.045833832979965315,0.001994317629020914,0.042249143403645634,0.008288351913643703,10
Iceland,2020-11-27,0.7973587217592768,1.3607752957508317,0.23498481866327547,1.0614575980678123,0.5299101927883203,0.045833832979965315,0.001994317629020914,0.042249143403645634,0.008288351913643703,10
Iceland,2020-11-28,0.8152791859615669,1.3740681802353114,0.25558081913165587,1.0819203951536838,0.5512521530030657,0.045833832979965315,0.001994317629020914,0.042249143403645634,0.008288351913643703,10
Iceland,2020-11-29,0.8118725147239978,1.3717525952120997,0.2519887671456468,1.076551665297058,0.5474369541200825,0.045833832979965315,0.001994317629020914,0.042249143403645634,0.008288351913643703,10
Iceland,2020-11-30,0.8180253394753259,1.3704726616590515,0.26051815434650316,1.0832477750896825,0.5535468240955739,0.045833832979965315,0.001994317629020914,0.042249143403645634,0.008288351913643703,10
Iceland,2020-12-01,0.8323301466153139,1.3972712895633752,0.2720248312089536,1.0954373806738786,0.5693447168649822,0.045833832979965315,0.001994317629020914,0.042249143403645634,0.008288351913643703,10
Iceland,2020-12-02,0.8305591582679178,1.3925083757192553,0.2748044638312761,1.0935833080296171,0.5677078016897803,0.045833832979965315,0.001994317629020914,0.042249143403645634,0.008288351913643703,10
Iceland,2020-12-03,0.8644169474911944,1.433607552434233,0.31581902654783955,1.1274252513094778,0.6010048939056626,0.045833832979965315,0.001994317629020914,0.042249143403645634,0.008288351913643703,10
Iceland,2020-12-04,0.8405320616357478,1.4029983817173535,0.29319682228389177,1.103663449234341,0.5786038267409347,0.045833832979965315,0.001994317629020914,0.042249143403645634,0.008288351913643703,10
Iceland,2020-12-05,0.8174829183563761,1.3840412781894438,0.26332558652417526,1.0807128068607432,0.5550672714049649,0.045833832979965315,0.001994317629020914,0.042249143403645634,0.008288351913643703,10
Iceland,2020-12-06,0.7962039215125595,1.361866639222429,0.233939518982054,1.0599954072074649,0.5328893942190642,0.045833832979965315,0.001994317629020914,0.042249143403645634,0.008288351913643703,10
Iceland,2020-12-07,0.79535356198406,1.3528558499148007,0.23048730628385994,1.0585106636783161,0.5306770529840165,0.045833832979965315,0.001994317629020914,0.042249143403645634,0.008288351913643703,10
Iceland,2020-12-08,0.7862468429333818,1.3538890671080295,0.22194099289271918,1.0511360076087581,0.5209838533442848,0.045833832979965315,0.001994317629020914,0.042249143403645634,0.008288351913643703,10
Iceland,2020-12-09,0.7842058195958073,1.3409439212650063,0.21467410805484022,1.0497196645854432,0.5174930669734634,0.045833832979965315,0.001994317629020914,0.042249143403645634,0.008288351913643703,10
Iceland,2020-12-10,0.7879574154888044,1.349489848194954,0.2206442924425147,1.0513846007383025,0.5228925312350563,0.045833832979965315,0.001994317629020914,0.042249143403645634,0.008288351913643703,10
Iceland,2020-12-11,0.7981645771198114,1.3539911965591007,0.2260450884134344,1.062187690207961,0.5344339089958045,0.045833832979965315,0.001994317629020914,0.042249143403645634,0.008288351913643703,10
Iceland,2020-12-12,0.7992126168740069,1.361407536250395,0.2352455919435057,1.0618925077688326,0.5362051673864257,0.045833832979965315,0.001994317629020914,0.042249143403645634,0.008288351913643703,10
Iceland,2020-12-13,0.7924426406335119,1.3536450530907693,0.21853537921143718,1.054931220206009,0.5284362214425231,0.045833832979965315,0.001994317629020914,0.042249143403645634,0.008288351913643703,10
Iceland,2020-12-14,0.8051997437577082,1.359312234379562,0.22994079914312504,1.0687128202277083,0.5409623851286104,0.045833832979965315,0.001994317629020914,0.042249143403645634,0.008288351913643703,10
Iceland,2020-12-15,0.8276883996250868,1.3808131978763796,0.2553009993482178,1.093923847877265,0.5659284310969049,0.045833832979965315,0.001994317629020914,0.042249143403645634,0.008288351913643703,10
Iceland,2020-12-16,0.8618615906414328,1.4234870908024124,0.2992055382350004,1.1238289633567067,0.5978525644510191,0.045833832979965315,0.001994317629020914,0.042249143403645634,0.008288351913643703,10
Iceland,2020-12-17,0.9054186294255094,1.4741638493746374,0.34044076285844094,1.1666694302989573,0.6408762153820122,0.045833832979965315,0.001994317629020914,0.042249143403645634,0.008288351913643703,10
Iceland,2020-12-18,0.9508833140941181,1.5276948316622514,0.3945579078003767,1.212201961254169,0.6855721405120839,0.045833832979965315,0.001994317629020914,0.042249143403645634,0.008288351913643703,10
Iceland,2020-12-19,0.9796733574310709,1.5570749787903149,0.4214885205575085,1.2467657156262764,0.7108743669076566,0.045833832979965315,0.001994317629020914,0.042249143403645634,0.008288351913643703,10
Iceland,2020-12-20,0.9885553609897758,1.5649632626611654,0.4234480624546213,1.2573568812152516,0.7222015647122575,0.045833832979965315,0.001994317629020914,0.042249143403645634,0.008288351913643703,10
Iceland,2020-12-21,0.9674713331125888,1.5404048785130668,0.39971161259301846,1.235578562570526,0.6974091539854307,0.045833832979965315,0.001994317629020914,0.042249143403645634,0.008288351913643703,10
Iceland,2020-12-22,0.941985595976014,1.5099840216662697,0.36915741735033336,1.209849471304123,0.6740849025417098,0.045833832979965315,0.001994317629020914,0.042249143403645634,0.008288351913643703,10
Iceland,2020-12-23,0.9216505440013757,1.4879190260209287,0.34529360592785197,1.1890438328347968,0.6526513031929082,0.045833832979965315,0.001994317629020914,0.042249143403645634,0.008288351913643703,10
Iceland,2020-12-24,0.8877961232130147,1.4515290569869672,0.3132635421997413,1.1552758720070355,0.619405685412211,0.045833832979965315,0.001994317629020914,0.042249143403645634,0.008288351913643703,10
Iceland,2020-12-25,0.8907360269001869,1.4453012353078079,0.3175284609802168,1.1573920086940335,0.6227624329096982,0.045833832979965315,0.001994317629020914,0.042249143403645634,0.008288351913643703,10
Iceland,2020-12-26,0.9285529130833854,1.4876244159154786,0.35519999438067085,1.1958734274601444,0.6605661712180017,0.045833832979965315,0.001994317629020914,0.042249143403645634,0.008288351913643703,10
Iceland,2020-12-27,1.0066559391030656,1.5743059188149022,0.4393352996925468,1.271914069117184,0.743065742808342,0.045833832979965315,0.001994317629020914,0.042249143403645634,0.008288351913643703,10
Iceland,2020-12-28,1.1273857236730789,1.7249720557729553,0.5642204969979714,1.3997007841883922,0.8568760622176455,0.045833832979965315,0.001994317629020914,0.042249143403645634,0.008288351913643703,10
Iceland,2020-12-29,1.0885757810623842,1.6765349088634065,0.5271148953606468,1.3530416409524155,0.8199657741024142,0.045833832979965315,0.001994317629020914,0.042249143403645634,0.008288351913643703,10
Iceland,2020-12-30,1.0607934306438105,1.6261741393408817,0.5042174041588512,1.3291336132326563,0.7916780744974147,0.045833832979965315,0.001994317629020914,0.042249143403645634,0.008288351913643703,10
Iceland,2020-12-31,1.0160467221656027,1.5810119853372195,0.4547672289413419,1.2803818297818166,0.7512408015838548,0.045833832979965315,0.001994317629020914,0.042249143403645634,0.008288351913643703,10
Iceland,2021-01-01,1.0144017040111282,1.5706759733051634,0.45055578666004625,1.2825071031026614,0.7490641873213664,0.045833832979965315,0.001994317629020914,0.042249143403645634,0.008288351913643703,10
Iceland,2021-01-02,1.0527381621313123,1.6124835760757186,0.49468645174480264,1.3193548953622358,0.7878430957179015,0.045833832979965315,0.001994317629020914,0.042249143403645634,0.008288351913643703,10
Iceland,2021-01-03,1.1379203611580682,1.7096453087006311,0.5816114215806292,1.4050425328489164,0.86809841275234,0.045833832979965315,0.001994317629020914,0.042249143403645634,0.008288351913643703,10
Iceland,2021-01-04,1.2674450130086907,1.8805143556361932,0.6995302760140152,1.546495485808002,0.9897261103077076,0.045833832979965315,0.001994317629020914,0.042249143403645634,0.008288351913643703,10
Iceland,2021-01-05,1.2462466525857556,1.854500216612513,0.6743848966532169,1.5235577507655145,0.9717960396489189,0.045833832979965315,0.001994317629020914,0.042249143403645634,0.008288351913643703,10
Iceland,2021-01-06,1.2199791370450652,1.8264626193691518,0.6502300274677546,1.497584856651884,0.9430627117882499,0.045833832979965315,0.001994317629020914,0.042249143403645634,0.008288351913643703,10
Iceland,2021-01-07,1.1692420792383742,1.7664796414267783,0.6040563189707838,1.4431393624021525,0.8947112913902653,0.045833832979965315,0.001994317629020914,0.042249143403645634,0.008288351913643703,10
Iceland,2021-01-08,1.1327327152081546,1.7237333769422438,0.5650519293017369,1.4070889114958827,0.859218984079974,0.045833832979965315,0.001994317629020914,0.042249143403645634,0.008288351913643703,10
Iceland,2021-01-09,1.0676450284382328,1.637791503642691,0.5060278386717314,1.3341141373019776,0.79959717937612,0.045833832979965315,0.001994317629020914,0.042249143403645634,0.008288351913643703,10
Iceland,2021-01-10,1.0111137942317063,1.5818019524210973,0.45833777371828677,1.276156544711087,0.7431673247287028,0.045833832979965315,0.001994317629020914,0.042249143403645634,0.008288351913643703,10
Iceland,2021-01-11,0.9641576239271463,1.5267759902043858,0.4071898775368512,1.2266690292138271,0.6990096062615789,0.045833832979965315,0.001994317629020914,0.042249143403645634,0.008288351913643703,10
Iceland,2021-01-12,0.9345485627042619,1.5019482345396011,0.38383314509265587,1.1953476095354951,0.670586394850176,0.045833832979965315,0.001994317629020914,0.042249143403645634,0.008288351913643703,10
Iceland,2021-01-13,0.8969197732598813,1.45806042897778,0.33728485080519655,1.1600274056166047,0.6358728406322112,0.045833832979965315,0.001994317629020914,0.042249143403645634,0.008288351913643703,10
Iceland,2021-01-14,0.8228970505647688,1.380734154416137,0.260248913877403,1.0877633946501413,0.5584990049926375,0.045833832979965315,0.001994317629020914,0.042249143403645634,0.008288351913643703,10
Iceland,2021-01-15,0.7434774752074682,1.2956799514854818,0.1710061975989816,1.0113816511681775,0.48076619521695274,0.045833832979965315,0.001994317629020914,0.042249143403645634,0.008288351913643703,10
Iceland,2021-01-16,0.6719100919149805,1.2290645110484475,0.10435687794908965,0.9396727462508062,0.40479762937035946,0.045833832979965315,0.001994317629020914,0.042249143403645634,0.008288351913643703,10
Iceland,2021-01-17,0.6289649121269084,1.189241236783755,0.059668190917462116,0.8963994806943422,0.36057039534425817,0.045833832979965315,0.001994317629020914,0.042249143403645634,0.008288351913643703,10
Iceland,2021-01-18,0.6115245357768739,1.1752549669766308,0.04138141942085127,0.874159721350477,0.3472294607733928,0.045833832979965315,0.001994317629020914,0.042249143403645634,0.008288351913643703,10
Iceland,2021-01-19,0.5639947755969101,1.1287067802396866,0.0,0.8321165183783452,0.2999110868877982,0.045833832979965315,0.001994317629020914,0.042249143403645634,0.008288351913643703,10
Iceland,2021-01-20,0.5417384356828597,1.103126671204133,0.0,0.8037829350542289,0.2776614872806179,0.045833832979965315,0.001994317629020914,0.042249143403645634,0.008288351913643703,10
Iceland,2021-01-21,0.5180415462176196,1.0737382677715217,0.0,0.7855907207090915,0.25283636106597196,0.045833832979965315,0.001994317629020914,0.042249143403645634,0.008288351913643703,10
Iceland,2021-01-22,0.48986359759472864,1.049170060649153,0.0,0.7583958151849008,0.2215793741799078,0.045833832979965315,0.001994317629020914,0.042249143403645634,0.008288351913643703,10
Iceland,2021-01-23,0.4795561316000695,1.0395954124158815,0.0,0.7463862311132354,0.21589506153428928,0.045833832979965315,0.001994317629020914,0.042249143403645634,0.008288351913643703,10
Iceland,2021-01-24,0.4885512331500693,1.0483221979635025,0.0,0.7569953119260567,0.22194757532989684,0.045833832979965315,0.001994317629020914,0.042249143403645634,0.008288351913643703,10
Iceland,2021-01-25,0.5182024524386507,1.075898566432982,0.0,0.7847808782331444,0.2517886176680646,0.045833832979965315,0.001994317629020914,0.042249143403645634,0.008288351913643703,10
Iceland,2021-01-26,0.5147912919386207,1.0792158829212042,0.0,0.7813558769747724,0.24830615515409804,0.045833832979965315,0.001994317629020914,0.042249143403645634,0.008288351913643703,10
Iceland,2021-01-27,0.5197991719469597,1.0710184744771867,0.0,0.7854491643252783,0.25340306164399506,0.045833832979965315,0.001994317629020914,0.042249143403645634,0.008288351913643703,10
Iceland,2021-01-28,0.4929137683851118,1.048146023954431,0.0,0.7580053023819985,0.22879582802562548,0.045833832979965315,0.001994317629020914,0.042249143403645634,0.008288351913643703,10
Iceland,2021-01-29,0.4784119108087056,1.0373059704645358,0.0,0.7453450821574918,0.21087243353790763,0.045833832979965315,0.001994317629020914,0.042249143403645634,0.008288351913643703,10
Iceland,2021-01-30,0.4781821202914077,1.0381199762508337,0.0,0.7447760057171187,0.21123170554585768,0.045833832979965315,0.001994317629020914,0.042249143403645634,0.008288351913643703,10
Iceland,2021-01-31,0.497739257460868,1.0528433397359487,0.0,0.7668830545866258,0.22863052116144078,0.045833832979965315,0.001994317629020914,0.042249143403645634,0.008288351913643703,10
Iceland,2021-02-01,0.5376537618995126,1.1040988134343337,0.0,0.8049982192445667,0.27181451208254814,0.045833832979965315,0.001994317629020914,0.042249143403645634,0.008288351913643703,10
Iceland,2021-02-02,0.5355461642799337,1.100824290778454,0.0,0.8001733014887562,0.2663373857310859,0.045833832979965315,0.001994317629020914,0.042249143403645634,0.008288351913643703,10
Iceland,2021-02-03,0.5355187216695747,1.1069115852758273,0.0,0.8075751082788442,0.26220655037290763,0.045833832979965315,0.001994317629020914,0.042249143403645634,0.008288351913643703,10
Iceland,2021-02-04,0.5383018759016013,1.1210910861573624,0.0,0.8147354653481111,0.26362725722994396,0.045833832979965315,0.001994317629020914,0.042249143403645634,0.008288351913643703,10
Iceland,2021-02-05,0.5363217859407906,1.1208709917014,0.0,0.8158231443229879,0.25657505438082917,0.045833832979965315,0.001994317629020914,0.042249143403645634,0.008288351913643703,10
Iceland,2021-02-06,0.5052045851143061,1.1026082172208322,0.0,0.7910252369877263,0.2210743609008332,0.045833832979965315,0.001994317629020914,0.042249143403645634,0.008288351913643703,10
Iceland,2021-02-07,0.49339577718558714,1.113357465498219,0.0,0.7883047553522244,0.20010621178988042,0.045833832979965315,0.001994317629020914,0.042249143403645634,0.008288351913643703,10
Iceland,2021-02-08,0.5033926608565578,1.15756439407562,0.0,0.8082504527540033,0.19741026646585647,0.045833832979965315,0.001994317629020914,0.042249143403645634,0.008288351913643703,10
Iceland,2021-02-09,0.5118067809720294,1.1696680119419833,0.0,0.8252439112093066,0.1991169046485155,0.045833832979965315,0.001994317629020914,0.042249143403645634,0.008288351913643703,10
Iceland,2021-02-10,0.5216983188162596,1.1774911261649,0.0,0.8311982196942699,0.21209401086033897,0.045833832979965315,0.001994317629020914,0.042249143403645634,0.008288351913643703,10
Iceland,2021-02-11,0.537732146949391,1.1946234994352591,0.0,0.8538294395076323,0.22174921688620752,0.045833832979965315,0.001994317629020914,0.042249143403645634,0.008288351913643703,10
Iceland,2021-02-12,0.5791612261476834,1.2620757317815416,0.0,0.9044677350217242,0.25511583891266076,0.045833832979965315,0.001994317629020914,0.042249143403645634,0.008288351913643703,10
Iceland,2021-02-13,0.5363502779620872,1.2491754625209932,0.0,0.8816260458915114,0.19334732164594892,0.045833832979965315,0.001994317629020914,0.042249143403645634,0.008288351913643703,10
Iceland,2021-02-14,0.5153142696718496,1.2902521607170645,0.0,0.8872815104565921,0.14830880555728676,0.045833832979965315,0.001994317629020914,0.042249143403645634,0.008288351913643703,10
India,2020-03-15,2.2833947658224076,2.618709006734669,1.9078240605123034,2.4509103084040222,2.1174225178458954,0.03329737891892392,0.004310221089877109,0.017488550283660614,0.002293621805002286,10
India,2020-03-16,2.3036833710565245,2.6197591468271497,1.9539294222925858,2.4611197182536824,2.1480294881310167,0.03329737891892392,0.004310221089877109,0.017488550283660614,0.002293621805002286,10
India,2020-03-17,2.3528627391554826,2.649205276064361,2.035523814584555,2.498345209108991,2.2094849347164054,0.03329737891892392,0.004310221089877109,0.017488550283660614,0.002293621805002286,10
India,2020-03-18,2.4026825853044045,2.6861520014275913,2.110726802858725,2.5374508275872483,2.2664796593017895,0.03329737891892392,0.004310221089877109,0.017488550283660614,0.002293621805002286,10
India,2020-03-19,2.472664761708729,2.753079792092925,2.198984493036475,2.6040357880637437,2.340793449994176,0.03329737891892392,0.004310221089877109,0.017488550283660614,0.002293621805002286,10
India,2020-03-20,2.527238535397412,2.8105923619292836,2.2556516055034916,2.659259727695128,2.393871515818906,0.03329737891892392,0.004310221089877109,0.017488550283660614,0.002293621805002286,10
India,2020-03-21,2.5652937373647284,2.8586872684559683,2.291068600840981,2.6987625229797225,2.43136477879165,0.03329737891892392,0.004310221089877109,0.017488550283660614,0.002293621805002286,10
India,2020-03-22,2.5631837560005017,2.8527041681439456,2.290798481432054,2.693199286621569,2.430896806943185,0.03329737891892392,0.004310221089877109,0.017488550283660614,0.002293621805002286,10
India,2020-03-23,2.5591841179879555,2.8425262164982072,2.2965925724851717,2.686236438113668,2.4298711808795894,0.03329737891892392,0.004310221089877109,0.017488550283660614,0.002293621805002286,10
India,2020-03-24,2.537200225592623,2.8060895887087685,2.280885993236631,2.661301006175411,2.4121878834430337,0.03329737891892392,0.004310221089877109,0.017488550283660614,0.002293621805002286,10
India,2020-03-25,2.5426035741529027,2.8111020561727376,2.2876043910853587,2.6681985350856565,2.4184041490417343,0.03329737891892392,0.004310221089877109,0.017488550283660614,0.002293621805002286,10
India,2020-03-26,2.534140014504237,2.7986764313242216,2.281847999309922,2.6573269520046314,2.410490011397803,0.03329737891892392,0.004310221089877109,0.017488550283660614,0.002293621805002286,10
India,2020-03-27,2.5432421043531637,2.8119140216546885,2.2903237116831647,2.665897697032212,2.419258011201349,0.03329737891892392,0.004310221089877109,0.017488550283660614,0.002293621805002286,10
India,2020-03-28,2.5364808682319664,2.802551792550209,2.285342221365661,2.659652277444574,2.4124470379227234,0.03329737891892392,0.004310221089877109,0.017488550283660614,0.002293621805002286,10
India,2020-03-29,2.5463051239388594,2.816032385328392,2.2909024612183746,2.671211210681924,2.421704899965346,0.03329737891892392,0.004310221089877109,0.017488550283660614,0.002293621805002286,10
India,2020-03-30,2.589981052635101,2.8800998475175406,2.320012527982821,2.7250668635301167,2.4562121529833485,0.03329737891892392,0.004310221089877109,0.017488550283660614,0.002293621805002286,10
India,2020-03-31,2.6122880438711813,2.9211165001645,2.332494903473123,2.7546036266766847,2.46910230731897,0.03329737891892392,0.004310221089877109,0.017488550283660614,0.002293621805002286,10
India,2020-04-01,2.648126745817258,2.992825123540312,2.3494351800922013,2.8015467138013173,2.4941562059052167,0.03329737891892392,0.004310221089877109,0.017488550283660614,0.002293621805002286,10
India,2020-04-02,2.6063120232530137,2.937698494200305,2.3203604328794816,2.752238622984927,2.4582511152932116,0.03329737891892392,0.004310221089877109,0.017488550283660614,0.002293621805002286,10
India,2020-04-03,2.5401632531209026,2.837155730483091,2.2729224330807285,2.6743138540163516,2.4042759107790768,0.03329737891892392,0.004310221089877109,0.017488550283660614,0.002293621805002286,10
India,2020-04-04,2.5170014732493504,2.8171685482306694,2.250605035898003,2.6515317460621723,2.3818054853104917,0.03329737891892392,0.004310221089877109,0.017488550283660614,0.002293621805002286,10
India,2020-04-05,2.4825013305590495,2.7815045136365946,2.2178865256621916,2.615301960871077,2.3499927699329937,0.03329737891892392,0.004310221089877109,0.017488550283660614,0.002293621805002286,10
India,2020-04-06,2.4462016982990065,2.738922398480673,2.187163115153579,2.576846698484329,2.3153500578291633,0.03329737891892392,0.004310221089877109,0.017488550283660614,0.002293621805002286,10
India,2020-04-07,2.3625854136956734,2.6289975607509266,2.119477032957132,2.4829040845409858,2.240702101427028,0.03329737891892392,0.004310221089877109,0.017488550283660614,0.002293621805002286,10
India,2020-04-08,2.291691846720612,2.5468531438030606,2.053581415243092,2.4063275449806856,2.1769269084714287,0.03329737891892392,0.004310221089877109,0.017488550283660614,0.002293621805002286,10
India,2020-04-09,2.2303049923992706,2.4747142665090704,1.9950391165400645,2.3441930540725098,2.117072397079342,0.03329737891892392,0.004310221089877109,0.017488550283660614,0.002293621805002286,10
India,2020-04-10,2.169627035815156,2.407789598695821,1.933483473274055,2.2820493421479333,2.058748172871563,0.03329737891892392,0.004310221089877109,0.017488550283660614,0.002293621805002286,10
India,2020-04-11,2.1110284358658533,2.3463249865041655,1.870240738718607,2.221799438451246,2.0011192551191543,0.03329737891892392,0.004310221089877109,0.017488550283660614,0.002293621805002286,10
India,2020-04-12,2.0557878212622813,2.2906588171039006,1.809666758563746,2.1682801820608284,1.943714648414974,0.03329737891892392,0.004310221089877109,0.017488550283660614,0.002293621805002286,10
India,2020-04-13,2.0099891545647655,2.2436355797793084,1.7637241702890156,2.1236422434139826,1.8973473916703716,0.03329737891892392,0.004310221089877109,0.017488550283660614,0.002293621805002286,10
India,2020-04-14,1.957540549939282,2.192465261659808,1.704257274522887,2.072495120388717,1.844889730459371,0.03329737891892392,0.004310221089877109,0.017488550283660614,0.002293621805002286,10
India,2020-04-15,1.909560328830222,2.1457190294178368,1.6513369451017588,2.025986355549329,1.7942704025340301,0.03329737891892392,0.004310221089877109,0.017488550283660614,0.002293621805002286,10
India,2020-04-16,1.8723333805570894,2.108726865187431,1.613174394294832,1.989410178949821,1.7575473003477085,0.03329737891892392,0.004310221089877109,0.017488550283660614,0.002293621805002286,10
India,2020-04-17,1.8372354747249156,2.0731617887323788,1.5799007532093845,1.9547754790123384,1.7211725102057822,0.03329737891892392,0.004310221089877109,0.017488550283660614,0.002293621805002286,10
India,2020-04-18,1.8114341215961534,2.04939344246319,1.5553343576063994,1.9282419517458365,1.6951397571461992,0.03329737891892392,0.004310221089877109,0.017488550283660614,0.002293621805002286,10
India,2020-04-19,1.7838420734547813,2.0235636607528384,1.5292224303295396,1.9003145381254787,1.6674942169157205,0.03329737891892392,0.004310221089877109,0.017488550283660614,0.002293621805002286,10
India,2020-04-20,1.7454675906271697,1.9827437009003546,1.48422120407951,1.8636948234028519,1.6276699703882023,0.03329737891892392,0.004310221089877109,0.017488550283660614,0.002293621805002286,10
India,2020-04-21,1.7189778128512674,1.9591597683918303,1.4604149688883745,1.8381344455771589,1.600060275557298,0.03329737891892392,0.004310221089877109,0.017488550283660614,0.002293621805002286,10
India,2020-04-22,1.6928565651269256,1.932742265885235,1.4313528623251468,1.8120725475070327,1.5746023123141835,0.03329737891892392,0.004310221089877109,0.017488550283660614,0.002293621805002286,10
India,2020-04-23,1.6720145270258082,1.9128296472978459,1.4109341750650586,1.7915383188124643,1.5524512958645738,0.03329737891892392,0.004310221089877109,0.017488550283660614,0.002293621805002286,10
India,2020-04-24,1.6517458672539596,1.8914897030613813,1.391213618753123,1.7706925342130835,1.5320364167516907,0.03329737891892392,0.004310221089877109,0.017488550283660614,0.002293621805002286,10
India,2020-04-25,1.6355175428606814,1.8785023702221264,1.3751112648248236,1.7558776747965545,1.516673508881425,0.03329737891892392,0.004310221089877109,0.017488550283660614,0.002293621805002286,10
India,2020-04-26,1.6192391997644255,1.8595333901194318,1.3568074682569744,1.737912928068505,1.5006187294281244,0.03329737891892392,0.004310221089877109,0.017488550283660614,0.002293621805002286,10
India,2020-04-27,1.606597838830195,1.8449953917834785,1.3457148508543322,1.7245835380899077,1.4892277888499001,0.03329737891892392,0.004310221089877109,0.017488550283660614,0.002293621805002286,10
India,2020-04-28,1.5996189218829384,1.8397490892405153,1.341619584648765,1.716855174518018,1.4829773944920912,0.03329737891892392,0.004310221089877109,0.017488550283660614,0.002293621805002286,10
India,2020-04-29,1.5948176484559697,1.8332322894459865,1.3391388404423241,1.7109569250522818,1.4788940071509085,0.03329737891892392,0.004310221089877109,0.017488550283660614,0.002293621805002286,10
India,2020-04-30,1.5940324288985026,1.8341080712358084,1.3413116550553923,1.7091163464639052,1.4796711170754189,0.03329737891892392,0.004310221089877109,0.017488550283660614,0.002293621805002286,10
India,2020-05-01,1.5971693600783827,1.834913391828172,1.347405259676841,1.7108126506041503,1.4841314660107285,0.03329737891892392,0.004310221089877109,0.017488550283660614,0.002293621805002286,10
India,2020-05-02,1.5987667851073972,1.8384611886915176,1.353298968166706,1.7116690439166469,1.4867556888379954,0.03329737891892392,0.004310221089877109,0.017488550283660614,0.002293621805002286,10
India,2020-05-03,1.6003372503822115,1.8395372162541082,1.3584528100177529,1.71270124263441,1.4880640179438371,0.03329737891892392,0.004310221089877109,0.017488550283660614,0.002293621805002286,10
India,2020-05-04,1.5988181569276099,1.8370908131918666,1.3584050062330437,1.7119305856575457,1.486326450931339,0.03329737891892392,0.004310221089877109,0.017488550283660614,0.002293621805002286,10
India,2020-05-05,1.5852795099723904,1.821611281684792,1.3487533017323763,1.698641104622408,1.4733257898576804,0.03329737891892392,0.004310221089877109,0.017488550283660614,0.002293621805002286,10
India,2020-05-06,1.5728187018693105,1.8089146174311552,1.3328440729720317,1.6864734969820478,1.4598263447601754,0.03329737891892392,0.004310221089877109,0.017488550283660614,0.002293621805002286,10
India,2020-05-07,1.5559633022336783,1.7951775725697,1.3173146862273268,1.6685979008445597,1.4429618988721555,0.03329737891892392,0.004310221089877109,0.017488550283660614,0.002293621805002286,10
India,2020-05-08,1.5397162196515044,1.7777593783612626,1.3002644351672101,1.6538252435534933,1.4261904658802478,0.03329737891892392,0.004310221089877109,0.017488550283660614,0.002293621805002286,10
India,2020-05-09,1.5249356420714941,1.76320179905588,1.283537241517871,1.6381430275640905,1.412087911182957,0.03329737891892392,0.004310221089877109,0.017488550283660614,0.002293621805002286,10
India,2020-05-10,1.5150068649935975,1.7516886091795194,1.2727623611164722,1.628052143524973,1.4014376169585607,0.03329737891892392,0.004310221089877109,0.017488550283660614,0.002293621805002286,10
India,2020-05-11,1.5004264130322826,1.7364986497813326,1.2563832583151655,1.614513753006615,1.3874671775260112,0.03329737891892392,0.004310221089877109,0.017488550283660614,0.002293621805002286,10
India,2020-05-12,1.4871769393521315,1.7241458547953616,1.2442916062446656,1.600538600183436,1.3740497139847416,0.03329737891892392,0.004310221089877109,0.017488550283660614,0.002293621805002286,10
India,2020-05-13,1.4786759960203946,1.7149789491651513,1.2347052003282095,1.591008158487517,1.3652094325754518,0.03329737891892392,0.004310221089877109,0.017488550283660614,0.002293621805002286,10
India,2020-05-14,1.4733929835381683,1.7078737304076643,1.2299374755120376,1.5864949799049786,1.35902995703823,0.03329737891892392,0.004310221089877109,0.017488550283660614,0.002293621805002286,10
India,2020-05-15,1.4688259366673595,1.7052886021968223,1.2248620740293141,1.5816348648886946,1.3551936505423372,0.03329737891892392,0.004310221089877109,0.017488550283660614,0.002293621805002286,10
India,2020-05-16,1.46886209131255,1.7051020941063126,1.2295011049526847,1.582447731090558,1.354441149691251,0.03329737891892392,0.004310221089877109,0.017488550283660614,0.002293621805002286,10
India,2020-05-17,1.4673294687555818,1.7025312910474801,1.2269830057207067,1.5794500055989014,1.355239875998743,0.03329737891892392,0.004310221089877109,0.017488550283660614,0.002293621805002286,10
India,2020-05-18,1.463974463079837,1.7010430395020506,1.220046115003448,1.5780372126002729,1.3507812305284388,0.03329737891892392,0.004310221089877109,0.017488550283660614,0.002293621805002286,10
India,2020-05-19,1.4619940009901278,1.6987686619725997,1.2223157792993276,1.5762602147213869,1.3473396884343931,0.03329737891892392,0.004310221089877109,0.017488550283660614,0.002293621805002286,10
India,2020-05-20,1.4563782151461582,1.6956852891089675,1.2125257716383637,1.5705285592657485,1.3419578645610675,0.03329737891892392,0.004310221089877109,0.017488550283660614,0.002293621805002286,10
India,2020-05-21,1.4512532610871216,1.6909278422918865,1.2132226323703612,1.564572764990586,1.3381935860939103,0.03329737891892392,0.004310221089877109,0.017488550283660614,0.002293621805002286,10
India,2020-05-22,1.4441252180555864,1.6796448158182433,1.206785896261473,1.5578282356535715,1.331291101624543,0.03329737891892392,0.004310221089877109,0.017488550283660614,0.002293621805002286,10
India,2020-05-23,1.4357002153584317,1.6757536244915991,1.1972981967556198,1.5484208883928443,1.3239179642809562,0.03329737891892392,0.004310221089877109,0.017488550283660614,0.002293621805002286,10
India,2020-05-24,1.4262354573830354,1.6662066699983265,1.1895822862855376,1.538674939461789,1.3147618059762105,0.03329737891892392,0.004310221089877109,0.017488550283660614,0.002293621805002286,10
India,2020-05-25,1.4154637972414519,1.6559871261083219,1.1746916983668168,1.5266838376051837,1.303965157191391,0.03329737891892392,0.004310221089877109,0.017488550283660614,0.002293621805002286,10
India,2020-05-26,1.4058316243975475,1.6437384234714467,1.1657129319338755,1.5180020264179177,1.2936153968638364,0.03329737891892392,0.004310221089877109,0.017488550283660614,0.002293621805002286,10
India,2020-05-27,1.4010602151014873,1.6400125857716676,1.1592594358436372,1.5138452383161947,1.2888602229491715,0.03329737891892392,0.004310221089877109,0.017488550283660614,0.002293621805002286,10
India,2020-05-28,1.3960366933965163,1.6336681108322946,1.1532957591090582,1.5086900933208947,1.285228782274984,0.03329737891892392,0.004310221089877109,0.017488550283660614,0.002293621805002286,10
India,2020-05-29,1.3914386648013846,1.6286011395495716,1.1477291863856969,1.5033690630194583,1.2798843529987165,0.03329737891892392,0.004310221089877109,0.017488550283660614,0.002293621805002286,10
India,2020-05-30,1.3857651934363047,1.6247785231352019,1.1462197478384184,1.4967905766566352,1.2752249732165533,0.03329737891892392,0.004310221089877109,0.017488550283660614,0.002293621805002286,10
India,2020-05-31,1.3788316576297648,1.613761936078197,1.1371238516249438,1.490554579582087,1.2674535801217846,0.03329737891892392,0.004310221089877109,0.017488550283660614,0.002293621805002286,10
India,2020-06-01,1.370722510651208,1.6072657793269074,1.1291599277170612,1.4823644165269476,1.2585162109504653,0.03329737891892392,0.004310221089877109,0.017488550283660614,0.002293621805002286,10
India,2020-06-02,1.3651673243209363,1.600334052623456,1.124509465944735,1.4776851240502065,1.2532922588967266,0.03329737891892392,0.004310221089877109,0.017488550283660614,0.002293621805002286,10
India,2020-06-03,1.3595838433299676,1.5993758792607746,1.1170997385957047,1.4720470322573047,1.2468798480113934,0.03329737891892392,0.004310221089877109,0.017488550283660614,0.002293621805002286,10
India,2020-06-04,1.3528407521012267,1.5935060284992044,1.1124652633576841,1.4652977046408329,1.2402743346452345,0.03329737891892392,0.004310221089877109,0.017488550283660614,0.002293621805002286,10
India,2020-06-05,1.3446907942175332,1.5831369450536514,1.1029085968648307,1.457396309910921,1.2330713577480854,0.03329737891892392,0.004310221089877109,0.017488550283660614,0.002293621805002286,10
India,2020-06-06,1.337310349951586,1.5733196465706132,1.0947071090489386,1.44995268982954,1.2243757051706867,0.03329737891892392,0.004310221089877109,0.017488550283660614,0.002293621805002286,10
India,2020-06-07,1.3286842907427223,1.5678119902688588,1.0858867065035436,1.4416712302839882,1.216432504436134,0.03329737891892392,0.004310221089877109,0.017488550283660614,0.002293621805002286,10
India,2020-06-08,1.3197206307387344,1.5598836831582323,1.0731872030540928,1.4316541578988962,1.2066236970756743,0.03329737891892392,0.004310221089877109,0.017488550283660614,0.002293621805002286,10
India,2020-06-09,1.3150594766151995,1.5525027284015556,1.0708206922830703,1.4264218535590463,1.2026061078651948,0.03329737891892392,0.004310221089877109,0.017488550283660614,0.002293621805002286,10
India,2020-06-10,1.3113475437557311,1.5513205026542212,1.0670881523057947,1.423578128686762,1.1993785965423593,0.03329737891892392,0.004310221089877109,0.017488550283660614,0.002293621805002286,10
India,2020-06-11,1.3088366198130388,1.547530215564485,1.0653603165987298,1.4219974323349032,1.1976180416590854,0.03329737891892392,0.004310221089877109,0.017488550283660614,0.002293621805002286,10
India,2020-06-12,1.3065999273908868,1.542577446557948,1.063372168977054,1.418860113014984,1.1935392074102587,0.03329737891892392,0.004310221089877109,0.017488550283660614,0.002293621805002286,10
India,2020-06-13,1.3039829664704277,1.5410390458711813,1.0606583508238865,1.4159286747110786,1.1905906846290646,0.03329737891892392,0.004310221089877109,0.017488550283660614,0.002293621805002286,10
India,2020-06-14,1.3020990246562147,1.5392462115665526,1.0593893664130332,1.4147634706330505,1.1904907953135286,0.03329737891892392,0.004310221089877109,0.017488550283660614,0.002293621805002286,10
India,2020-06-15,1.3008741966133803,1.538217284528579,1.0551101623171346,1.4134777151682167,1.1887955991156267,0.03329737891892392,0.004310221089877109,0.017488550283660614,0.002293621805002286,10
India,2020-06-16,1.3025861777041055,1.5388292464341702,1.059272748466836,1.414163945031553,1.190838330179605,0.03329737891892392,0.004310221089877109,0.017488550283660614,0.002293621805002286,10
India,2020-06-17,1.3070752837696884,1.54482661594812,1.0662332096566087,1.4179016217520581,1.1964476424074462,0.03329737891892392,0.004310221089877109,0.017488550283660614,0.002293621805002286,10
India,2020-06-18,1.3118150692982231,1.5476294871708849,1.0732277903520433,1.4231285974926067,1.2003958563966866,0.03329737891892392,0.004310221089877109,0.017488550283660614,0.002293621805002286,10
India,2020-06-19,1.3160003921231742,1.552134748960609,1.0793543512231305,1.4268983160977518,1.205984389602298,0.03329737891892392,0.004310221089877109,0.017488550283660614,0.002293621805002286,10
India,2020-06-20,1.3187910885126741,1.5523102522960068,1.084093934946761,1.4302152820303062,1.2082839334630957,0.03329737891892392,0.004310221089877109,0.017488550283660614,0.002293621805002286,10
India,2020-06-21,1.319170320964401,1.5554330214988301,1.0822667057443838,1.4305345009742174,1.2082328660119723,0.03329737891892392,0.004310221089877109,0.017488550283660614,0.002293621805002286,10
India,2020-06-22,1.3202094827804656,1.5580358663630847,1.083765827906832,1.4321192176341764,1.2088115112900404,0.03329737891892392,0.004310221089877109,0.017488550283660614,0.002293621805002286,10
India,2020-06-23,1.321542361230154,1.5577899081957391,1.0857611086686974,1.4329259968454418,1.210534526740634,0.03329737891892392,0.004310221089877109,0.017488550283660614,0.002293621805002286,10
India,2020-06-24,1.322565972825827,1.5584952667746126,1.086541647305983,1.4345455401332114,1.2110985596241397,0.03329737891892392,0.004310221089877109,0.017488550283660614,0.002293621805002286,10
India,2020-06-25,1.323466003157688,1.5619048964051438,1.0869425244204038,1.4347797967383094,1.2124235995417851,0.03329737891892392,0.004310221089877109,0.017488550283660614,0.002293621805002286,10
India,2020-06-26,1.3244461404194303,1.5614111242577866,1.0878472877973584,1.4356917184275417,1.212747618127092,0.03329737891892392,0.004310221089877109,0.017488550283660614,0.002293621805002286,10
India,2020-06-27,1.3233350725001245,1.561968978181506,1.0864227814631318,1.434163656680993,1.2121862540367498,0.03329737891892392,0.004310221089877109,0.017488550283660614,0.002293621805002286,10
India,2020-06-28,1.320852993885623,1.5596821553915072,1.0847256710230566,1.4317450866104326,1.2100832321648087,0.03329737891892392,0.004310221089877109,0.017488550283660614,0.002293621805002286,10
India,2020-06-29,1.3179847673090699,1.5572369504135954,1.0806254395299244,1.4286069246614375,1.2083417458347805,0.03329737891892392,0.004310221089877109,0.017488550283660614,0.002293621805002286,10
India,2020-06-30,1.3167414949314789,1.5517151170464216,1.0803466665223227,1.427632755213156,1.2059953808689805,0.03329737891892392,0.004310221089877109,0.017488550283660614,0.002293621805002286,10
India,2020-07-01,1.3169129833994,1.554176232506542,1.0779869322650126,1.4270261339355241,1.2067807432259485,0.03329737891892392,0.004310221089877109,0.017488550283660614,0.002293621805002286,10
India,2020-07-02,1.3186746635236708,1.5564356444175234,1.0840728414846803,1.4286373607806615,1.2084024685935397,0.03329737891892392,0.004310221089877109,0.017488550283660614,0.002293621805002286,10
India,2020-07-03,1.3199752622949903,1.5609311713046425,1.0845050930862026,1.4310591766623517,1.2082361512651174,0.03329737891892392,0.004310221089877109,0.017488550283660614,0.002293621805002286,10
India,2020-07-04,1.31989771006389,1.5590008704794625,1.081560269466992,1.4319418229589556,1.2074278864239842,0.03329737891892392,0.004310221089877109,0.017488550283660614,0.002293621805002286,10
India,2020-07-05,1.317732345180655,1.555072571555013,1.082218837743411,1.4296479963121589,1.2063179341356656,0.03329737891892392,0.004310221089877109,0.017488550283660614,0.002293621805002286,10
India,2020-07-06,1.315192679726372,1.5547073692131868,1.0751145696699427,1.4267957352130418,1.2039797054341765,0.03329737891892392,0.004310221089877109,0.017488550283660614,0.002293621805002286,10
India,2020-07-07,1.314832910039119,1.554050996407295,1.0753637498073438,1.4275347641837168,1.202155978197017,0.03329737891892392,0.004310221089877109,0.017488550283660614,0.002293621805002286,10
India,2020-07-08,1.3165247915001907,1.557865075225235,1.075348784656513,1.4289924254903528,1.2038580753936228,0.03329737891892392,0.004310221089877109,0.017488550283660614,0.002293621805002286,10
India,2020-07-09,1.318453625085497,1.558456201679323,1.077606783294485,1.4308170781743799,1.2064900074990108,0.03329737891892392,0.004310221089877109,0.017488550283660614,0.002293621805002286,10
India,2020-07-10,1.3204398475131,1.561810624985289,1.0809853571890498,1.4331769262077978,1.2086017363404764,0.03329737891892392,0.004310221089877109,0.017488550283660614,0.002293621805002286,10
India,2020-07-11,1.3219283811639453,1.5674468387664326,1.0799386404886475,1.4352105916451006,1.2083754675004668,0.03329737891892392,0.004310221089877109,0.017488550283660614,0.002293621805002286,10
India,2020-07-12,1.3239720797308847,1.568073286114808,1.0807147457129296,1.4360541883858113,1.2111316047129028,0.03329737891892392,0.004310221089877109,0.017488550283660614,0.002293621805002286,10
India,2020-07-13,1.3253426949120983,1.567283381991006,1.0864047763300997,1.4378340484438263,1.213604605975802,0.03329737891892392,0.004310221089877109,0.017488550283660614,0.002293621805002286,10
India,2020-07-14,1.32755935539108,1.5686825758803515,1.0893609111548095,1.4391803765134705,1.2158451422884442,0.03329737891892392,0.004310221089877109,0.017488550283660614,0.002293621805002286,10
India,2020-07-15,1.331889380053496,1.5711840434274673,1.0956555041634781,1.4435664013697518,1.2200692209942918,0.03329737891892392,0.004310221089877109,0.017488550283660614,0.002293621805002286,10
India,2020-07-16,1.3351961997255861,1.5764482825151416,1.1031313221737014,1.4458282497947406,1.2241208445199185,0.03329737891892392,0.004310221089877109,0.017488550283660614,0.002293621805002286,10
India,2020-07-17,1.3372374098927264,1.5805125076543134,1.1045887149636018,1.4479725158679537,1.2258962766373003,0.03329737891892392,0.004310221089877109,0.017488550283660614,0.002293621805002286,10
India,2020-07-18,1.3379654236511134,1.5809134288990747,1.103841362689766,1.4490204260079977,1.2270647859750858,0.03329737891892392,0.004310221089877109,0.017488550283660614,0.002293621805002286,10
India,2020-07-19,1.33729887898652,1.5794878387616909,1.1034252578934078,1.4492539268240152,1.22547587374534,0.03329737891892392,0.004310221089877109,0.017488550283660614,0.002293621805002286,10
India,2020-07-20,1.3345430692702205,1.5767086447668945,1.102768862158331,1.446597832666125,1.222203068434736,0.03329737891892392,0.004310221089877109,0.017488550283660614,0.002293621805002286,10
India,2020-07-21,1.3327326190656186,1.5697923515090888,1.100166086245822,1.4444244910186192,1.220861446835385,0.03329737891892392,0.004310221089877109,0.017488550283660614,0.002293621805002286,10
India,2020-07-22,1.3329250801321655,1.5750139460309305,1.0988733100672117,1.4443823629766477,1.2204277803616108,0.03329737891892392,0.004310221089877109,0.017488550283660614,0.002293621805002286,10
India,2020-07-23,1.3301246151974118,1.5732638785036297,1.0943687824017383,1.4421092138740408,1.2182069081629447,0.03329737891892392,0.004310221089877109,0.017488550283660614,0.002293621805002286,10
India,2020-07-24,1.3237889684590212,1.5692805833458316,1.0866455606205956,1.4359842909649485,1.210658855341748,0.03329737891892392,0.004310221089877109,0.017488550283660614,0.002293621805002286,10
India,2020-07-25,1.3159623189826275,1.5604213101703435,1.0792626152529667,1.4293147031320133,1.2028461249431477,0.03329737891892392,0.004310221089877109,0.017488550283660614,0.002293621805002286,10
India,2020-07-26,1.3069983844319994,1.5484290090487658,1.0722082208071209,1.4194727649475,1.193605379996237,0.03329737891892392,0.004310221089877109,0.017488550283660614,0.002293621805002286,10
India,2020-07-27,1.2975841443071454,1.540310434888776,1.0613462482491638,1.4111398538691298,1.1848185942181304,0.03329737891892392,0.004310221089877109,0.017488550283660614,0.002293621805002286,10
India,2020-07-28,1.2899896079209126,1.530927973818962,1.0529822105677047,1.4036898484499138,1.1783499954523742,0.03329737891892392,0.004310221089877109,0.017488550283660614,0.002293621805002286,10
India,2020-07-29,1.2818980791729533,1.5257664002457492,1.043771314147662,1.3952671770822442,1.1701462782199994,0.03329737891892392,0.004310221089877109,0.017488550283660614,0.002293621805002286,10
India,2020-07-30,1.2746547825123928,1.51838643220499,1.0347315008644205,1.3858963673577658,1.1617730645992275,0.03329737891892392,0.004310221089877109,0.017488550283660614,0.002293621805002286,10
India,2020-07-31,1.2666794143776792,1.5116684948060466,1.0294661277948935,1.378546435153344,1.1534622783854833,0.03329737891892392,0.004310221089877109,0.017488550283660614,0.002293621805002286,10
India,2020-08-01,1.2552100768476695,1.4955936048401437,1.015742353461682,1.366673208230249,1.1428423720940366,0.03329737891892392,0.004310221089877109,0.017488550283660614,0.002293621805002286,10
India,2020-08-02,1.245154926858634,1.4863086545912614,1.0050250772443796,1.3583222984726797,1.1325081792132667,0.03329737891892392,0.004310221089877109,0.017488550283660614,0.002293621805002286,10
India,2020-08-03,1.2351486652785937,1.4735621942565884,0.9965814040486771,1.3478453584517736,1.1228866366538115,0.03329737891892392,0.004310221089877109,0.017488550283660614,0.002293621805002286,10
India,2020-08-04,1.2268144413108475,1.4647502989272523,0.9881053509308796,1.339363770132328,1.1149263345826677,0.03329737891892392,0.004310221089877109,0.017488550283660614,0.002293621805002286,10
India,2020-08-05,1.2207742540835769,1.4571848560976814,0.9867377748046636,1.3320711729787158,1.1091352233114258,0.03329737891892392,0.004310221089877109,0.017488550283660614,0.002293621805002286,10
India,2020-08-06,1.2149960171206053,1.4490260214589628,0.980063783108707,1.324629970358321,1.103624246157318,0.03329737891892392,0.004310221089877109,0.017488550283660614,0.002293621805002286,10
India,2020-08-07,1.2083914304186418,1.4413447005580968,0.9727929642416746,1.3187011709945244,1.0978928069571225,0.03329737891892392,0.004310221089877109,0.017488550283660614,0.002293621805002286,10
India,2020-08-08,1.200328445864724,1.435487378601382,0.9610720495512595,1.31149886330729,1.0908224574969014,0.03329737891892392,0.004310221089877109,0.017488550283660614,0.002293621805002286,10
India,2020-08-09,1.191530675793651,1.4253821708788497,0.951163661090167,1.3030122960067192,1.0810728939527727,0.03329737891892392,0.004310221089877109,0.017488550283660614,0.002293621805002286,10
India,2020-08-10,1.1830980281116337,1.4171969961985085,0.9431050058830746,1.2942924679642505,1.0724344540537083,0.03329737891892392,0.004310221089877109,0.017488550283660614,0.002293621805002286,10
India,2020-08-11,1.1775861279440445,1.4135497423686467,0.9367147368365564,1.2879648622323523,1.0661977109184144,0.03329737891892392,0.004310221089877109,0.017488550283660614,0.002293621805002286,10
India,2020-08-12,1.1720513531167416,1.407582520459382,0.9322704435376987,1.2834148960428957,1.0609160739563144,0.03329737891892392,0.004310221089877109,0.017488550283660614,0.002293621805002286,10
India,2020-08-13,1.1649352933322783,1.402010107091193,0.9294630962852313,1.276785492530593,1.0539061675171773,0.03329737891892392,0.004310221089877109,0.017488550283660614,0.002293621805002286,10
India,2020-08-14,1.1582551479012908,1.3932300200851158,0.9199974125155886,1.269409871146251,1.0462632342945113,0.03329737891892392,0.004310221089877109,0.017488550283660614,0.002293621805002286,10
India,2020-08-15,1.1508068227754908,1.3862364621840428,0.9086083101567968,1.2618356350283635,1.0381343000711507,0.03329737891892392,0.004310221089877109,0.017488550283660614,0.002293621805002286,10
India,2020-08-16,1.1437869161779375,1.3782365179148794,0.9010599440907555,1.2563424338837537,1.031249551627526,0.03329737891892392,0.004310221089877109,0.017488550283660614,0.002293621805002286,10
India,2020-08-17,1.1400573012967656,1.3716902150074861,0.896507926321279,1.2531817657229705,1.0272413254959187,0.03329737891892392,0.004310221089877109,0.017488550283660614,0.002293621805002286,10
India,2020-08-18,1.1391156581809283,1.3732131487727726,0.8974710299104672,1.2513160983661504,1.0286873786104707,0.03329737891892392,0.004310221089877109,0.017488550283660614,0.002293621805002286,10
India,2020-08-19,1.1382519827789115,1.374525564602869,0.8956394723760397,1.2514494035821464,1.026941430139797,0.03329737891892392,0.004310221089877109,0.017488550283660614,0.002293621805002286,10
India,2020-08-20,1.1361029873654684,1.3710932829186415,0.8960512788754192,1.2487155561178138,1.0235906662058365,0.03329737891892392,0.004310221089877109,0.017488550283660614,0.002293621805002286,10
India,2020-08-21,1.1346761173780195,1.3740018514582213,0.8976338911348698,1.2460652611662792,1.023357290801575,0.03329737891892392,0.004310221089877109,0.017488550283660614,0.002293621805002286,10
India,2020-08-22,1.1322057992216308,1.3698778114589172,0.8912632389789249,1.2444053006491316,1.0207937325173204,0.03329737891892392,0.004310221089877109,0.017488550283660614,0.002293621805002286,10
India,2020-08-23,1.1299542430869616,1.3655548547043468,0.8909038443947085,1.2416338861620781,1.018337794119013,0.03329737891892392,0.004310221089877109,0.017488550283660614,0.002293621805002286,10
India,2020-08-24,1.1291056763155178,1.3656781964325018,0.888695929885373,1.2393558532827813,1.0186916741891405,0.03329737891892392,0.004310221089877109,0.017488550283660614,0.002293621805002286,10
India,2020-08-25,1.1313973860920534,1.3685108041027867,0.8931052507431247,1.2422202929786152,1.0195011982522895,0.03329737891892392,0.004310221089877109,0.017488550283660614,0.002293621805002286,10
India,2020-08-26,1.1371802209991977,1.3769754308434001,0.8991467732705674,1.248316167247998,1.0250643135640034,0.03329737891892392,0.004310221089877109,0.017488550283660614,0.002293621805002286,10
India,2020-08-27,1.1385595474251722,1.3782336976573846,0.9010074693882206,1.2509711220314463,1.027027971234841,0.03329737891892392,0.004310221089877109,0.017488550283660614,0.002293621805002286,10
India,2020-08-28,1.1388092062072648,1.3782180410586578,0.9017177939081391,1.251444693314601,1.0265783556879566,0.03329737891892392,0.004310221089877109,0.017488550283660614,0.002293621805002286,10
India,2020-08-29,1.1385299600891545,1.3794511212100438,0.9006645245494436,1.2509953959067668,1.0273461686468246,0.03329737891892392,0.004310221089877109,0.017488550283660614,0.002293621805002286,10
India,2020-08-30,1.1369180368376235,1.3766637995889393,0.8983797704156294,1.2491304109210972,1.025213052875487,0.03329737891892392,0.004310221089877109,0.017488550283660614,0.002293621805002286,10
India,2020-08-31,1.1354246335226041,1.375566690036182,0.896409677807956,1.2447794512280588,1.0241854282325753,0.03329737891892392,0.004310221089877109,0.017488550283660614,0.002293621805002286,10
India,2020-09-01,1.1352761384673475,1.3742212985192923,0.9012680758435628,1.246006763851084,1.0245179507410744,0.03329737891892392,0.004310221089877109,0.017488550283660614,0.002293621805002286,10
India,2020-09-02,1.1351232673912441,1.3725109095551482,0.9007891335722878,1.2458686658321512,1.0241280756614242,0.03329737891892392,0.004310221089877109,0.017488550283660614,0.002293621805002286,10
India,2020-09-03,1.1342175004427142,1.3740450639771478,0.8996891696442714,1.2444789845243889,1.024185075798236,0.03329737891892392,0.004310221089877109,0.017488550283660614,0.002293621805002286,10
India,2020-09-04,1.1322811447189318,1.3748156211815585,0.8974439856893832,1.2429118873996847,1.0212837459570558,0.03329737891892392,0.004310221089877109,0.017488550283660614,0.002293621805002286,10
India,2020-09-05,1.1305034169850803,1.3685225450302245,0.8961133566960757,1.2416907520882874,1.0204398618889947,0.03329737891892392,0.004310221089877109,0.017488550283660614,0.002293621805002286,10
India,2020-09-06,1.1266983791794698,1.3637921066830458,0.8922905891601238,1.2378493082210809,1.015664521063561,0.03329737891892392,0.004310221089877109,0.017488550283660614,0.002293621805002286,10
India,2020-09-07,1.1211213795492285,1.3622912388409483,0.8886195443710022,1.2337908748035031,1.0096455245945564,0.03329737891892392,0.004310221089877109,0.017488550283660614,0.002293621805002286,10
India,2020-09-08,1.1182081572315314,1.3584227770986246,0.8829429383853966,1.2289167356729769,1.0072961473586755,0.03329737891892392,0.004310221089877109,0.017488550283660614,0.002293621805002286,10
India,2020-09-09,1.1141557785049485,1.3543567383888084,0.8797002959884745,1.22457278610023,1.0038644704102095,0.03329737891892392,0.004310221089877109,0.017488550283660614,0.002293621805002286,10
India,2020-09-10,1.1088180707141253,1.347458381024704,0.8722214115221476,1.2196320560139227,0.9972338447167299,0.03329737891892392,0.004310221089877109,0.017488550283660614,0.002293621805002286,10
India,2020-09-11,1.1010124524225458,1.3407120617637922,0.8628731615465499,1.2125508565546184,0.9890485103494596,0.03329737891892392,0.004310221089877109,0.017488550283660614,0.002293621805002286,10
India,2020-09-12,1.0932265597871529,1.332812165601109,0.8548784270208093,1.2029387944156327,0.9826993929617335,0.03329737891892392,0.004310221089877109,0.017488550283660614,0.002293621805002286,10
India,2020-09-13,1.0837903188161466,1.321338045229949,0.8471734964123132,1.1940779388587595,0.9734051191331456,0.03329737891892392,0.004310221089877109,0.017488550283660614,0.002293621805002286,10
India,2020-09-14,1.0741300305531787,1.3114050910997075,0.8372175829069513,1.1848097972498042,0.9638245047582615,0.03329737891892392,0.004310221089877109,0.017488550283660614,0.002293621805002286,10
India,2020-09-15,1.0654513288817933,1.302590688873677,0.8304310568229438,1.1770599758154936,0.9539405080313071,0.03329737891892392,0.004310221089877109,0.017488550283660614,0.002293621805002286,10
India,2020-09-16,1.0575215729536769,1.2971466321240417,0.8216967646859951,1.169923940705842,0.9454709318076171,0.03329737891892392,0.004310221089877109,0.017488550283660614,0.002293621805002286,10
India,2020-09-17,1.048975163068023,1.2848663775972942,0.8122621349653122,1.1604909439235853,0.9375454053796789,0.03329737891892392,0.004310221089877109,0.017488550283660614,0.002293621805002286,10
India,2020-09-18,1.0394248749214694,1.2787319777187407,0.8025179938994029,1.1514706092479596,0.9276430741032509,0.03329737891892392,0.004310221089877109,0.017488550283660614,0.002293621805002286,10
India,2020-09-19,1.0290382011147359,1.2670623878740037,0.7898676537981622,1.140225928210077,0.9183308913284295,0.03329737891892392,0.004310221089877109,0.017488550283660614,0.002293621805002286,10
India,2020-09-20,1.0177056381473515,1.2536163261134925,0.7799216960100219,1.128783632822634,0.9063930870036951,0.03329737891892392,0.004310221089877109,0.017488550283660614,0.002293621805002286,10
India,2020-09-21,1.0068841827124355,1.2436468573403294,0.7664519554160949,1.1177726214152286,0.8951701357961628,0.03329737891892392,0.004310221089877109,0.017488550283660614,0.002293621805002286,10
India,2020-09-22,0.9998681553428893,1.2361038466390537,0.7613878611987726,1.1106399702877388,0.8892876917716126,0.03329737891892392,0.004310221089877109,0.017488550283660614,0.002293621805002286,10
India,2020-09-23,0.9927765975838235,1.2311259220383644,0.755598933117607,1.1039030375828192,0.8821561491443258,0.03329737891892392,0.004310221089877109,0.017488550283660614,0.002293621805002286,10
India,2020-09-24,0.9861562323754548,1.2220185791610745,0.746105753138314,1.0963526174844924,0.8751478543828679,0.03329737891892392,0.004310221089877109,0.017488550283660614,0.002293621805002286,10
India,2020-09-25,0.9793880858730057,1.2185083849733753,0.7382106032049015,1.0907529691573352,0.8676783638929656,0.03329737891892392,0.004310221089877109,0.017488550283660614,0.002293621805002286,10
India,2020-09-26,0.972502325173907,1.209991462745084,0.7314931610526377,1.083601153678921,0.8616464877333101,0.03329737891892392,0.004310221089877109,0.017488550283660614,0.002293621805002286,10
India,2020-09-27,0.9645709939518272,1.198946332142371,0.7263618286435558,1.0765278961119764,0.8539749952490181,0.03329737891892392,0.004310221089877109,0.017488550283660614,0.002293621805002286,10
India,2020-09-28,0.9568687317248774,1.1937302554196478,0.7209446463472524,1.066964370424365,0.8466180636457045,0.03329737891892392,0.004310221089877109,0.017488550283660614,0.002293621805002286,10
India,2020-09-29,0.9514105318758119,1.1863949123036641,0.7163891584348645,1.0628705930060867,0.8397565054826666,0.03329737891892392,0.004310221089877109,0.017488550283660614,0.002293621805002286,10
India,2020-09-30,0.9465279743627356,1.1803934137507346,0.7124330489859505,1.0568835360015956,0.8348110585557738,0.03329737891892392,0.004310221089877109,0.017488550283660614,0.002293621805002286,10
India,2020-10-01,0.9390813321714911,1.1729566058115743,0.7026476072878297,1.0496812554087624,0.8273219791322234,0.03329737891892392,0.004310221089877109,0.017488550283660614,0.002293621805002286,10
India,2020-10-02,0.9323815440912316,1.1671481352765194,0.6968241518790741,1.0425597908850301,0.8207300198720989,0.03329737891892392,0.004310221089877109,0.017488550283660614,0.002293621805002286,10
India,2020-10-03,0.9250213177531659,1.1595141940109197,0.6853694267955815,1.0356750465824287,0.81272506719633,0.03329737891892392,0.004310221089877109,0.017488550283660614,0.002293621805002286,10
India,2020-10-04,0.9176864889682487,1.1490893016629857,0.6780864925174713,1.0288261634257245,0.8065687594038656,0.03329737891892392,0.004310221089877109,0.017488550283660614,0.002293621805002286,10
India,2020-10-05,0.9118585991219065,1.1457834860743368,0.67640959939906,1.0222892855145538,0.7999552697517223,0.03329737891892392,0.004310221089877109,0.017488550283660614,0.002293621805002286,10
India,2020-10-06,0.9089487697086783,1.1464184548337188,0.6691250800612303,1.0203616098061308,0.7975638596274316,0.03329737891892392,0.004310221089877109,0.017488550283660614,0.002293621805002286,10
India,2020-10-07,0.9052559338443467,1.1447898792709128,0.6633096385241768,1.0166486296778343,0.7930016373873514,0.03329737891892392,0.004310221089877109,0.017488550283660614,0.002293621805002286,10
India,2020-10-08,0.9000641638492491,1.135872686344517,0.6602048692433399,1.0117038370594276,0.7882903230097765,0.03329737891892392,0.004310221089877109,0.017488550283660614,0.002293621805002286,10
India,2020-10-09,0.8947775759596163,1.1328509068301065,0.65156540803812,1.0057117197053929,0.7833611313998438,0.03329737891892392,0.004310221089877109,0.017488550283660614,0.002293621805002286,10
India,2020-10-10,0.8900631088547918,1.1296949935441298,0.651086517507059,1.001589142260927,0.7786848631776782,0.03329737891892392,0.004310221089877109,0.017488550283660614,0.002293621805002286,10
India,2020-10-11,0.8845067514727729,1.120205873790127,0.6434926895135815,0.9956345471698645,0.7709333473404514,0.03329737891892392,0.004310221089877109,0.017488550283660614,0.002293621805002286,10
India,2020-10-12,0.878089310899546,1.1159370399395887,0.6352823242034881,0.9894305674677653,0.765997479739666,0.03329737891892392,0.004310221089877109,0.017488550283660614,0.002293621805002286,10
India,2020-10-13,0.8739289090016193,1.1100897403732306,0.6305068209427214,0.9862264513068496,0.7620904493469887,0.03329737891892392,0.004310221089877109,0.017488550283660614,0.002293621805002286,10
India,2020-10-14,0.8705636542059364,1.1088442434272026,0.6291281655053695,0.9835612290260612,0.7583305230866061,0.03329737891892392,0.004310221089877109,0.017488550283660614,0.002293621805002286,10
India,2020-10-15,0.8662664694625781,1.104054641169957,0.6247093073278551,0.9787230019078599,0.7554022923866744,0.03329737891892392,0.004310221089877109,0.017488550283660614,0.002293621805002286,10
India,2020-10-16,0.8615893747532346,1.0988286584629197,0.619016127988628,0.9748357205469622,0.7489224119491573,0.03329737891892392,0.004310221089877109,0.017488550283660614,0.002293621805002286,10
India,2020-10-17,0.8571218445803458,1.0934319322071593,0.6147257171388237,0.9687658850306873,0.7443793253149651,0.03329737891892392,0.004310221089877109,0.017488550283660614,0.002293621805002286,10
India,2020-10-18,0.8517070572614408,1.0873842573655428,0.6065891680145835,0.9642592878200446,0.740390115409504,0.03329737891892392,0.004310221089877109,0.017488550283660614,0.002293621805002286,10
India,2020-10-19,0.8469919021587338,1.0847646637606474,0.5993965435732815,0.9590631267464651,0.7345279210303867,0.03329737891892392,0.004310221089877109,0.017488550283660614,0.002293621805002286,10
India,2020-10-20,0.8457393562073046,1.081355230001924,0.5998831913594697,0.9582595173429547,0.7345277795197078,0.03329737891892392,0.004310221089877109,0.017488550283660614,0.002293621805002286,10
India,2020-10-21,0.844390009688348,1.081454514958702,0.6021904707038528,0.9555212579729293,0.7337664326600597,0.03329737891892392,0.004310221089877109,0.017488550283660614,0.002293621805002286,10
India,2020-10-22,0.843752352684092,1.079734505729025,0.6042732797105841,0.9556063443837155,0.7317627250844956,0.03329737891892392,0.004310221089877109,0.017488550283660614,0.002293621805002286,10
India,2020-10-23,0.8425289903632787,1.08019895274066,0.6026589668793135,0.9554660701954414,0.7312793273889843,0.03329737891892392,0.004310221089877109,0.017488550283660614,0.002293621805002286,10
India,2020-10-24,0.8405481612961333,1.0780944120978146,0.5978668997520277,0.9527729665227785,0.7288920629867308,0.03329737891892392,0.004310221089877109,0.017488550283660614,0.002293621805002286,10
India,2020-10-25,0.8395336028395686,1.078945707321771,0.6003461382907265,0.9500121011674874,0.7268262823630531,0.03329737891892392,0.004310221089877109,0.017488550283660614,0.002293621805002286,10
India,2020-10-26,0.8400487015366651,1.0769724669997032,0.5997892503337101,0.9514112107259547,0.7275565680983822,0.03329737891892392,0.004310221089877109,0.017488550283660614,0.002293621805002286,10
India,2020-10-27,0.8439870763310531,1.0843949351714117,0.6036168587944283,0.9553512113770452,0.7317914693953247,0.03329737891892392,0.004310221089877109,0.017488550283660614,0.002293621805002286,10
India,2020-10-28,0.849869311982515,1.089275059694191,0.6095331168098479,0.9610229993237348,0.7395063603647529,0.03329737891892392,0.004310221089877109,0.017488550283660614,0.002293621805002286,10
India,2020-10-29,0.8553285310566071,1.0952515004020993,0.6139505596416863,0.9662294535442331,0.7440556773491707,0.03329737891892392,0.004310221089877109,0.017488550283660614,0.002293621805002286,10
India,2020-10-30,0.8599418571496817,1.0972764680683371,0.6206743011770562,0.9708307849682262,0.7490075181694797,0.03329737891892392,0.004310221089877109,0.017488550283660614,0.002293621805002286,10
India,2020-10-31,0.8638994044227468,1.0999993273584379,0.624747273647824,0.9739765005311667,0.7537180209898726,0.03329737891892392,0.004310221089877109,0.017488550283660614,0.002293621805002286,10
India,2020-11-01,0.8675253331000488,1.1061275720666737,0.6269863659701085,0.9776159727006222,0.7580824242466195,0.03329737891892392,0.004310221089877109,0.017488550283660614,0.002293621805002286,10
India,2020-11-02,0.8710389323501444,1.1088432432682018,0.6315674723779299,0.9803963039685192,0.760745815777117,0.03329737891892392,0.004310221089877109,0.017488550283660614,0.002293621805002286,10
India,2020-11-03,0.8767855224978557,1.1150360612047319,0.6379065326911955,0.9875429838961232,0.765752163394694,0.03329737891892392,0.004310221089877109,0.017488550283660614,0.002293621805002286,10
India,2020-11-04,0.8826809219725544,1.121887272536087,0.6444790172203702,0.9932396899203643,0.7718681345803785,0.03329737891892392,0.004310221089877109,0.017488550283660614,0.002293621805002286,10
India,2020-11-05,0.8863167031695658,1.1245477621520337,0.6466179777865516,0.9985115192674539,0.7744515465541266,0.03329737891892392,0.004310221089877109,0.017488550283660614,0.002293621805002286,10
India,2020-11-06,0.8889054798752031,1.1287383629939858,0.6531833215690687,0.9987844602599032,0.778338676084251,0.03329737891892392,0.004310221089877109,0.017488550283660614,0.002293621805002286,10
India,2020-11-07,0.8901209335570005,1.1300183595399849,0.6539884563687266,1.001699522729352,0.7789944770161086,0.03329737891892392,0.004310221089877109,0.017488550283660614,0.002293621805002286,10
India,2020-11-08,0.8912512611392052,1.1313105141813957,0.6533317273458208,1.001548444304399,0.7794811452791581,0.03329737891892392,0.004310221089877109,0.017488550283660614,0.002293621805002286,10
India,2020-11-09,0.8917549219932966,1.1333970046885058,0.6557152616871732,1.0037001077446903,0.7807816525697329,0.03329737891892392,0.004310221089877109,0.017488550283660614,0.002293621805002286,10
India,2020-11-10,0.8943848197451516,1.1386159027358413,0.6555379629316029,1.0057032859101045,0.7840698795844314,0.03329737891892392,0.004310221089877109,0.017488550283660614,0.002293621805002286,10
India,2020-11-11,0.8959523768263593,1.1367238402187474,0.6567875888225929,1.0076090974741356,0.7840391606740683,0.03329737891892392,0.004310221089877109,0.017488550283660614,0.002293621805002286,10
India,2020-11-12,0.8965469913789751,1.1398574122273333,0.6590465212252947,1.0073095928117282,0.7834530463005954,0.03329737891892392,0.004310221089877109,0.017488550283660614,0.002293621805002286,10
India,2020-11-13,0.8964161739742231,1.1375045849128118,0.6583557580355525,1.0083510808015155,0.7843247420664516,0.03329737891892392,0.004310221089877109,0.017488550283660614,0.002293621805002286,10
India,2020-11-14,0.8947987504514846,1.1362726823841007,0.6578496962785434,1.0075775807316678,0.7832188497853337,0.03329737891892392,0.004310221089877109,0.017488550283660614,0.002293621805002286,10
India,2020-11-15,0.8942292324451648,1.1335299441785172,0.6545573368130688,1.006750225501259,0.7823009027903745,0.03329737891892392,0.004310221089877109,0.017488550283660614,0.002293621805002286,10
India,2020-11-16,0.8974036039835456,1.1359358068527252,0.6573812562795485,1.0109760430666057,0.7838356930568733,0.03329737891892392,0.004310221089877109,0.017488550283660614,0.002293621805002286,10
India,2020-11-17,0.9057049215382992,1.1393960311624511,0.6685920825651064,1.0190826697431505,0.7920953186480577,0.03329737891892392,0.004310221089877109,0.017488550283660614,0.002293621805002286,10
India,2020-11-18,0.9136545530634026,1.153464460982824,0.6777508479600673,1.0267600695728214,0.8013483545495304,0.03329737891892392,0.004310221089877109,0.017488550283660614,0.002293621805002286,10
India,2020-11-19,0.9195431478018377,1.1614311327196072,0.6821450130819524,1.0318837302172383,0.8078205386372648,0.03329737891892392,0.004310221089877109,0.017488550283660614,0.002293621805002286,10
India,2020-11-20,0.9232898828279443,1.1650117515910394,0.6830088665856082,1.0371910905814106,0.8103725222650568,0.03329737891892392,0.004310221089877109,0.017488550283660614,0.002293621805002286,10
India,2020-11-21,0.9240141640236522,1.1642954888562507,0.6875280414068228,1.036902561651594,0.811971620589713,0.03329737891892392,0.004310221089877109,0.017488550283660614,0.002293621805002286,10
India,2020-11-22,0.9235501719936893,1.1651707363961352,0.6883032699172116,1.0360712789285453,0.810185021576252,0.03329737891892392,0.004310221089877109,0.017488550283660614,0.002293621805002286,10
India,2020-11-23,0.9210304473275087,1.1611100178019906,0.6851259880185774,1.0336646825969418,0.807192791473571,0.03329737891892392,0.004310221089877109,0.017488550283660614,0.002293621805002286,10
India,2020-11-24,0.9209260653142745,1.164561888292106,0.6860453049036982,1.0331376122181137,0.8082478496449067,0.03329737891892392,0.004310221089877109,0.017488550283660614,0.002293621805002286,10
India,2020-11-25,0.918106879254162,1.161703564500003,0.6837424571785033,1.0301511291566516,0.8034946821264735,0.03329737891892392,0.004310221089877109,0.017488550283660614,0.002293621805002286,10
India,2020-11-26,0.9133612890004342,1.155822144017882,0.6782785714399602,1.0261946175242365,0.8011106046473206,0.03329737891892392,0.004310221089877109,0.017488550283660614,0.002293621805002286,10
India,2020-11-27,0.9073892269041886,1.1526565624495313,0.6698609149635324,1.019294691230269,0.7948022588836877,0.03329737891892392,0.004310221089877109,0.017488550283660614,0.002293621805002286,10
India,2020-11-28,0.9005492456819802,1.1434241030664627,0.6614446122161464,1.012432319439216,0.788587586404803,0.03329737891892392,0.004310221089877109,0.017488550283660614,0.002293621805002286,10
India,2020-11-29,0.8933589475863086,1.1348064758090817,0.6554986253990291,1.0057439548596037,0.7809938696656488,0.03329737891892392,0.004310221089877109,0.017488550283660614,0.002293621805002286,10
India,2020-11-30,0.8854826040263453,1.1247522478899377,0.6501346982353489,0.9961846281482701,0.7744804317326048,0.03329737891892392,0.004310221089877109,0.017488550283660614,0.002293621805002286,10
India,2020-12-01,0.8813192399406886,1.1194974489619516,0.6433645353215198,0.9928768571756318,0.7687483492865079,0.03329737891892392,0.004310221089877109,0.017488550283660614,0.002293621805002286,10
India,2020-12-02,0.8767635579497298,1.1150266580122807,0.6410670942031986,0.9886718447528908,0.764466514345086,0.03329737891892392,0.004310221089877109,0.017488550283660614,0.002293621805002286,10
India,2020-12-03,0.8715638331545856,1.1101963523028269,0.6356677565067194,0.9828316924019923,0.7600674275470471,0.03329737891892392,0.004310221089877109,0.017488550283660614,0.002293621805002286,10
India,2020-12-04,0.8663643561058273,1.103022681752698,0.6301555497511621,0.9772698618408072,0.7552363917131202,0.03329737891892392,0.004310221089877109,0.017488550283660614,0.002293621805002286,10
India,2020-12-05,0.8594605509294564,1.0948023433038367,0.6219455277047138,0.9708572663747201,0.7475445063026513,0.03329737891892392,0.004310221089877109,0.017488550283660614,0.002293621805002286,10
India,2020-12-06,0.8520614013121752,1.090416661311262,0.6140760479486238,0.9635099096073421,0.7422392420008163,0.03329737891892392,0.004310221089877109,0.017488550283660614,0.002293621805002286,10
India,2020-12-07,0.8454573681071116,1.086017427258678,0.6038425977668176,0.9572968611768589,0.7329504848572843,0.03329737891892392,0.004310221089877109,0.017488550283660614,0.002293621805002286,10
India,2020-12-08,0.8413785377756827,1.0802696113891754,0.6005585311431452,0.9532148861982443,0.7294650463130381,0.03329737891892392,0.004310221089877109,0.017488550283660614,0.002293621805002286,10
India,2020-12-09,0.8376270446145205,1.0777167845844517,0.5991077000923992,0.9494549937026623,0.7250293566391716,0.03329737891892392,0.004310221089877109,0.017488550283660614,0.002293621805002286,10
India,2020-12-10,0.8324779595488265,1.0692835765787654,0.5906989344128126,0.9449971079062063,0.7200389043328264,0.03329737891892392,0.004310221089877109,0.017488550283660614,0.002293621805002286,10
India,2020-12-11,0.8284310812304556,1.0679429434639591,0.5843943580729071,0.940082700307951,0.7154792194776028,0.03329737891892392,0.004310221089877109,0.017488550283660614,0.002293621805002286,10
India,2020-12-12,0.8244074820467575,1.062329079822671,0.5817857343307307,0.9369999443034229,0.7119264506262833,0.03329737891892392,0.004310221089877109,0.017488550283660614,0.002293621805002286,10
India,2020-12-13,0.8194905564258578,1.0549195924261066,0.5764532092672296,0.9310245330714257,0.707761010846778,0.03329737891892392,0.004310221089877109,0.017488550283660614,0.002293621805002286,10
India,2020-12-14,0.8151644189895649,1.0495504503110604,0.571760115670301,0.9288386957919269,0.7053457163994917,0.03329737891892392,0.004310221089877109,0.017488550283660614,0.002293621805002286,10
India,2020-12-15,0.813843548522182,1.0510324420174586,0.5713635407426974,0.9270055050445049,0.7021165782412693,0.03329737891892392,0.004310221089877109,0.017488550283660614,0.002293621805002286,10
India,2020-12-16,0.8119402666957274,1.0523528647914948,0.5721605019303853,0.9246619828590017,0.6997594533180593,0.03329737891892392,0.004310221089877109,0.017488550283660614,0.002293621805002286,10
India,2020-12-17,0.8117982039989757,1.0485883840870132,0.5729860832469436,0.924609348368195,0.699012591321213,0.03329737891892392,0.004310221089877109,0.017488550283660614,0.002293621805002286,10
India,2020-12-18,0.8127660528449439,1.0492375869614103,0.5731642334652345,0.925930105077899,0.7012359796824444,0.03329737891892392,0.004310221089877109,0.017488550283660614,0.002293621805002286,10
India,2020-12-19,0.8131595068038222,1.052839488222027,0.5718425677215347,0.9249799884521644,0.7006345487373358,0.03329737891892392,0.004310221089877109,0.017488550283660614,0.002293621805002286,10
India,2020-12-20,0.8120319110268307,1.0507631916858842,0.5718654484346601,0.9234037339279874,0.6998055005847094,0.03329737891892392,0.004310221089877109,0.017488550283660614,0.002293621805002286,10
India,2020-12-21,0.8108382670390976,1.0492372789293067,0.5683919364571515,0.9234041159384335,0.6980638703141231,0.03329737891892392,0.004310221089877109,0.017488550283660614,0.002293621805002286,10
India,2020-12-22,0.81201662384322,1.052933359642971,0.5698074322813724,0.9233226101817666,0.698936940524235,0.03329737891892392,0.004310221089877109,0.017488550283660614,0.002293621805002286,10
India,2020-12-23,0.813350406020339,1.0502917859907894,0.5741826809972006,0.9258265472522684,0.7010834605153486,0.03329737891892392,0.004310221089877109,0.017488550283660614,0.002293621805002286,10
India,2020-12-24,0.8122099125536418,1.0460631545173977,0.5708679890901833,0.924270120261003,0.7004482783186526,0.03329737891892392,0.004310221089877109,0.017488550283660614,0.002293621805002286,10
India,2020-12-25,0.8108376464464947,1.0485570880167803,0.5709312608105398,0.9226045259739517,0.6989325485263278,0.03329737891892392,0.004310221089877109,0.017488550283660614,0.002293621805002286,10
India,2020-12-26,0.8091492040732826,1.0463123325644892,0.5661028138816373,0.9204106798633568,0.6971592353880132,0.03329737891892392,0.004310221089877109,0.017488550283660614,0.002293621805002286,10
India,2020-12-27,0.8091915070764439,1.0442925596132708,0.5654233138444674,0.9211156123318684,0.6979787115182035,0.03329737891892392,0.004310221089877109,0.017488550283660614,0.002293621805002286,10
India,2020-12-28,0.809456640506346,1.048250031970013,0.5656714898704562,0.9213545146474149,0.6973787216005548,0.03329737891892392,0.004310221089877109,0.017488550283660614,0.002293621805002286,10
India,2020-12-29,0.8131138599756187,1.050535532629539,0.5734494648377577,0.9255490555218738,0.700111282043649,0.03329737891892392,0.004310221089877109,0.017488550283660614,0.002293621805002286,10
India,2020-12-30,0.8162880577042637,1.0533159804105057,0.5803282170084525,0.9297931396056364,0.7033247271045556,0.03329737891892392,0.004310221089877109,0.017488550283660614,0.002293621805002286,10
India,2020-12-31,0.8165113484106961,1.0525829629165355,0.5786818272203932,0.9278531921377818,0.7040868758485179,0.03329737891892392,0.004310221089877109,0.017488550283660614,0.002293621805002286,10
India,2021-01-01,0.8311262707128841,1.070152470663277,0.5928655167275445,0.9420846950527806,0.7198058331449713,0.03329737891892392,0.004310221089877109,0.017488550283660614,0.002293621805002286,10
India,2021-01-02,0.8442301970046129,1.081941063522837,0.6078064829315578,0.955327159785102,0.7332556618536348,0.03329737891892392,0.004310221089877109,0.017488550283660614,0.002293621805002286,10
India,2021-01-03,0.841408421890556,1.0787641243065698,0.6037461254732707,0.9530267978776243,0.7289562238770085,0.03329737891892392,0.004310221089877109,0.017488550283660614,0.002293621805002286,10
India,2021-01-04,0.8402501792355548,1.0783479425538827,0.6033211393171605,0.9522652472871429,0.7279204446512453,0.03329737891892392,0.004310221089877109,0.017488550283660614,0.002293621805002286,10
India,2021-01-05,0.8413742801031181,1.0821076220265395,0.6014046500657312,0.9531289609430759,0.7288170912137989,0.03329737891892392,0.004310221089877109,0.017488550283660614,0.002293621805002286,10
India,2021-01-06,0.8426637612439982,1.0847132922170781,0.6012999312215114,0.955306668519393,0.7294169350341317,0.03329737891892392,0.004310221089877109,0.017488550283660614,0.002293621805002286,10
India,2021-01-07,0.8417297458969496,1.0810316938367426,0.6021131371314491,0.9546552815297831,0.7287469036844114,0.03329737891892392,0.004310221089877109,0.017488550283660614,0.002293621805002286,10
India,2021-01-08,0.8404507166963772,1.0828315561801423,0.5992884156758245,0.9540602485673633,0.7279134604433953,0.03329737891892392,0.004310221089877109,0.017488550283660614,0.002293621805002286,10
India,2021-01-09,0.8538181298490896,1.0994289513324866,0.6151290757614655,0.9649713879992788,0.7409042619366915,0.03329737891892392,0.004310221089877109,0.017488550283660614,0.002293621805002286,10
India,2021-01-10,0.8480559083235469,1.0899614934244064,0.6078236093387859,0.9597380908578952,0.73553345354817,0.03329737891892392,0.004310221089877109,0.017488550283660614,0.002293621805002286,10
India,2021-01-11,0.8420693230420547,1.0797708941249544,0.6054445828837224,0.9535652500372985,0.7309946174717306,0.03329737891892392,0.004310221089877109,0.017488550283660614,0.002293621805002286,10
India,2021-01-12,0.8408671883513765,1.0787480797414515,0.6022072666026439,0.9527163182130197,0.7293113017924524,0.03329737891892392,0.004310221089877109,0.017488550283660614,0.002293621805002286,10
India,2021-01-13,0.8405799562076007,1.078237706273728,0.6003551361711512,0.9522193574922264,0.7288982988876774,0.03329737891892392,0.004310221089877109,0.017488550283660614,0.002293621805002286,10
India,2021-01-14,0.8389039344632914,1.074854189201296,0.6007623342385454,0.9508698696112144,0.7273472410910445,0.03329737891892392,0.004310221089877109,0.017488550283660614,0.002293621805002286,10
India,2021-01-15,0.8370250769376133,1.0748931783893125,0.5995954517925159,0.9480507346721401,0.7249316868541633,0.03329737891892392,0.004310221089877109,0.017488550283660614,0.002293621805002286,10
India,2021-01-16,0.8360765494030982,1.0740495496483695,0.6011845643551719,0.9476754188041845,0.7242749348978167,0.03329737891892392,0.004310221089877109,0.017488550283660614,0.002293621805002286,10
India,2021-01-17,0.8350396477805462,1.0695468484626733,0.5961005160360207,0.9469640243470376,0.7245245956979177,0.03329737891892392,0.004310221089877109,0.017488550283660614,0.002293621805002286,10
India,2021-01-18,0.8343124687238754,1.0660591550674083,0.5964050975355977,0.9462193071174806,0.7234099989815848,0.03329737891892392,0.004310221089877109,0.017488550283660614,0.002293621805002286,10
India,2021-01-19,0.8389781600935877,1.0742588761630587,0.6025670922150586,0.950730160133173,0.7287653023837328,0.03329737891892392,0.004310221089877109,0.017488550283660614,0.002293621805002286,10
India,2021-01-20,0.843491348808174,1.07873747099478,0.6076328514207426,0.9543136075117301,0.7329434717266126,0.03329737891892392,0.004310221089877109,0.017488550283660614,0.002293621805002286,10
India,2021-01-21,0.8467118636013192,1.0807205306906413,0.6105701740125536,0.9584571190113972,0.7354046718892107,0.03329737891892392,0.004310221089877109,0.017488550283660614,0.002293621805002286,10
India,2021-01-22,0.8487109885541054,1.0857710245991903,0.6108629380349253,0.9596366284110771,0.7381998777158455,0.03329737891892392,0.004310221089877109,0.017488550283660614,0.002293621805002286,10
India,2021-01-23,0.8508489787093294,1.0899195903821606,0.6130195119082307,0.9612089654231768,0.7394120562068979,0.03329737891892392,0.004310221089877109,0.017488550283660614,0.002293621805002286,10
India,2021-01-24,0.8511091358708319,1.0890083795780907,0.6148058443396829,0.9635370828155252,0.7390663623222284,0.03329737891892392,0.004310221089877109,0.017488550283660614,0.002293621805002286,10
India,2021-01-25,0.8523006711081642,1.0924215019504624,0.61394001190259,0.9640252854675868,0.7402399956527252,0.03329737891892392,0.004310221089877109,0.017488550283660614,0.002293621805002286,10
India,2021-01-26,0.8580095851471806,1.0967247550290802,0.6182056438839371,0.9713321143557998,0.7462368903947096,0.03329737891892392,0.004310221089877109,0.017488550283660614,0.002293621805002286,10
India,2021-01-27,0.8627732571386357,1.1066960206502188,0.6217412910094905,0.9757304500988756,0.7509573952320758,0.03329737891892392,0.004310221089877109,0.017488550283660614,0.002293621805002286,10
India,2021-01-28,0.8689769407276132,1.1083826254321367,0.630931232176747,0.9815906191822229,0.7571130843159131,0.03329737891892392,0.004310221089877109,0.017488550283660614,0.002293621805002286,10
India,2021-01-29,0.8676551778849777,1.10869436094034,0.6301361342939455,0.9805216834683268,0.7551450842596326,0.03329737891892392,0.004310221089877109,0.017488550283660614,0.002293621805002286,10
India,2021-01-30,0.8663789468501437,1.1090953514664328,0.6293207509683912,0.9783360435307367,0.7522209137570544,0.03329737891892392,0.004310221089877109,0.017488550283660614,0.002293621805002286,10
India,2021-01-31,0.8645814383927414,1.106842966883503,0.6263396038503886,0.9776766167265715,0.7510206023115514,0.03329737891892392,0.004310221089877109,0.017488550283660614,0.002293621805002286,10
India,2021-02-01,0.8641338926396617,1.1055960065686914,0.623839771820955,0.9775132036603684,0.7519307998632676,0.03329737891892392,0.004310221089877109,0.017488550283660614,0.002293621805002286,10
India,2021-02-02,0.8679789649701151,1.1079454991639273,0.6261097966534424,0.9819525787149377,0.7548382985150601,0.03329737891892392,0.004310221089877109,0.017488550283660614,0.002293621805002286,10
India,2021-02-03,0.8733080094463973,1.1197287984811493,0.6360023577663013,0.988557515062776,0.7595956566263633,0.03329737891892392,0.004310221089877109,0.017488550283660614,0.002293621805002286,10
India,2021-02-04,0.8765427722541621,1.125166642938086,0.6331719995239347,0.9913461526805996,0.7613137332230536,0.03329737891892392,0.004310221089877109,0.017488550283660614,0.002293621805002286,10
India,2021-02-05,0.8789920499640013,1.1271394979675315,0.6312238071070925,0.9954059299036233,0.7625790445375802,0.03329737891892392,0.004310221089877109,0.017488550283660614,0.002293621805002286,10
India,2021-02-06,0.8813277943848336,1.1358661355978041,0.6322019316646132,0.9997159646260615,0.7633236697406276,0.03329737891892392,0.004310221089877109,0.017488550283660614,0.002293621805002286,10
India,2021-02-07,0.8836707390554052,1.1375235179030783,0.6288017768142042,1.0043320023973987,0.7632953085356681,0.03329737891892392,0.004310221089877109,0.017488550283660614,0.002293621805002286,10
India,2021-02-08,0.8849493071469432,1.1444328829612969,0.6251815245968694,1.0067626619050372,0.7625808833759544,0.03329737891892392,0.004310221089877109,0.017488550283660614,0.002293621805002286,10
India,2021-02-09,0.889302547162917,1.1561363798650288,0.6238671661929354,1.0142832819026069,0.7636060887714747,0.03329737891892392,0.004310221089877109,0.017488550283660614,0.002293621805002286,10
India,2021-02-10,0.8940274425631556,1.1653142179591465,0.6220726103282459,1.0224188891036299,0.7659208615841323,0.03329737891892392,0.004310221089877109,0.017488550283660614,0.002293621805002286,10
India,2021-02-11,0.8955247238088898,1.1780048911758247,0.619223767111634,1.0295992023603742,0.7614483974613724,0.03329737891892392,0.004310221089877109,0.017488550283660614,0.002293621805002286,10
India,2021-02-12,0.9000689330576039,1.1907823934378094,0.6119487083697973,1.0375285249489847,0.7620194201477319,0.03329737891892392,0.004310221089877109,0.017488550283660614,0.002293621805002286,10
India,2021-02-13,0.9026910854663193,1.2069336681339053,0.5998796861252339,1.0474513143078403,0.7588833823749985,0.03329737891892392,0.004310221089877109,0.017488550283660614,0.002293621805002286,10
India,2021-02-14,0.9032890610708825,1.2290861660395422,0.5819740842020085,1.0565509598849858,0.7513021340919631,0.03329737891892392,0.004310221089877109,0.017488550283660614,0.002293621805002286,10
Indonesia,2020-03-16,2.63983643318859,2.8882976012078245,2.393306350635876,2.7563254591469146,2.5234496035194454,0.10261552812500781,0.0005487409047064684,0.09903218396561783,0.0005777001661181685,10
Indonesia,2020-03-17,2.75593007470673,2.99357578890056,2.522622348486693,2.8671113899633536,2.6448008598521477,0.10261552812500781,0.0005487409047064684,0.09903218396561783,0.0005777001661181685,10
Indonesia,2020-03-18,2.8398814780913963,3.100638645545708,2.5923891474456005,2.960532138537655,2.719705131287867,0.10261552812500781,0.0005487409047064684,0.09903218396561783,0.0005777001661181685,10
Indonesia,2020-03-19,2.8401035306744937,3.1097151340601754,2.5920082635200403,2.9631272305908487,2.7164965328740074,0.10261552812500781,0.0005487409047064684,0.09903218396561783,0.0005777001661181685,10
Indonesia,2020-03-20,2.6819642505764225,2.895255687035585,2.4751090748590956,2.7829447520063963,2.5809915465974287,0.10261552812500781,0.0005487409047064684,0.09903218396561783,0.0005777001661181685,10
Indonesia,2020-03-21,2.5646441216878397,2.761118813999181,2.3728429862465594,2.656360788308562,2.471554075568716,0.10261552812500781,0.0005487409047064684,0.09903218396561783,0.0005777001661181685,10
Indonesia,2020-03-22,2.421948823865404,2.606308849938287,2.2338081230067055,2.510827786378488,2.333997052671338,0.10261552812500781,0.0005487409047064684,0.09903218396561783,0.0005777001661181685,10
Indonesia,2020-03-23,2.33211667777784,2.5196351100250554,2.145056114552903,2.4200684056464326,2.2441517643779494,0.10261552812500781,0.0005487409047064684,0.09903218396561783,0.0005777001661181685,10
Indonesia,2020-03-24,2.2980412017121896,2.483094110537127,2.1162007407824994,2.3853789197179514,2.2100879465022167,0.10261552812500781,0.0005487409047064684,0.09903218396561783,0.0005777001661181685,10
Indonesia,2020-03-25,2.22477752630165,2.411152528981879,2.0409251309566723,2.31142081568985,2.1381024405976348,0.10261552812500781,0.0005487409047064684,0.09903218396561783,0.0005777001661181685,10
Indonesia,2020-03-26,2.149633630355601,2.332201098678181,1.9651491468981186,2.236381321309854,2.0633797448127593,0.10261552812500781,0.0005487409047064684,0.09903218396561783,0.0005777001661181685,10
Indonesia,2020-03-27,2.0910269952216507,2.276590259802358,1.9085944421797403,2.1784340130445186,2.005154226629468,0.10261552812500781,0.0005487409047064684,0.09903218396561783,0.0005777001661181685,10
Indonesia,2020-03-28,1.9755474795773287,2.1573359158831646,1.784807681682615,2.064565906535152,1.8872741608914048,0.10261552812500781,0.0005487409047064684,0.09903218396561783,0.0005777001661181685,10
Indonesia,2020-03-29,1.8935175322468605,2.0795079026735133,1.7000719815973173,1.9832214138664899,1.804469510805645,0.10261552812500781,0.0005487409047064684,0.09903218396561783,0.0005777001661181685,10
Indonesia,2020-03-30,1.8178894795041023,2.005140706410546,1.6209718986285497,1.910056035139144,1.7259676110401467,0.10261552812500781,0.0005487409047064684,0.09903218396561783,0.0005777001661181685,10
Indonesia,2020-03-31,1.7544890787859644,1.9426963431343438,1.5529643040637766,1.8485476089004784,1.662165045252174,0.10261552812500781,0.0005487409047064684,0.09903218396561783,0.0005777001661181685,10
Indonesia,2020-04-01,1.7255175174418165,1.9157418082846713,1.5258307274909064,1.8178489123436183,1.633583421968983,0.10261552812500781,0.0005487409047064684,0.09903218396561783,0.0005777001661181685,10
Indonesia,2020-04-02,1.6937206343100075,1.8831077610596743,1.4964519147913895,1.7859823029625133,1.6009868320494216,0.10261552812500781,0.0005487409047064684,0.09903218396561783,0.0005777001661181685,10
Indonesia,2020-04-03,1.706532189698331,1.8913394807227328,1.5156992682310697,1.7962611271846627,1.6179539161496308,0.10261552812500781,0.0005487409047064684,0.09903218396561783,0.0005777001661181685,10
Indonesia,2020-04-04,1.6806122565138635,1.8645969241522184,1.4870889993412142,1.7716106860904839,1.5901558803555624,0.10261552812500781,0.0005487409047064684,0.09903218396561783,0.0005777001661181685,10
Indonesia,2020-04-05,1.7185013394189135,1.9024023118875273,1.533426029678506,1.8065198618433973,1.63083028292979,0.10261552812500781,0.0005487409047064684,0.09903218396561783,0.0005777001661181685,10
Indonesia,2020-04-06,1.7550456517078923,1.9420471349690995,1.5697937163512576,1.8421637441850236,1.6678118246141074,0.10261552812500781,0.0005487409047064684,0.09903218396561783,0.0005777001661181685,10
Indonesia,2020-04-07,1.7723870292389936,1.9637313707269277,1.5862253379177242,1.8601822155370968,1.684393950963982,0.10261552812500781,0.0005487409047064684,0.09903218396561783,0.0005777001661181685,10
Indonesia,2020-04-08,1.765873074403129,1.9574973719504598,1.5793301246943283,1.8545913976697648,1.677074664802025,0.10261552812500781,0.0005487409047064684,0.09903218396561783,0.0005777001661181685,10
Indonesia,2020-04-09,1.7751048969099217,1.970768663363855,1.5904523282415965,1.8643061066989024,1.685057063701545,0.10261552812500781,0.0005487409047064684,0.09903218396561783,0.0005777001661181685,10
Indonesia,2020-04-10,1.7278819650488768,1.9188112184286563,1.543206907407823,1.8152396131242285,1.639213179309598,0.10261552812500781,0.0005487409047064684,0.09903218396561783,0.0005777001661181685,10
Indonesia,2020-04-11,1.7195756187683051,1.9129283994748527,1.5350063459488008,1.8074269301052004,1.629670700482015,0.10261552812500781,0.0005487409047064684,0.09903218396561783,0.0005777001661181685,10
Indonesia,2020-04-12,1.6884536812328104,1.877058412716283,1.5066196053053154,1.7783091632107735,1.5988814538664555,0.10261552812500781,0.0005487409047064684,0.09903218396561783,0.0005777001661181685,10
Indonesia,2020-04-13,1.6114178728574973,1.7951183759049987,1.4284024495471614,1.6977385040860518,1.5239680583118975,0.10261552812500781,0.0005487409047064684,0.09903218396561783,0.0005777001661181685,10
Indonesia,2020-04-14,1.5423592456359678,1.7272979788974379,1.3617369671514008,1.6294561387717639,1.456396000557131,0.10261552812500781,0.0005487409047064684,0.09903218396561783,0.0005777001661181685,10
Indonesia,2020-04-15,1.4968089692543969,1.6775604339771655,1.3151239195093143,1.5824224121323711,1.410824187949631,0.10261552812500781,0.0005487409047064684,0.09903218396561783,0.0005777001661181685,10
Indonesia,2020-04-16,1.4676568151334624,1.6508465928893523,1.2857151028916032,1.5542907595252733,1.3809366765542508,0.10261552812500781,0.0005487409047064684,0.09903218396561783,0.0005777001661181685,10
Indonesia,2020-04-17,1.421031470436621,1.6026436222428782,1.2398060280725836,1.5065558008180262,1.3352831962162235,0.10261552812500781,0.0005487409047064684,0.09903218396561783,0.0005777001661181685,10
Indonesia,2020-04-18,1.3507140547187992,1.534888619696699,1.1651881009689025,1.4373576436824083,1.2646807551451769,0.10261552812500781,0.0005487409047064684,0.09903218396561783,0.0005777001661181685,10
Indonesia,2020-04-19,1.2911427811964673,1.4747894227362488,1.102633395477592,1.379198445877241,1.203720862127811,0.10261552812500781,0.0005487409047064684,0.09903218396561783,0.0005777001661181685,10
Indonesia,2020-04-20,1.237745501825302,1.4246212641540952,1.0446253085657606,1.3272674931336974,1.1483105127525177,0.10261552812500781,0.0005487409047064684,0.09903218396561783,0.0005777001661181685,10
Indonesia,2020-04-21,1.2390066195672662,1.4231445762411563,1.0521560557784557,1.3261253824583623,1.1526305890579605,0.10261552812500781,0.0005487409047064684,0.09903218396561783,0.0005777001661181685,10
Indonesia,2020-04-22,1.2221420502648197,1.4039040496086392,1.0377862401739066,1.3086314399164416,1.1346376352457157,0.10261552812500781,0.0005487409047064684,0.09903218396561783,0.0005777001661181685,10
Indonesia,2020-04-23,1.2250998431400881,1.4043021678043375,1.0412833775596393,1.3118444364505732,1.1382442994545459,0.10261552812500781,0.0005487409047064684,0.09903218396561783,0.0005777001661181685,10
Indonesia,2020-04-24,1.220815009464352,1.402413873164225,1.037458472986435,1.3072330494721434,1.1344141560542949,0.10261552812500781,0.0005487409047064684,0.09903218396561783,0.0005777001661181685,10
Indonesia,2020-04-25,1.186171552566993,1.3635088024982438,1.001400286236406,1.2732788248286413,1.0998387815826063,0.10261552812500781,0.0005487409047064684,0.09903218396561783,0.0005777001661181685,10
Indonesia,2020-04-26,1.1382525374157533,1.3196972187021352,0.9521385200763461,1.2264856111011,1.0514177209524762,0.10261552812500781,0.0005487409047064684,0.09903218396561783,0.0005777001661181685,10
Indonesia,2020-04-27,1.1138921921455043,1.2956040333698096,0.9229408319033169,1.2017715739383736,1.0262721012412113,0.10261552812500781,0.0005487409047064684,0.09903218396561783,0.0005777001661181685,10
Indonesia,2020-04-28,1.1303841268530717,1.313446460893039,0.9429036955446894,1.2174556884875678,1.0441035482370729,0.10261552812500781,0.0005487409047064684,0.09903218396561783,0.0005777001661181685,10
Indonesia,2020-04-29,1.119353948770855,1.302403117651393,0.9300143984523421,1.207895515250553,1.0314478357382664,0.10261552812500781,0.0005487409047064684,0.09903218396561783,0.0005777001661181685,10
Indonesia,2020-04-30,1.1351766518723276,1.318556674916553,0.950417313830071,1.2221569125556357,1.04776046018313,0.10261552812500781,0.0005487409047064684,0.09903218396561783,0.0005777001661181685,10
Indonesia,2020-05-01,1.150821775042535,1.3342674790407478,0.9668815674654199,1.237015479258094,1.0637523122117762,0.10261552812500781,0.0005487409047064684,0.09903218396561783,0.0005777001661181685,10
Indonesia,2020-05-02,1.1405917277019282,1.3228946909445294,0.953763456992206,1.228688028651686,1.052802362009496,0.10261552812500781,0.0005487409047064684,0.09903218396561783,0.0005777001661181685,10
Indonesia,2020-05-03,1.1530603750930584,1.3357181870201351,0.9688789899671953,1.2395304314876354,1.066331371448496,0.10261552812500781,0.0005487409047064684,0.09903218396561783,0.0005777001661181685,10
Indonesia,2020-05-04,1.1707721343505093,1.3514216204049239,0.985906539918059,1.2579097212906407,1.0834771184115752,0.10261552812500781,0.0005487409047064684,0.09903218396561783,0.0005777001661181685,10
Indonesia,2020-05-05,1.1828435822113448,1.3630914771325535,1.0025551572312401,1.269688676336993,1.0960221051789476,0.10261552812500781,0.0005487409047064684,0.09903218396561783,0.0005777001661181685,10
Indonesia,2020-05-06,1.1652374306572477,1.3454082091680464,0.983160923494894,1.2513725169915664,1.0781712503384728,0.10261552812500781,0.0005487409047064684,0.09903218396561783,0.0005777001661181685,10
Indonesia,2020-05-07,1.156830817906962,1.3397464932630125,0.971807873205787,1.2441914464844954,1.0704256844008568,0.10261552812500781,0.0005487409047064684,0.09903218396561783,0.0005777001661181685,10
Indonesia,2020-05-08,1.1669342831201197,1.3495281092265934,0.981024307682108,1.252959773581182,1.0801945916899318,0.10261552812500781,0.0005487409047064684,0.09903218396561783,0.0005777001661181685,10
Indonesia,2020-05-09,1.196124069446511,1.378733771141258,1.0142737665116726,1.2829220337028966,1.1097019421449699,0.10261552812500781,0.0005487409047064684,0.09903218396561783,0.0005777001661181685,10
Indonesia,2020-05-10,1.1903091043059004,1.3749415081607999,1.0090090682921338,1.2772434677293134,1.1036723376641608,0.10261552812500781,0.0005487409047064684,0.09903218396561783,0.0005777001661181685,10
Indonesia,2020-05-11,1.1964249656549453,1.3798842478566984,1.0119476620690326,1.2837542380947775,1.1091066748188834,0.10261552812500781,0.0005487409047064684,0.09903218396561783,0.0005777001661181685,10
Indonesia,2020-05-12,1.2569200855731542,1.4400917512156393,1.0739358549426845,1.3428762351233083,1.1706249702151554,0.10261552812500781,0.0005487409047064684,0.09903218396561783,0.0005777001661181685,10
Indonesia,2020-05-13,1.3067645375338468,1.4952412824863697,1.1250054812741064,1.3945466075552884,1.2184318713795959,0.10261552812500781,0.0005487409047064684,0.09903218396561783,0.0005777001661181685,10
Indonesia,2020-05-14,1.3006072361489651,1.4864251990242976,1.1208750406846888,1.3877479449959704,1.2132000062765926,0.10261552812500781,0.0005487409047064684,0.09903218396561783,0.0005777001661181685,10
Indonesia,2020-05-15,1.2818613684338773,1.4695386906385233,1.0995022928600042,1.3677578417871716,1.1947722832465408,0.10261552812500781,0.0005487409047064684,0.09903218396561783,0.0005777001661181685,10
Indonesia,2020-05-16,1.2731391308383235,1.455617885652647,1.0900181697593343,1.3599106334877957,1.1870198350638281,0.10261552812500781,0.0005487409047064684,0.09903218396561783,0.0005777001661181685,10
Indonesia,2020-05-17,1.267777587579092,1.4492403523574957,1.082184056414911,1.3555003638696368,1.1808681550458964,0.10261552812500781,0.0005487409047064684,0.09903218396561783,0.0005777001661181685,10
Indonesia,2020-05-18,1.2754822426573518,1.4592876604255463,1.090297391551486,1.36216597462717,1.1879538059433825,0.10261552812500781,0.0005487409047064684,0.09903218396561783,0.0005777001661181685,10
Indonesia,2020-05-19,1.2965372200101515,1.4802568852753457,1.1142848566024535,1.3835363885481649,1.2094769782846657,0.10261552812500781,0.0005487409047064684,0.09903218396561783,0.0005777001661181685,10
Indonesia,2020-05-20,1.3390195678698094,1.5299193270552949,1.1538089135040197,1.4275844739099388,1.249547828865433,0.10261552812500781,0.0005487409047064684,0.09903218396561783,0.0005777001661181685,10
Indonesia,2020-05-21,1.3615749291417498,1.565578513301515,1.1734503972453993,1.452858683351444,1.2684398649536295,0.10261552812500781,0.0005487409047064684,0.09903218396561783,0.0005777001661181685,10
Indonesia,2020-05-22,1.3165510396261233,1.5106993083922733,1.1311369199793897,1.4066553957546744,1.227094853888294,0.10261552812500781,0.0005487409047064684,0.09903218396561783,0.0005777001661181685,10
Indonesia,2020-05-23,1.2824070093628206,1.4717833213138911,1.0967866824929513,1.3701006161480147,1.1940598294030549,0.10261552812500781,0.0005487409047064684,0.09903218396561783,0.0005777001661181685,10
Indonesia,2020-05-24,1.20047956219614,1.379449748747525,1.0161721855137469,1.2880944551164248,1.1136253583635354,0.10261552812500781,0.0005487409047064684,0.09903218396561783,0.0005777001661181685,10
Indonesia,2020-05-25,1.1461461273061577,1.3302201518501153,0.9556913126015295,1.235143540969479,1.0581312274741514,0.10261552812500781,0.0005487409047064684,0.09903218396561783,0.0005777001661181685,10
Indonesia,2020-05-26,1.1216107404465574,1.3073946897066158,0.9287549311285906,1.211056003033511,1.0319620460650296,0.10261552812500781,0.0005487409047064684,0.09903218396561783,0.0005777001661181685,10
Indonesia,2020-05-27,1.1340144947467234,1.3189083889045614,0.9465462969291032,1.2225068263832322,1.045095466576037,0.10261552812500781,0.0005487409047064684,0.09903218396561783,0.0005777001661181685,10
Indonesia,2020-05-28,1.1349601910341962,1.3194791683782743,0.9476646537941452,1.222250201758457,1.0467063778020858,0.10261552812500781,0.0005487409047064684,0.09903218396561783,0.0005777001661181685,10
Indonesia,2020-05-29,1.1257224926054121,1.307389812298572,0.9388909506937891,1.2141028467513044,1.0375631172865958,0.10261552812500781,0.0005487409047064684,0.09903218396561783,0.0005777001661181685,10
Indonesia,2020-05-30,1.1112410526245227,1.2946680949382057,0.9223093243950061,1.1999817133848292,1.0224192445127098,0.10261552812500781,0.0005487409047064684,0.09903218396561783,0.0005777001661181685,10
Indonesia,2020-05-31,1.1122501679698735,1.2953734109034212,0.9246605400714234,1.2003033921457886,1.024887327680612,0.10261552812500781,0.0005487409047064684,0.09903218396561783,0.0005777001661181685,10
Indonesia,2020-06-01,1.102702593984135,1.2890501234763747,0.9120896170202408,1.1927253395156276,1.013254877781919,0.10261552812500781,0.0005487409047064684,0.09903218396561783,0.0005777001661181685,10
Indonesia,2020-06-02,1.1239763068419513,1.3081831294640192,0.9331636081925945,1.2126223842673678,1.036229111419564,0.10261552812500781,0.0005487409047064684,0.09903218396561783,0.0005777001661181685,10
Indonesia,2020-06-03,1.151762339266094,1.3340967094488159,0.9637990889307734,1.2396492914061692,1.0645259547392927,0.10261552812500781,0.0005487409047064684,0.09903218396561783,0.0005777001661181685,10
Indonesia,2020-06-04,1.176439209826417,1.3606975966025048,0.9911631559099628,1.26348198892663,1.0886827424705716,0.10261552812500781,0.0005487409047064684,0.09903218396561783,0.0005777001661181685,10
Indonesia,2020-06-05,1.220318205039648,1.4038602095751083,1.0343102622387945,1.3076215659641872,1.1324368048189473,0.10261552812500781,0.0005487409047064684,0.09903218396561783,0.0005777001661181685,10
Indonesia,2020-06-06,1.2683737338809715,1.4541514794355201,1.084389736604504,1.3549398675464883,1.1809360452251862,0.10261552812500781,0.0005487409047064684,0.09903218396561783,0.0005777001661181685,10
Indonesia,2020-06-07,1.278201445730124,1.4618426586864137,1.095122136692224,1.3645346160105516,1.190884137819783,0.10261552812500781,0.0005487409047064684,0.09903218396561783,0.0005777001661181685,10
Indonesia,2020-06-08,1.3119096154248244,1.498990208950142,1.1299676499385503,1.3985156835151844,1.2258352065556202,0.10261552812500781,0.0005487409047064684,0.09903218396561783,0.0005777001661181685,10
Indonesia,2020-06-09,1.3462554522558237,1.5357767322504965,1.1619737407184958,1.4360196864115184,1.2578762156588397,0.10261552812500781,0.0005487409047064684,0.09903218396561783,0.0005777001661181685,10
Indonesia,2020-06-10,1.3600938141186931,1.552823998353578,1.1767481052868376,1.448683938812784,1.2707926171493649,0.10261552812500781,0.0005487409047064684,0.09903218396561783,0.0005777001661181685,10
Indonesia,2020-06-11,1.334209758520474,1.5222982859697891,1.151462613140017,1.422555118953892,1.2465611791755413,0.10261552812500781,0.0005487409047064684,0.09903218396561783,0.0005777001661181685,10
Indonesia,2020-06-12,1.312729579043938,1.4970361882868193,1.1317093772816016,1.4004986950059841,1.2251508193155916,0.10261552812500781,0.0005487409047064684,0.09903218396561783,0.0005777001661181685,10
Indonesia,2020-06-13,1.2804891568778463,1.465076181708593,1.0994625658184927,1.3657495100079657,1.1941683617375451,0.10261552812500781,0.0005487409047064684,0.09903218396561783,0.0005777001661181685,10
Indonesia,2020-06-14,1.2521490447276202,1.4354980755124769,1.0709206544179803,1.337412137756797,1.1668280063780907,0.10261552812500781,0.0005487409047064684,0.09903218396561783,0.0005777001661181685,10
Indonesia,2020-06-15,1.2459347878672191,1.4289680604008925,1.0632745158001655,1.3315256866027871,1.1596592006470148,0.10261552812500781,0.0005487409047064684,0.09903218396561783,0.0005777001661181685,10
Indonesia,2020-06-16,1.241747027612143,1.424895843074597,1.0598299436919079,1.328063647590416,1.1554139351695865,0.10261552812500781,0.0005487409047064684,0.09903218396561783,0.0005777001661181685,10
Indonesia,2020-06-17,1.2314206637201792,1.4128998019245222,1.0477279723146284,1.318342500323332,1.1451871967715999,0.10261552812500781,0.0005487409047064684,0.09903218396561783,0.0005777001661181685,10
Indonesia,2020-06-18,1.2280580376769892,1.4108428189748285,1.0446947905670307,1.314954124138725,1.1413124074395395,0.10261552812500781,0.0005487409047064684,0.09903218396561783,0.0005777001661181685,10
Indonesia,2020-06-19,1.1990532525797515,1.3804633503848822,1.0145999538473311,1.2868245073037081,1.11168794862819,0.10261552812500781,0.0005487409047064684,0.09903218396561783,0.0005777001661181685,10
Indonesia,2020-06-20,1.1785912001885765,1.359259691887698,0.9934968159514633,1.2674041501912563,1.0909563890281386,0.10261552812500781,0.0005487409047064684,0.09903218396561783,0.0005777001661181685,10
Indonesia,2020-06-21,1.1466629803142043,1.3311625588791127,0.9576120659744616,1.235069767010023,1.0577269863315837,0.10261552812500781,0.0005487409047064684,0.09903218396561783,0.0005777001661181685,10
Indonesia,2020-06-22,1.139640909913555,1.3247383923132456,0.9509057133376168,1.2282908749989216,1.0520442069265181,0.10261552812500781,0.0005487409047064684,0.09903218396561783,0.0005777001661181685,10
Indonesia,2020-06-23,1.146531203603867,1.3292348343383933,0.9595067478991499,1.23443576164203,1.0591742401023991,0.10261552812500781,0.0005487409047064684,0.09903218396561783,0.0005777001661181685,10
Indonesia,2020-06-24,1.1599567279012069,1.3442636571969204,0.9748075655204599,1.246816649499051,1.0727359896475452,0.10261552812500781,0.0005487409047064684,0.09903218396561783,0.0005777001661181685,10
Indonesia,2020-06-25,1.1741817216090669,1.358264495443652,0.9884835839769172,1.261582561988917,1.0876601056167845,0.10261552812500781,0.0005487409047064684,0.09903218396561783,0.0005777001661181685,10
Indonesia,2020-06-26,1.1857701494436272,1.3689530590154484,1.0005463347703714,1.273897743032372,1.0981552796717133,0.10261552812500781,0.0005487409047064684,0.09903218396561783,0.0005777001661181685,10
Indonesia,2020-06-27,1.192717854625743,1.3791571831339193,1.0104947068163823,1.2792241233065105,1.1053956852246094,0.10261552812500781,0.0005487409047064684,0.09903218396561783,0.0005777001661181685,10
Indonesia,2020-06-28,1.1848588499408448,1.3692899700564967,1.003117848623225,1.2725591836392072,1.0979198258371867,0.10261552812500781,0.0005487409047064684,0.09903218396561783,0.0005777001661181685,10
Indonesia,2020-06-29,1.183043862004067,1.3659452367261973,1.0006930917152153,1.2695099903902296,1.0953345385252815,0.10261552812500781,0.0005487409047064684,0.09903218396561783,0.0005777001661181685,10
Indonesia,2020-06-30,1.199011976104791,1.3827459065977927,1.0167825463392095,1.285195478266837,1.1124374400671246,0.10261552812500781,0.0005487409047064684,0.09903218396561783,0.0005777001661181685,10
Indonesia,2020-07-01,1.2144827438302133,1.39954988979324,1.0299179692651443,1.3009489475259655,1.127436417801479,0.10261552812500781,0.0005487409047064684,0.09903218396561783,0.0005777001661181685,10
Indonesia,2020-07-02,1.2257361136251723,1.4070508080702622,1.0438377595038852,1.3119934499820871,1.138357641630129,0.10261552812500781,0.0005487409047064684,0.09903218396561783,0.0005777001661181685,10
Indonesia,2020-07-03,1.2164779573857507,1.4002314333827723,1.0334020699722815,1.3031986777797606,1.1297512898903057,0.10261552812500781,0.0005487409047064684,0.09903218396561783,0.0005777001661181685,10
Indonesia,2020-07-04,1.2177735201571693,1.4039471490944542,1.035162767033671,1.3038248536625896,1.131440178617673,0.10261552812500781,0.0005487409047064684,0.09903218396561783,0.0005777001661181685,10
Indonesia,2020-07-05,1.21978600306379,1.4065995324748526,1.036157032374732,1.3059060057401086,1.1322315318359835,0.10261552812500781,0.0005487409047064684,0.09903218396561783,0.0005777001661181685,10
Indonesia,2020-07-06,1.21147751126832,1.3969115092914692,1.028457327866703,1.298055070454316,1.1243234198760412,0.10261552812500781,0.0005487409047064684,0.09903218396561783,0.0005777001661181685,10
Indonesia,2020-07-07,1.2278557924419005,1.412017377099067,1.0467336398158453,1.313777231887732,1.1410013508664265,0.10261552812500781,0.0005487409047064684,0.09903218396561783,0.0005777001661181685,10
Indonesia,2020-07-08,1.2660376008498253,1.457290485935867,1.081625102030316,1.3545120544745475,1.1769882419210618,0.10261552812500781,0.0005487409047064684,0.09903218396561783,0.0005777001661181685,10
Indonesia,2020-07-09,1.2835080522182358,1.4781323353191584,1.0980127952550935,1.3727646834254084,1.1933671095160618,0.10261552812500781,0.0005487409047064684,0.09903218396561783,0.0005777001661181685,10
Indonesia,2020-07-10,1.2283736481785676,1.4163311916189336,1.047461386382507,1.3146466923493234,1.1416663518170584,0.10261552812500781,0.0005487409047064684,0.09903218396561783,0.0005777001661181685,10
Indonesia,2020-07-11,1.186397780919194,1.3698965238115222,1.0052840076130143,1.27234249642046,1.100360442098625,0.10261552812500781,0.0005487409047064684,0.09903218396561783,0.0005777001661181685,10
Indonesia,2020-07-12,1.1482186191087016,1.3318776697731711,0.9672274739426893,1.233156552302087,1.0625985821486867,0.10261552812500781,0.0005487409047064684,0.09903218396561783,0.0005777001661181685,10
Indonesia,2020-07-13,1.1108774401707129,1.295927524550565,0.9248550120220342,1.1977276876018914,1.0245615957331276,0.10261552812500781,0.0005487409047064684,0.09903218396561783,0.0005777001661181685,10
Indonesia,2020-07-14,1.0986261820334677,1.2809455262231964,0.9126934394937197,1.1851363003312496,1.0121063118943099,0.10261552812500781,0.0005487409047064684,0.09903218396561783,0.0005777001661181685,10
Indonesia,2020-07-15,1.0877955602302358,1.2688232460540496,0.9000241439570867,1.1750428293513442,1.0017021004335214,0.10261552812500781,0.0005487409047064684,0.09903218396561783,0.0005777001661181685,10
Indonesia,2020-07-16,1.0842189843764285,1.2677198077470098,0.8983349535537573,1.171314570014546,0.9977336485797876,0.10261552812500781,0.0005487409047064684,0.09903218396561783,0.0005777001661181685,10
Indonesia,2020-07-17,1.0833523691168758,1.265066081934052,0.897989138869153,1.170269787007491,0.996538807448635,0.10261552812500781,0.0005487409047064684,0.09903218396561783,0.0005777001661181685,10
Indonesia,2020-07-18,1.0928834167462886,1.2739474415297705,0.9082277689223877,1.1792117089650156,1.0059352360943004,0.10261552812500781,0.0005487409047064684,0.09903218396561783,0.0005777001661181685,10
Indonesia,2020-07-19,1.094423882688632,1.2758496861953266,0.914466794870713,1.1806498825741252,1.008146352663207,0.10261552812500781,0.0005487409047064684,0.09903218396561783,0.0005777001661181685,10
Indonesia,2020-07-20,1.0982097181790005,1.2803217901321087,0.9177056005183534,1.1855342702862781,1.01154737179595,0.10261552812500781,0.0005487409047064684,0.09903218396561783,0.0005777001661181685,10
Indonesia,2020-07-21,1.1016403870577953,1.2822954474709956,0.9196780842758205,1.187945217083799,1.0146316072052275,0.10261552812500781,0.0005487409047064684,0.09903218396561783,0.0005777001661181685,10
Indonesia,2020-07-22,1.1089620797339865,1.2915917135796497,0.9292709064081954,1.1951139466967555,1.0232164150828762,0.10261552812500781,0.0005487409047064684,0.09903218396561783,0.0005777001661181685,10
Indonesia,2020-07-23,1.106340137646673,1.2889408307051635,0.9236959288745903,1.1929722497439303,1.0206916855164292,0.10261552812500781,0.0005487409047064684,0.09903218396561783,0.0005777001661181685,10
Indonesia,2020-07-24,1.0954350239900512,1.2790899257365527,0.9123308519334221,1.1815709649690647,1.0078561350384958,0.10261552812500781,0.0005487409047064684,0.09903218396561783,0.0005777001661181685,10
Indonesia,2020-07-25,1.0857440700107823,1.2712821626247472,0.9004639373580013,1.1727573549383516,0.9987833444261628,0.10261552812500781,0.0005487409047064684,0.09903218396561783,0.0005777001661181685,10
Indonesia,2020-07-26,1.0711643460761098,1.254350161817291,0.8843572847653838,1.1577893530944399,0.9842952193837893,0.10261552812500781,0.0005487409047064684,0.09903218396561783,0.0005777001661181685,10
Indonesia,2020-07-27,1.0737025818553088,1.2538520153862396,0.8881904498066878,1.1622608437650799,0.9846597322327219,0.10261552812500781,0.0005487409047064684,0.09903218396561783,0.0005777001661181685,10
Indonesia,2020-07-28,1.0900752899108155,1.2747002978951838,0.9048532306676643,1.1779371241809358,1.0033610639287576,0.10261552812500781,0.0005487409047064684,0.09903218396561783,0.0005777001661181685,10
Indonesia,2020-07-29,1.1087938659070158,1.29453260787981,0.9261169198224306,1.1953773393175693,1.0219759269977695,0.10261552812500781,0.0005487409047064684,0.09903218396561783,0.0005777001661181685,10
Indonesia,2020-07-30,1.0943789707085907,1.2782211205163234,0.9116357080765587,1.1810986399223407,1.0072819839617326,0.10261552812500781,0.0005487409047064684,0.09903218396561783,0.0005777001661181685,10
Indonesia,2020-07-31,1.0793248620145526,1.2644907879250067,0.8988957088427668,1.164929797028904,0.9939499344065993,0.10261552812500781,0.0005487409047064684,0.09903218396561783,0.0005777001661181685,10
Indonesia,2020-08-01,1.0542564319391197,1.2341492369863973,0.8718306258895109,1.1410055627607476,0.9687425025822608,0.10261552812500781,0.0005487409047064684,0.09903218396561783,0.0005777001661181685,10
Indonesia,2020-08-02,1.0460111134072385,1.2285237903214827,0.8592982613590101,1.133196674265116,0.9591300836958359,0.10261552812500781,0.0005487409047064684,0.09903218396561783,0.0005777001661181685,10
Indonesia,2020-08-03,1.0545957924089953,1.237458366904326,0.869620607574651,1.1413900398679155,0.9685472686985258,0.10261552812500781,0.0005487409047064684,0.09903218396561783,0.0005777001661181685,10
Indonesia,2020-08-04,1.0702853658336533,1.2531464864640935,0.8862720259728869,1.1565567421316403,0.9837826466326612,0.10261552812500781,0.0005487409047064684,0.09903218396561783,0.0005777001661181685,10
Indonesia,2020-08-05,1.0813249222549974,1.2644521025576225,0.8956192694968514,1.1674666686819384,0.9951095827497488,0.10261552812500781,0.0005487409047064684,0.09903218396561783,0.0005777001661181685,10
Indonesia,2020-08-06,1.097138554933855,1.2814750290154882,0.914043653190332,1.1835545217438264,1.0106105100052636,0.10261552812500781,0.0005487409047064684,0.09903218396561783,0.0005777001661181685,10
Indonesia,2020-08-07,1.1141524662464954,1.2974758622602758,0.9327601694085673,1.2010882269784955,1.0272278191911062,0.10261552812500781,0.0005487409047064684,0.09903218396561783,0.0005777001661181685,10
Indonesia,2020-08-08,1.1027101059631115,1.288211866710824,0.9195364187185905,1.19065175084329,1.0149372776639445,0.10261552812500781,0.0005487409047064684,0.09903218396561783,0.0005777001661181685,10
Indonesia,2020-08-09,1.0781270093811484,1.2613009711878254,0.8911934824810874,1.16517042812521,0.9899668639650855,0.10261552812500781,0.0005487409047064684,0.09903218396561783,0.0005777001661181685,10
Indonesia,2020-08-10,1.0601825540123497,1.2414325671657447,0.8742196571924967,1.1471859595173457,0.9727669893848138,0.10261552812500781,0.0005487409047064684,0.09903218396561783,0.0005777001661181685,10
Indonesia,2020-08-11,1.0578996196140613,1.2393617726966768,0.8737904128288223,1.1447079507042144,0.970074674904578,0.10261552812500781,0.0005487409047064684,0.09903218396561783,0.0005777001661181685,10
Indonesia,2020-08-12,1.0695254005279817,1.2509473893977394,0.8835133622993966,1.1553565056631228,0.983235170564073,0.10261552812500781,0.0005487409047064684,0.09903218396561783,0.0005777001661181685,10
Indonesia,2020-08-13,1.0821556380643804,1.2652046127396437,0.9007845634233098,1.1680946715132705,0.9953533976552347,0.10261552812500781,0.0005487409047064684,0.09903218396561783,0.0005777001661181685,10
Indonesia,2020-08-14,1.090717349494825,1.2742637701401012,0.9072500822585517,1.1774539169649942,1.003681618972754,0.10261552812500781,0.0005487409047064684,0.09903218396561783,0.0005777001661181685,10
Indonesia,2020-08-15,1.0855437236643413,1.2683951075200897,0.9027483685044557,1.1728397854547419,0.9985739820174884,0.10261552812500781,0.0005487409047064684,0.09903218396561783,0.0005777001661181685,10
Indonesia,2020-08-16,1.067070924011408,1.2492782037172796,0.8826891860670627,1.153532768883283,0.981257770532184,0.10261552812500781,0.0005487409047064684,0.09903218396561783,0.0005777001661181685,10
Indonesia,2020-08-17,1.0493740679690056,1.2285177700493104,0.8633679649755349,1.1361744856279736,0.9615671620681401,0.10261552812500781,0.0005487409047064684,0.09903218396561783,0.0005777001661181685,10
Indonesia,2020-08-18,1.0443433478737045,1.2266608362429523,0.859992910409607,1.132248871202577,0.9563583898442795,0.10261552812500781,0.0005487409047064684,0.09903218396561783,0.0005777001661181685,10
Indonesia,2020-08-19,1.0580723377806964,1.2415663602275702,0.873817906286493,1.144704485909444,0.9718153946197603,0.10261552812500781,0.0005487409047064684,0.09903218396561783,0.0005777001661181685,10
Indonesia,2020-08-20,1.07787003112746,1.26147695956205,0.8929569633812076,1.1639114681632114,0.9900551505583001,0.10261552812500781,0.0005487409047064684,0.09903218396561783,0.0005777001661181685,10
Indonesia,2020-08-21,1.087303753936718,1.271578258882506,0.9004892975550329,1.1740876021336308,1.0011357917117607,0.10261552812500781,0.0005487409047064684,0.09903218396561783,0.0005777001661181685,10
Indonesia,2020-08-22,1.0930149978604735,1.2790748363063065,0.9077211106605036,1.1797565741275924,1.0054766446581158,0.10261552812500781,0.0005487409047064684,0.09903218396561783,0.0005777001661181685,10
Indonesia,2020-08-23,1.1036920500256044,1.2886474609493226,0.9151526086325805,1.1914485154587764,1.0158445921758357,0.10261552812500781,0.0005487409047064684,0.09903218396561783,0.0005777001661181685,10
Indonesia,2020-08-24,1.122302877172238,1.307282193668993,0.9367463804792744,1.2097625273042174,1.0352856878682495,0.10261552812500781,0.0005487409047064684,0.09903218396561783,0.0005777001661181685,10
Indonesia,2020-08-25,1.1588119158222034,1.3431098084873416,0.9753233384775679,1.245503515580328,1.0718213057795936,0.10261552812500781,0.0005487409047064684,0.09903218396561783,0.0005777001661181685,10
Indonesia,2020-08-26,1.1885597587371883,1.3746083455839346,1.00661457230749,1.274930382173956,1.1021657192487695,0.10261552812500781,0.0005487409047064684,0.09903218396561783,0.0005777001661181685,10
Indonesia,2020-08-27,1.2227800154762158,1.4090563180808462,1.0405390829833518,1.309667018367644,1.135909869096656,0.10261552812500781,0.0005487409047064684,0.09903218396561783,0.0005777001661181685,10
Indonesia,2020-08-28,1.248649774875379,1.4390332375117445,1.064761073561916,1.3372352452662843,1.161155907479245,0.10261552812500781,0.0005487409047064684,0.09903218396561783,0.0005777001661181685,10
Indonesia,2020-08-29,1.2588037743676193,1.4475391649297,1.0738882675954873,1.3472416637293962,1.1704779299436954,0.10261552812500781,0.0005487409047064684,0.09903218396561783,0.0005777001661181685,10
Indonesia,2020-08-30,1.2464798937624897,1.4351924634088706,1.0608899299427041,1.3345259882659717,1.1595059115660045,0.10261552812500781,0.0005487409047064684,0.09903218396561783,0.0005777001661181685,10
Indonesia,2020-08-31,1.2353742373859151,1.422279907503414,1.0506828614246106,1.3235933815996552,1.147781673156762,0.10261552812500781,0.0005487409047064684,0.09903218396561783,0.0005777001661181685,10
Indonesia,2020-09-01,1.2329887436050289,1.4191037843265695,1.0478964883555164,1.3205709168149518,1.1454668973382394,0.10261552812500781,0.0005487409047064684,0.09903218396561783,0.0005777001661181685,10
Indonesia,2020-09-02,1.2387165843309478,1.4238416810604515,1.053856836421648,1.3268798106490336,1.1515350419742918,0.10261552812500781,0.0005487409047064684,0.09903218396561783,0.0005777001661181685,10
Indonesia,2020-09-03,1.243204121603078,1.4285516410403334,1.059758501810719,1.330904201246914,1.1552448749529178,0.10261552812500781,0.0005487409047064684,0.09903218396561783,0.0005777001661181685,10
Indonesia,2020-09-04,1.2291085314131975,1.4124992334586959,1.0444901460982559,1.316139070177456,1.1419066667323707,0.10261552812500781,0.0005487409047064684,0.09903218396561783,0.0005777001661181685,10
Indonesia,2020-09-05,1.212530396199847,1.3970237366965756,1.0258750611335599,1.2994230028002258,1.1254084050765392,0.10261552812500781,0.0005487409047064684,0.09903218396561783,0.0005777001661181685,10
Indonesia,2020-09-06,1.2010619852821418,1.3837392017774466,1.014534363121927,1.288734201218268,1.1147442402463348,0.10261552812500781,0.0005487409047064684,0.09903218396561783,0.0005777001661181685,10
Indonesia,2020-09-07,1.1837693925474257,1.367243316962856,0.999009118267084,1.2719750214736967,1.0958294668552506,0.10261552812500781,0.0005487409047064684,0.09903218396561783,0.0005777001661181685,10
Indonesia,2020-09-08,1.182229364790375,1.366368686328486,0.9967042922435106,1.269680880939929,1.0946467866958898,0.10261552812500781,0.0005487409047064684,0.09903218396561783,0.0005777001661181685,10
Indonesia,2020-09-09,1.1901445354432687,1.3744293778794916,1.0056521366493671,1.2755731259267835,1.1043200969970883,0.10261552812500781,0.0005487409047064684,0.09903218396561783,0.0005777001661181685,10
Indonesia,2020-09-10,1.199435034626534,1.3845831989805217,1.0173478727351697,1.2856022141252237,1.1134660538344425,0.10261552812500781,0.0005487409047064684,0.09903218396561783,0.0005777001661181685,10
Indonesia,2020-09-11,1.195416112820528,1.3811569637917627,1.0124246225192857,1.281990044022884,1.108748592046091,0.10261552812500781,0.0005487409047064684,0.09903218396561783,0.0005777001661181685,10
Indonesia,2020-09-12,1.1863026041376505,1.3691722306814949,1.002815412718603,1.2725800518384578,1.1003358020147382,0.10261552812500781,0.0005487409047064684,0.09903218396561783,0.0005777001661181685,10
Indonesia,2020-09-13,1.1699973177397194,1.3536422187215664,0.9823214419627485,1.2568936856634765,1.0834614396056241,0.10261552812500781,0.0005487409047064684,0.09903218396561783,0.0005777001661181685,10
Indonesia,2020-09-14,1.155029534768813,1.339495935094102,0.9695168656812342,1.2417129199959047,1.0687953706356155,0.10261552812500781,0.0005487409047064684,0.09903218396561783,0.0005777001661181685,10
Indonesia,2020-09-15,1.1565078295420215,1.3390626340737495,0.9727588133409959,1.2424706128096725,1.070295495531238,0.10261552812500781,0.0005487409047064684,0.09903218396561783,0.0005777001661181685,10
Indonesia,2020-09-16,1.1626177821107735,1.3434677407848956,0.9777486507306654,1.2489554334119708,1.0769930793628848,0.10261552812500781,0.0005487409047064684,0.09903218396561783,0.0005777001661181685,10
Indonesia,2020-09-17,1.1614795544787424,1.3455434481197468,0.9789496547174206,1.2489133352284936,1.0747478069879854,0.10261552812500781,0.0005487409047064684,0.09903218396561783,0.0005777001661181685,10
Indonesia,2020-09-18,1.165934822935451,1.3500824580091089,0.9830525214032183,1.2523881716400258,1.0785812036410574,0.10261552812500781,0.0005487409047064684,0.09903218396561783,0.0005777001661181685,10
Indonesia,2020-09-19,1.1702208522625634,1.3539734470220641,0.9882927930430714,1.2569118825193875,1.0835198586644252,0.10261552812500781,0.0005487409047064684,0.09903218396561783,0.0005777001661181685,10
Indonesia,2020-09-20,1.168028406161564,1.3526481364116234,0.9841703776581946,1.253944712637219,1.0820177878181805,0.10261552812500781,0.0005487409047064684,0.09903218396561783,0.0005777001661181685,10
Indonesia,2020-09-21,1.1672827932720073,1.3508881576448406,0.9834967663591957,1.2540284770216419,1.0805998250245645,0.10261552812500781,0.0005487409047064684,0.09903218396561783,0.0005777001661181685,10
Indonesia,2020-09-22,1.164896551640237,1.3477305396462906,0.9824621081557636,1.2512029655148367,1.0775003607488545,0.10261552812500781,0.0005487409047064684,0.09903218396561783,0.0005777001661181685,10
Indonesia,2020-09-23,1.1643072099757412,1.349431091319544,0.9842069244930547,1.250967722115194,1.0781051612974608,0.10261552812500781,0.0005487409047064684,0.09903218396561783,0.0005777001661181685,10
Indonesia,2020-09-24,1.1573320944500542,1.3424757919709842,0.9772065037040467,1.2443241993182343,1.0701191549735816,0.10261552812500781,0.0005487409047064684,0.09903218396561783,0.0005777001661181685,10
Indonesia,2020-09-25,1.141978182416842,1.3252256455212064,0.9580507157945644,1.2301346224234055,1.0546435846350326,0.10261552812500781,0.0005487409047064684,0.09903218396561783,0.0005777001661181685,10
Indonesia,2020-09-26,1.11479225484223,1.296156446228674,0.9313186737490555,1.2014688625415955,1.0282116099730862,0.10261552812500781,0.0005487409047064684,0.09903218396561783,0.0005777001661181685,10
Indonesia,2020-09-27,1.0831781357718488,1.263266228268751,0.898695400976346,1.1705046039820157,0.9955533823330266,0.10261552812500781,0.0005487409047064684,0.09903218396561783,0.0005777001661181685,10
Indonesia,2020-09-28,1.0616169341436503,1.2447239798791783,0.8743349488426497,1.1484127027339095,0.9754924282863996,0.10261552812500781,0.0005487409047064684,0.09903218396561783,0.0005777001661181685,10
Indonesia,2020-09-29,1.0564752036007048,1.2378996981413497,0.8718148663480549,1.1423005719718347,0.9697145515624598,0.10261552812500781,0.0005487409047064684,0.09903218396561783,0.0005777001661181685,10
Indonesia,2020-09-30,1.0553619180553508,1.2389324729113589,0.870599817793689,1.1426281990554805,0.9685809144888262,0.10261552812500781,0.0005487409047064684,0.09903218396561783,0.0005777001661181685,10
Indonesia,2020-10-01,1.0502616338907813,1.2346579495590047,0.8660010195893342,1.1373004735475387,0.9624657146652456,0.10261552812500781,0.0005487409047064684,0.09903218396561783,0.0005777001661181685,10
Indonesia,2020-10-02,1.0445648347366714,1.2274583497266507,0.8628721369669375,1.1311559503735313,0.9578012744157546,0.10261552812500781,0.0005487409047064684,0.09903218396561783,0.0005777001661181685,10
Indonesia,2020-10-03,1.0351250419438838,1.2163473627794619,0.8514175420783676,1.1210648020982654,0.9477912169558846,0.10261552812500781,0.0005487409047064684,0.09903218396561783,0.0005777001661181685,10
Indonesia,2020-10-04,1.0293979420791202,1.2116036816052536,0.8444723981392155,1.1148429978653076,0.9422591557488733,0.10261552812500781,0.0005487409047064684,0.09903218396561783,0.0005777001661181685,10
Indonesia,2020-10-05,1.0261569515441482,1.2083485095431985,0.8407655107392048,1.1139263866893474,0.9390752243986017,0.10261552812500781,0.0005487409047064684,0.09903218396561783,0.0005777001661181685,10
Indonesia,2020-10-06,1.0352030581101135,1.2198819368393004,0.8504539380943515,1.1227440329630634,0.9465104001680986,0.10261552812500781,0.0005487409047064684,0.09903218396561783,0.0005777001661181685,10
Indonesia,2020-10-07,1.0455587728336573,1.2300751974031843,0.8624434311622071,1.1330106160273303,0.9584819718205122,0.10261552812500781,0.0005487409047064684,0.09903218396561783,0.0005777001661181685,10
Indonesia,2020-10-08,1.047072038711336,1.231939855594951,0.8630901985541776,1.1337290162088507,0.9603678868969029,0.10261552812500781,0.0005487409047064684,0.09903218396561783,0.0005777001661181685,10
Indonesia,2020-10-09,1.0332444545382027,1.2161601847237713,0.850019569932765,1.1190848643767979,0.9469823936461045,0.10261552812500781,0.0005487409047064684,0.09903218396561783,0.0005777001661181685,10
Indonesia,2020-10-10,1.022715023373896,1.2048100732318574,0.8397351520196163,1.1084329955493326,0.9364065987165188,0.10261552812500781,0.0005487409047064684,0.09903218396561783,0.0005777001661181685,10
Indonesia,2020-10-11,1.0119054330512833,1.1961435565363725,0.8273403573760385,1.0985014431800966,0.9244651607938782,0.10261552812500781,0.0005487409047064684,0.09903218396561783,0.0005777001661181685,10
Indonesia,2020-10-12,0.9930165844661845,1.1757664043468459,0.8082400635923573,1.0795160530880594,0.9054797341352513,0.10261552812500781,0.0005487409047064684,0.09903218396561783,0.0005777001661181685,10
Indonesia,2020-10-13,0.9949523611849982,1.1772409605083216,0.8094301742000911,1.081388731813301,0.9079511771915308,0.10261552812500781,0.0005487409047064684,0.09903218396561783,0.0005777001661181685,10
Indonesia,2020-10-14,1.0009688939841317,1.1822087070550262,0.817857513779031,1.0875277403569434,0.9137491473774038,0.10261552812500781,0.0005487409047064684,0.09903218396561783,0.0005777001661181685,10
Indonesia,2020-10-15,1.0055696950735222,1.1902665643769206,0.8233503678147633,1.0920327537435497,0.9190400550571219,0.10261552812500781,0.0005487409047064684,0.09903218396561783,0.0005777001661181685,10
Indonesia,2020-10-16,1.0029667569416885,1.186271364297875,0.8200200533269459,1.0890508049783756,0.9163407328917615,0.10261552812500781,0.0005487409047064684,0.09903218396561783,0.0005777001661181685,10
Indonesia,2020-10-17,0.9951435590859155,1.1767243749307412,0.8107317154455046,1.0816504394747812,0.9093278239454137,0.10261552812500781,0.0005487409047064684,0.09903218396561783,0.0005777001661181685,10
Indonesia,2020-10-18,0.9822212147670389,1.1668685696489383,0.800814886266876,1.0682609273472807,0.8959994623067127,0.10261552812500781,0.0005487409047064684,0.09903218396561783,0.0005777001661181685,10
Indonesia,2020-10-19,0.9695489062435372,1.1519341938112198,0.7849217588450978,1.0555507736792775,0.8844919003489029,0.10261552812500781,0.0005487409047064684,0.09903218396561783,0.0005777001661181685,10
Indonesia,2020-10-20,0.9710608677921458,1.1526116367875991,0.7852701221562244,1.0581357134473568,0.8842735540319189,0.10261552812500781,0.0005487409047064684,0.09903218396561783,0.0005777001661181685,10
Indonesia,2020-10-21,0.9810846479528286,1.1665817484217131,0.7971815269362373,1.0676263769640868,0.8942394830753063,0.10261552812500781,0.0005487409047064684,0.09903218396561783,0.0005777001661181685,10
Indonesia,2020-10-22,0.9842371757625329,1.170997641001012,0.8022294298286917,1.0707277628663554,0.8978214087541487,0.10261552812500781,0.0005487409047064684,0.09903218396561783,0.0005777001661181685,10
Indonesia,2020-10-23,0.975342453775153,1.1563472790436458,0.7917292406935412,1.0619189224488341,0.8889076386409149,0.10261552812500781,0.0005487409047064684,0.09903218396561783,0.0005777001661181685,10
Indonesia,2020-10-24,0.9573948386609544,1.1392006931360623,0.7744791197584939,1.043728410703048,0.871860554747055,0.10261552812500781,0.0005487409047064684,0.09903218396561783,0.0005777001661181685,10
Indonesia,2020-10-25,0.936805691763925,1.1177284828255465,0.7522465498051897,1.023874356102024,0.8501067871746437,0.10261552812500781,0.0005487409047064684,0.09903218396561783,0.0005777001661181685,10
Indonesia,2020-10-26,0.9182641719716292,1.1009960184149756,0.7310277847793345,1.0059519309839284,0.8320402790565732,0.10261552812500781,0.0005487409047064684,0.09903218396561783,0.0005777001661181685,10
Indonesia,2020-10-27,0.9126695937695533,1.0953234299350882,0.7292456113912266,0.9997902130243147,0.8257988215175386,0.10261552812500781,0.0005487409047064684,0.09903218396561783,0.0005777001661181685,10
Indonesia,2020-10-28,0.9093590403819155,1.09263833207004,0.7266267077004821,0.9959409160736752,0.8224708374223428,0.10261552812500781,0.0005487409047064684,0.09903218396561783,0.0005777001661181685,10
Indonesia,2020-10-29,0.8940068928434077,1.0787463065306395,0.7101964753836361,0.980307235664043,0.8078003989426389,0.10261552812500781,0.0005487409047064684,0.09903218396561783,0.0005777001661181685,10
Indonesia,2020-10-30,0.8770574193645053,1.0595278986080627,0.6901870216290189,0.9648548546979374,0.7890511311677771,0.10261552812500781,0.0005487409047064684,0.09903218396561783,0.0005777001661181685,10
Indonesia,2020-10-31,0.8741334136608571,1.0566266402048299,0.6858377986993941,0.9613312800467799,0.786447222083608,0.10261552812500781,0.0005487409047064684,0.09903218396561783,0.0005777001661181685,10
Indonesia,2020-11-01,0.875044464177059,1.059298944781518,0.6867233827327268,0.9643684334621175,0.7868152121399716,0.10261552812500781,0.0005487409047064684,0.09903218396561783,0.0005777001661181685,10
Indonesia,2020-11-02,0.8907054330891593,1.0771250234197445,0.7045919135036651,0.9787289045764136,0.8034485478238105,0.10261552812500781,0.0005487409047064684,0.09903218396561783,0.0005777001661181685,10
Indonesia,2020-11-03,0.9218517086833418,1.1046104723133376,0.734214291880575,1.0084436059248496,0.8350693412630903,0.10261552812500781,0.0005487409047064684,0.09903218396561783,0.0005777001661181685,10
Indonesia,2020-11-04,0.9619312723386052,1.147509106357435,0.7763033888386596,1.0480438460120651,0.8752638673047741,0.10261552812500781,0.0005487409047064684,0.09903218396561783,0.0005777001661181685,10
Indonesia,2020-11-05,1.0010545209238122,1.1852542536558905,0.8190364819381086,1.08683769052169,0.9146467497958577,0.10261552812500781,0.0005487409047064684,0.09903218396561783,0.0005777001661181685,10
Indonesia,2020-11-06,1.023015591194572,1.2069353384547599,0.8400650896307339,1.1098171558403285,0.9375453190587694,0.10261552812500781,0.0005487409047064684,0.09903218396561783,0.0005777001661181685,10
Indonesia,2020-11-07,1.040832278123979,1.2250258758222636,0.85938546482004,1.1271715473409123,0.9548190358412866,0.10261552812500781,0.0005487409047064684,0.09903218396561783,0.0005777001661181685,10
Indonesia,2020-11-08,1.0416723157542278,1.2232830900946285,0.8592617525924515,1.1283990378081428,0.955341501861824,0.10261552812500781,0.0005487409047064684,0.09903218396561783,0.0005777001661181685,10
Indonesia,2020-11-09,1.0418926914080835,1.2219299461297721,0.8561040336548488,1.1293157564788399,0.9545901229238344,0.10261552812500781,0.0005487409047064684,0.09903218396561783,0.0005777001661181685,10
Indonesia,2020-11-10,1.0665387151805847,1.2503630944891602,0.8826770113933081,1.1536272442523976,0.9789945830968931,0.10261552812500781,0.0005487409047064684,0.09903218396561783,0.0005777001661181685,10
Indonesia,2020-11-11,1.0917719140811222,1.2800061127927036,0.9097073292920849,1.1784654032952402,1.0036003729513996,0.10261552812500781,0.0005487409047064684,0.09903218396561783,0.0005777001661181685,10
Indonesia,2020-11-12,1.1216074439368122,1.3099332922585747,0.9348142702755999,1.210241777567687,1.0334596834658698,0.10261552812500781,0.0005487409047064684,0.09903218396561783,0.0005777001661181685,10
Indonesia,2020-11-13,1.1485342124750304,1.3396710720418883,0.961947357517917,1.2378081325738164,1.0597347555805687,0.10261552812500781,0.0005487409047064684,0.09903218396561783,0.0005777001661181685,10
Indonesia,2020-11-14,1.1422979807614877,1.3335672890363306,0.9573420522691649,1.2310704604734983,1.0528766878033202,0.10261552812500781,0.0005487409047064684,0.09903218396561783,0.0005777001661181685,10
Indonesia,2020-11-15,1.1144228670042557,1.2995809208896647,0.9303662601222686,1.2002317708640795,1.027550009986516,0.10261552812500781,0.0005487409047064684,0.09903218396561783,0.0005777001661181685,10
Indonesia,2020-11-16,1.0941309805595087,1.276596081854028,0.9086107795019064,1.1804414580398654,1.0071956554029198,0.10261552812500781,0.0005487409047064684,0.09903218396561783,0.0005777001661181685,10
Indonesia,2020-11-17,1.0938157225211576,1.2763401222465756,0.9102308762656595,1.1797920614475113,1.007938232127748,0.10261552812500781,0.0005487409047064684,0.09903218396561783,0.0005777001661181685,10
Indonesia,2020-11-18,1.106978307969984,1.2866363798576224,0.9278682875065145,1.192592227822836,1.0206841434538751,0.10261552812500781,0.0005487409047064684,0.09903218396561783,0.0005777001661181685,10
Indonesia,2020-11-19,1.122012025514909,1.301417681342719,0.9412845912455724,1.209061420292611,1.0353624783905158,0.10261552812500781,0.0005487409047064684,0.09903218396561783,0.0005777001661181685,10
Indonesia,2020-11-20,1.128936475678575,1.3114949063985326,0.946238596498491,1.2150385231243024,1.04238130160873,0.10261552812500781,0.0005487409047064684,0.09903218396561783,0.0005777001661181685,10
Indonesia,2020-11-21,1.1304844027265881,1.3115186272519834,0.9463537468524512,1.2166826247060172,1.0448079089812519,0.10261552812500781,0.0005487409047064684,0.09903218396561783,0.0005777001661181685,10
Indonesia,2020-11-22,1.123866318864206,1.3028609292743407,0.9402743008019713,1.209512155241177,1.0382893101747754,0.10261552812500781,0.0005487409047064684,0.09903218396561783,0.0005777001661181685,10
Indonesia,2020-11-23,1.1256513458650361,1.3057355984388064,0.9424279364977136,1.2114055813729832,1.0401860882492744,0.10261552812500781,0.0005487409047064684,0.09903218396561783,0.0005777001661181685,10
Indonesia,2020-11-24,1.1349160122504882,1.3156197555678748,0.9485933061313274,1.2223515974486834,1.0479479967922138,0.10261552812500781,0.0005487409047064684,0.09903218396561783,0.0005777001661181685,10
Indonesia,2020-11-25,1.1587943624444694,1.3408531799275116,0.9747766380183287,1.2450525657271412,1.0714907891091912,0.10261552812500781,0.0005487409047064684,0.09903218396561783,0.0005777001661181685,10
Indonesia,2020-11-26,1.1683093678502887,1.3501015949207487,0.9866333422944281,1.2543720747430807,1.0815079265752061,0.10261552812500781,0.0005487409047064684,0.09903218396561783,0.0005777001661181685,10
Indonesia,2020-11-27,1.182223465653432,1.3670335375952478,1.0025307040413955,1.268727957676474,1.0952081486823861,0.10261552812500781,0.0005487409047064684,0.09903218396561783,0.0005777001661181685,10
Indonesia,2020-11-28,1.1825315526287574,1.3654222334327855,0.9999682374498144,1.2685579338773991,1.0965017803342838,0.10261552812500781,0.0005487409047064684,0.09903218396561783,0.0005777001661181685,10
Indonesia,2020-11-29,1.1831743244367183,1.365699060744581,1.0047478830007193,1.2680241035629276,1.097206444045751,0.10261552812500781,0.0005487409047064684,0.09903218396561783,0.0005777001661181685,10
Indonesia,2020-11-30,1.1673570847475798,1.3525021763092002,0.9845128384869631,1.2533899617296096,1.0818754815466818,0.10261552812500781,0.0005487409047064684,0.09903218396561783,0.0005777001661181685,10
Indonesia,2020-12-01,1.1728138085113005,1.3575500795382376,0.9923864836881832,1.2583114191272244,1.0873367934826859,0.10261552812500781,0.0005487409047064684,0.09903218396561783,0.0005777001661181685,10
Indonesia,2020-12-02,1.1881469262314435,1.374183536622739,1.005488030508859,1.2737084124287998,1.1018566838320212,0.10261552812500781,0.0005487409047064684,0.09903218396561783,0.0005777001661181685,10
Indonesia,2020-12-03,1.2077407015175146,1.395229895395477,1.026485799561149,1.2948001829604725,1.1205401507946173,0.10261552812500781,0.0005487409047064684,0.09903218396561783,0.0005777001661181685,10
Indonesia,2020-12-04,1.1781793250756034,1.36180197572155,0.9983592440638621,1.2638447547831457,1.0918039782721973,0.10261552812500781,0.0005487409047064684,0.09903218396561783,0.0005777001661181685,10
Indonesia,2020-12-05,1.1572128058207258,1.339905264147154,0.9754273727759427,1.2433057060438257,1.0714528758214716,0.10261552812500781,0.0005487409047064684,0.09903218396561783,0.0005777001661181685,10
Indonesia,2020-12-06,1.1378457884389597,1.317969555337136,0.9555851684272203,1.2237763655208251,1.051347673578476,0.10261552812500781,0.0005487409047064684,0.09903218396561783,0.0005777001661181685,10
Indonesia,2020-12-07,1.1184277302124805,1.2994145117536289,0.9366123576476385,1.2054128187445283,1.0320347057515262,0.10261552812500781,0.0005487409047064684,0.09903218396561783,0.0005777001661181685,10
Indonesia,2020-12-08,1.1056557877086821,1.2839452251970838,0.9214326874632157,1.1918279408504135,1.0199067449673802,0.10261552812500781,0.0005487409047064684,0.09903218396561783,0.0005777001661181685,10
Indonesia,2020-12-09,1.1056476574233505,1.288104927652663,0.9219866314410727,1.1920851471331653,1.0197013074699501,0.10261552812500781,0.0005487409047064684,0.09903218396561783,0.0005777001661181685,10
Indonesia,2020-12-10,1.1052046861040963,1.287400050425417,0.9231759980969884,1.192377204865065,1.0186696016778842,0.10261552812500781,0.0005487409047064684,0.09903218396561783,0.0005777001661181685,10
Indonesia,2020-12-11,1.1062439465356435,1.2893435437295788,0.9213261444866059,1.1932174237415438,1.0194100669176132,0.10261552812500781,0.0005487409047064684,0.09903218396561783,0.0005777001661181685,10
Indonesia,2020-12-12,1.1040487677943347,1.2867109816554638,0.9202958220184723,1.1908202383635096,1.016649502600628,0.10261552812500781,0.0005487409047064684,0.09903218396561783,0.0005777001661181685,10
Indonesia,2020-12-13,1.0990205202673908,1.2810216290200644,0.91500301631024,1.1856754879442148,1.0119483230346231,0.10261552812500781,0.0005487409047064684,0.09903218396561783,0.0005777001661181685,10
Indonesia,2020-12-14,1.0959966910435317,1.2780237103279528,0.9122227957620175,1.1840316845652137,1.0084712904157895,0.10261552812500781,0.0005487409047064684,0.09903218396561783,0.0005777001661181685,10
Indonesia,2020-12-15,1.107291485137137,1.2877560798179317,0.9239731648816871,1.1946580373911657,1.0199062654754703,0.10261552812500781,0.0005487409047064684,0.09903218396561783,0.0005777001661181685,10
Indonesia,2020-12-16,1.1221950980570845,1.3054340095485286,0.9394416221078705,1.2098766446141902,1.0353569489471222,0.10261552812500781,0.0005487409047064684,0.09903218396561783,0.0005777001661181685,10
Indonesia,2020-12-17,1.1323321452631285,1.3165268941855648,0.9510262373937959,1.2198978803122817,1.0448049455129544,0.10261552812500781,0.0005487409047064684,0.09903218396561783,0.0005777001661181685,10
Indonesia,2020-12-18,1.1317860709814453,1.3150893899954277,0.9491833318329681,1.2195977138067131,1.043933393110948,0.10261552812500781,0.0005487409047064684,0.09903218396561783,0.0005777001661181685,10
Indonesia,2020-12-19,1.133480777146419,1.3194900981886202,0.9494450957073948,1.2202355787196435,1.0460463353751006,0.10261552812500781,0.0005487409047064684,0.09903218396561783,0.0005777001661181685,10
Indonesia,2020-12-20,1.1217480600681335,1.3066763985159113,0.9363832867079139,1.2078864842094637,1.0347798965214166,0.10261552812500781,0.0005487409047064684,0.09903218396561783,0.0005777001661181685,10
Indonesia,2020-12-21,1.1098644233039199,1.295791475228122,0.9252274462634128,1.1969730132164835,1.0231305210837045,0.10261552812500781,0.0005487409047064684,0.09903218396561783,0.0005777001661181685,10
Indonesia,2020-12-22,1.1001057208733729,1.2845648658731736,0.9167588262587353,1.1870533426281376,1.0127992807641573,0.10261552812500781,0.0005487409047064684,0.09903218396561783,0.0005777001661181685,10
Indonesia,2020-12-23,1.1006933065372029,1.2830822249770033,0.916503161965543,1.1883948857070532,1.013626701751246,0.10261552812500781,0.0005487409047064684,0.09903218396561783,0.0005777001661181685,10
Indonesia,2020-12-24,1.093904420658947,1.2781866368698283,0.9086793999742919,1.1812717739978984,1.006634897637575,0.10261552812500781,0.0005487409047064684,0.09903218396561783,0.0005777001661181685,10
Indonesia,2020-12-25,1.0857195803908797,1.26862413591764,0.8992568058162609,1.1727653755366396,0.9989555631617748,0.10261552812500781,0.0005487409047064684,0.09903218396561783,0.0005777001661181685,10
Indonesia,2020-12-26,1.0753773966954303,1.2587965806258146,0.8866297599781678,1.162710601515335,0.9878912297710188,0.10261552812500781,0.0005487409047064684,0.09903218396561783,0.0005777001661181685,10
Indonesia,2020-12-27,1.0712877048387852,1.256018290277964,0.8876973110796058,1.1589886874754514,0.9832876341701954,0.10261552812500781,0.0005487409047064684,0.09903218396561783,0.0005777001661181685,10
Indonesia,2020-12-28,1.0756382393792503,1.2604682558288023,0.8908421312275341,1.1635601787644805,0.9883822914457714,0.10261552812500781,0.0005487409047064684,0.09903218396561783,0.0005777001661181685,10
Indonesia,2020-12-29,1.0987087828431021,1.2839411709169744,0.9134707708842396,1.1853176025508492,1.011943377976393,0.10261552812500781,0.0005487409047064684,0.09903218396561783,0.0005777001661181685,10
Indonesia,2020-12-30,1.1109899098778082,1.2933638485826005,0.9269370788783152,1.1973184504311933,1.0251145648714097,0.10261552812500781,0.0005487409047064684,0.09903218396561783,0.0005777001661181685,10
Indonesia,2020-12-31,1.1147001533252616,1.2974420442984902,0.9322313361717324,1.201201152106257,1.0274883522659164,0.10261552812500781,0.0005487409047064684,0.09903218396561783,0.0005777001661181685,10
Indonesia,2021-01-01,1.1119080482861952,1.2947063607855829,0.9289073458968313,1.1976490059044786,1.0253601572400137,0.10261552812500781,0.0005487409047064684,0.09903218396561783,0.0005777001661181685,10
Indonesia,2021-01-02,1.1033586687767318,1.2861051143472042,0.9197170894549247,1.1908530686694336,1.0154293497639535,0.10261552812500781,0.0005487409047064684,0.09903218396561783,0.0005777001661181685,10
Indonesia,2021-01-03,1.103491833435092,1.2854978428889763,0.9178742216337497,1.1906208599896368,1.0166662124955677,0.10261552812500781,0.0005487409047064684,0.09903218396561783,0.0005777001661181685,10
Indonesia,2021-01-04,1.115866714687255,1.2988649379760329,0.9280692723029953,1.2041584622441377,1.0279852262899556,0.10261552812500781,0.0005487409047064684,0.09903218396561783,0.0005777001661181685,10
Indonesia,2021-01-05,1.1437863708677458,1.3302488019957124,0.9578709253757358,1.2312513560413723,1.056830915902004,0.10261552812500781,0.0005487409047064684,0.09903218396561783,0.0005777001661181685,10
Indonesia,2021-01-06,1.1793742026066625,1.365130009241665,0.9950070935128462,1.2669339837539977,1.0915690552188928,0.10261552812500781,0.0005487409047064684,0.09903218396561783,0.0005777001661181685,10
Indonesia,2021-01-07,1.2078356014727458,1.3946387398072222,1.0221737024521254,1.2956313458993958,1.1207493239238957,0.10261552812500781,0.0005487409047064684,0.09903218396561783,0.0005777001661181685,10
Indonesia,2021-01-08,1.229194699752755,1.416646515356501,1.0448127903575912,1.3166149807936478,1.1423402679218257,0.10261552812500781,0.0005487409047064684,0.09903218396561783,0.0005777001661181685,10
Indonesia,2021-01-09,1.2306141068681893,1.4176029287971033,1.0470322885157253,1.3182083546147882,1.1427835311007377,0.10261552812500781,0.0005487409047064684,0.09903218396561783,0.0005777001661181685,10
Indonesia,2021-01-10,1.226886212950065,1.412485701961958,1.0439798053638076,1.3146366417330868,1.1397669612714125,0.10261552812500781,0.0005487409047064684,0.09903218396561783,0.0005777001661181685,10
Indonesia,2021-01-11,1.2242586398608712,1.4082366907056105,1.0425011317956845,1.3108637170893702,1.1375367863774708,0.10261552812500781,0.0005487409047064684,0.09903218396561783,0.0005777001661181685,10
Indonesia,2021-01-12,1.23906083233898,1.42340923725075,1.0560319580524613,1.3264574217724538,1.1517721017523823,0.10261552812500781,0.0005487409047064684,0.09903218396561783,0.0005777001661181685,10
Indonesia,2021-01-13,1.2553704489889426,1.4422866877577962,1.0714931299407007,1.342440995628983,1.1675002341794383,0.10261552812500781,0.0005487409047064684,0.09903218396561783,0.0005777001661181685,10
Indonesia,2021-01-14,1.262544554196521,1.4512231086823326,1.0810427375564888,1.350730871767334,1.1742123969228573,0.10261552812500781,0.0005487409047064684,0.09903218396561783,0.0005777001661181685,10
Indonesia,2021-01-15,1.263786144084501,1.4520508862393706,1.0799303473436828,1.352098654049417,1.1752400399793177,0.10261552812500781,0.0005487409047064684,0.09903218396561783,0.0005777001661181685,10
Indonesia,2021-01-16,1.2502979909957592,1.437519578356338,1.0683360253032785,1.3383620728913983,1.1614945643551755,0.10261552812500781,0.0005487409047064684,0.09903218396561783,0.0005777001661181685,10
Indonesia,2021-01-17,1.2089038639279213,1.3904488808179167,1.0252528949135582,1.2964032964134609,1.1222002415174719,0.10261552812500781,0.0005487409047064684,0.09903218396561783,0.0005777001661181685,10
Indonesia,2021-01-18,1.1756429665837693,1.3610142844621829,0.9902024231949196,1.2628855087544608,1.087625298960603,0.10261552812500781,0.0005487409047064684,0.09903218396561783,0.0005777001661181685,10
Indonesia,2021-01-19,1.167772425533339,1.351091798987202,0.9847795080103371,1.2548620292308192,1.0792371016161744,0.10261552812500781,0.0005487409047064684,0.09903218396561783,0.0005777001661181685,10
Indonesia,2021-01-20,1.1718986569411316,1.3590961186502626,0.9884016950839589,1.2586590660601567,1.0838206253511602,0.10261552812500781,0.0005487409047064684,0.09903218396561783,0.0005777001661181685,10
Indonesia,2021-01-21,1.1673606110858874,1.3498023136948947,0.984460625204302,1.2549057921159306,1.0799406358474322,0.10261552812500781,0.0005487409047064684,0.09903218396561783,0.0005777001661181685,10
Indonesia,2021-01-22,1.1631537994309291,1.3497144861163985,0.9812807094335354,1.2502047866726802,1.0764696593416863,0.10261552812500781,0.0005487409047064684,0.09903218396561783,0.0005777001661181685,10
Indonesia,2021-01-23,1.1456191747677154,1.3292465403877511,0.9629281332659962,1.232943700427023,1.058170445164191,0.10261552812500781,0.0005487409047064684,0.09903218396561783,0.0005777001661181685,10
Indonesia,2021-01-24,1.1274388319033868,1.3098056286078799,0.9440009887489622,1.2150132300180223,1.039701622422861,0.10261552812500781,0.0005487409047064684,0.09903218396561783,0.0005777001661181685,10
Indonesia,2021-01-25,1.112875934277378,1.2979866912933877,0.9295263434828465,1.198776002990242,1.0263791583658188,0.10261552812500781,0.0005487409047064684,0.09903218396561783,0.0005777001661181685,10
Indonesia,2021-01-26,1.1181565434442504,1.301727856398922,0.9355431761067352,1.2049736631321215,1.0315545519592229,0.10261552812500781,0.0005487409047064684,0.09903218396561783,0.0005777001661181685,10
Indonesia,2021-01-27,1.1155582778369586,1.30227798379248,0.9323087049237926,1.2022987880236258,1.0280873537070434,0.10261552812500781,0.0005487409047064684,0.09903218396561783,0.0005777001661181685,10
Indonesia,2021-01-28,1.115752647033253,1.3028854697987298,0.930551065386753,1.2030510630111408,1.0281972548459124,0.10261552812500781,0.0005487409047064684,0.09903218396561783,0.0005777001661181685,10
Indonesia,2021-01-29,1.10426833183747,1.2890110184465633,0.921337738268868,1.191282023004618,1.017250142652049,0.10261552812500781,0.0005487409047064684,0.09903218396561783,0.0005777001661181685,10
Indonesia,2021-01-30,1.0838617634474195,1.2715028170466998,0.8994995171919198,1.1713107845683723,0.9968380944689685,0.10261552812500781,0.0005487409047064684,0.09903218396561783,0.0005777001661181685,10
Indonesia,2021-01-31,1.0486997249827117,1.2342153939481697,0.8663311816073784,1.1355684333995197,0.9616155585450054,0.10261552812500781,0.0005487409047064684,0.09903218396561783,0.0005777001661181685,10
Indonesia,2021-02-01,1.0169213824049652,1.198175208569867,0.831158574725638,1.1030364552445593,0.9299025454215012,0.10261552812500781,0.0005487409047064684,0.09903218396561783,0.0005777001661181685,10
Indonesia,2021-02-02,0.9940132956830466,1.1756818837779082,0.8089768812566529,1.0815437725612442,0.9065213064008153,0.10261552812500781,0.0005487409047064684,0.09903218396561783,0.0005777001661181685,10
Indonesia,2021-02-03,0.9826831771682676,1.165490768945174,0.7989262307365267,1.0699132365299233,0.8945648625332634,0.10261552812500781,0.0005487409047064684,0.09903218396561783,0.0005777001661181685,10
Indonesia,2021-02-04,0.9673024057020101,1.1523812021827677,0.7849319184793659,1.0544416649044381,0.8798255887050808,0.10261552812500781,0.0005487409047064684,0.09903218396561783,0.0005777001661181685,10
Indonesia,2021-02-05,0.952167271041789,1.137755949153425,0.7645802585467807,1.0395070018996375,0.8648849299999672,0.10261552812500781,0.0005487409047064684,0.09903218396561783,0.0005777001661181685,10
Indonesia,2021-02-06,0.9311167026510778,1.1161623645680545,0.7466143769395304,1.0189265818552555,0.8433521911467903,0.10261552812500781,0.0005487409047064684,0.09903218396561783,0.0005777001661181685,10
Indonesia,2021-02-07,0.8999897239509681,1.0855992765007474,0.7164024928878241,0.9871248066848282,0.8110028450964237,0.10261552812500781,0.0005487409047064684,0.09903218396561783,0.0005777001661181685,10
Indonesia,2021-02-08,0.8668579706223649,1.0525993543953132,0.6809203803918242,0.9552016297006211,0.7776228639480472,0.10261552812500781,0.0005487409047064684,0.09903218396561783,0.0005777001661181685,10
Indonesia,2021-02-09,0.8481988097766529,1.0332344017879695,0.6584778184254769,0.9369627133619245,0.7588009482646836,0.10261552812500781,0.0005487409047064684,0.09903218396561783,0.0005777001661181685,10
Indonesia,2021-02-10,0.8383478175448486,1.026580108515619,0.6487500740612329,0.9292535680246397,0.7484163334153234,0.10261552812500781,0.0005487409047064684,0.09903218396561783,0.0005777001661181685,10
Indonesia,2021-02-11,0.8316202192820733,1.026100550565511,0.6375917936387885,0.9242749603607351,0.7398917095528416,0.10261552812500781,0.0005487409047064684,0.09903218396561783,0.0005777001661181685,10
Indonesia,2021-02-12,0.8304305080252552,1.0327833364212118,0.6275541167459154,0.9265082563548097,0.7345696267367374,0.10261552812500781,0.0005487409047064684,0.09903218396561783,0.0005777001661181685,10
Indonesia,2021-02-13,0.8184011013827361,1.0325889914067599,0.6025152741227477,0.9218983600852071,0.716090823335682,0.10261552812500781,0.0005487409047064684,0.09903218396561783,0.0005777001661181685,10
Indonesia,2021-02-14,0.8030423572327784,1.0437722085787642,0.5607564414021629,0.918342955790464,0.688322527772356,0.10261552812500781,0.0005487409047064684,0.09903218396561783,0.0005777001661181685,10
Iran,2020-02-27,7.2573773057461555,7.53066903157555,6.965706278259901,7.394188554842485,7.12108197216631,0.22576977006696858,0.0004292967200041353,2.375936224558084,0.00022147142115135657,10
Iran,2020-02-28,6.446621541138117,6.6879274041794865,6.213074991084056,6.559601404717044,6.334153452855608,0.22576977006696858,0.0004292967200041353,2.375936224558084,0.00022147142115135657,10
Iran,2020-02-29,6.215729631251371,6.464421991989854,5.970843441689686,6.33210505457829,6.099252265694867,0.22576977006696858,0.0004292967200041353,2.375936224558084,0.00022147142115135657,10
Iran,2020-03-01,6.831224755513288,7.11265979392484,6.53822175462889,6.968915613072779,6.694997851776195,0.22576977006696858,0.0004292967200041353,2.375936224558084,0.00022147142115135657,10
Iran,2020-03-02,6.192210580366411,6.4181622727105285,5.952516867427404,6.302552734682945,6.082280731845815,0.22576977006696858,0.0004292967200041353,2.375936224558084,0.00022147142115135657,10
Iran,2020-03-03,5.732866608934861,6.038811970319851,5.4250840732230925,5.880101525979888,5.58441709916294,0.22576977006696858,0.0004292967200041353,2.375936224558084,0.00022147142115135657,10
Iran,2020-03-04,3.624356928659235,3.946236096960082,3.3084347350923644,3.779351237412503,3.4682150112810866,0.22576977006696858,0.0004292967200041353,2.375936224558084,0.00022147142115135657,10
Iran,2020-03-05,3.0590171309363248,3.364816175838807,2.7663890009062087,3.2025380851200635,2.914656924779759,0.22576977006696858,0.0004292967200041353,2.375936224558084,0.00022147142115135657,10
Iran,2020-03-06,3.7871588873232294,4.091774121346507,3.489595242043077,3.9331597472999213,3.6417875095466634,0.22576977006696858,0.0004292967200041353,2.375936224558084,0.00022147142115135657,10
Iran,2020-03-07,2.8863449477133067,3.1073260737602255,2.6639767854323497,2.9912216197770536,2.780783635815501,0.22576977006696858,0.0004292967200041353,2.375936224558084,0.00022147142115135657,10
Iran,2020-03-08,1.938997093737138,2.1926351292921695,1.6983342741893803,2.05813010498285,1.8208708046045765,0.22576977006696858,0.0004292967200041353,2.375936224558084,0.00022147142115135657,10
Iran,2020-03-09,1.5433760758865018,1.803731906690875,1.3016872018396801,1.6635199465402335,1.4217174578074019,0.22576977006696858,0.0004292967200041353,2.375936224558084,0.00022147142115135657,10
Iran,2020-03-10,1.7632663002376998,1.9846792189555398,1.537781851273825,1.8681276767454527,1.6591884726273596,0.22576977006696858,0.0004292967200041353,2.375936224558084,0.00022147142115135657,10
Iran,2020-03-11,1.833587815561443,2.052912387851312,1.609946982074579,1.9385962108922368,1.7284352296783885,0.22576977006696858,0.0004292967200041353,2.375936224558084,0.00022147142115135657,10
Iran,2020-03-12,1.906611148025992,2.127003464287407,1.683120443943948,2.012395073387806,1.8016595949542946,0.22576977006696858,0.0004292967200041353,2.375936224558084,0.00022147142115135657,10
Iran,2020-03-13,2.002459514215257,2.229927837586592,1.771068887224538,2.109006587372117,1.895045249900549,0.22576977006696858,0.0004292967200041353,2.375936224558084,0.00022147142115135657,10
Iran,2020-03-14,1.9106268134480784,2.133953381442889,1.6846764792010238,2.0176922428318496,1.803863105978806,0.22576977006696858,0.0004292967200041353,2.375936224558084,0.00022147142115135657,10
Iran,2020-03-15,1.6335176059687604,1.8548165199407727,1.4112305551024098,1.7390173673738665,1.5281867815281438,0.22576977006696858,0.0004292967200041353,2.375936224558084,0.00022147142115135657,10
Iran,2020-03-16,1.4159593492520925,1.641525483166144,1.1929576829848616,1.522028056054209,1.309973441810921,0.22576977006696858,0.0004292967200041353,2.375936224558084,0.00022147142115135657,10
Iran,2020-03-17,1.4108813616468499,1.6349676625369698,1.1924453071694787,1.5173599572696341,1.3056215393822028,0.22576977006696858,0.0004292967200041353,2.375936224558084,0.00022147142115135657,10
Iran,2020-03-18,1.3589135719702345,1.5825029803514183,1.1317665555002658,1.4661037087335076,1.2524662191368279,0.22576977006696858,0.0004292967200041353,2.375936224558084,0.00022147142115135657,10
Iran,2020-03-19,1.2403547980307166,1.4659605093528167,1.020215286428749,1.3445199533032755,1.1347863551300241,0.22576977006696858,0.0004292967200041353,2.375936224558084,0.00022147142115135657,10
Iran,2020-03-20,1.278833535078358,1.5006320673214373,1.0534620528083067,1.3860016792870997,1.173012172294471,0.22576977006696858,0.0004292967200041353,2.375936224558084,0.00022147142115135657,10
Iran,2020-03-21,1.12604260824129,1.3540910570839069,0.9024923617061517,1.234113592110132,1.019265634640378,0.22576977006696858,0.0004292967200041353,2.375936224558084,0.00022147142115135657,10
Iran,2020-03-22,1.1909938101116084,1.4222920731272157,0.9639038360501248,1.298342631772805,1.083146197571234,0.22576977006696858,0.0004292967200041353,2.375936224558084,0.00022147142115135657,10
Iran,2020-03-23,1.4777173794702176,1.7002606492890469,1.253072518711805,1.5847333357499362,1.3726158637606871,0.22576977006696858,0.0004292967200041353,2.375936224558084,0.00022147142115135657,10
Iran,2020-03-24,1.7477842786975493,1.9737142019294804,1.5218370503800878,1.8547582313998687,1.641053161026195,0.22576977006696858,0.0004292967200041353,2.375936224558084,0.00022147142115135657,10
Iran,2020-03-25,1.9755670401352288,2.198265597129412,1.750144135324481,2.08291238858299,1.8672570869036706,0.22576977006696858,0.0004292967200041353,2.375936224558084,0.00022147142115135657,10
Iran,2020-03-26,2.0332634869042367,2.2567668832802026,1.8066417983633478,2.139259672607846,1.9279318018881573,0.22576977006696858,0.0004292967200041353,2.375936224558084,0.00022147142115135657,10
Iran,2020-03-27,2.143633646247718,2.3691985922925896,1.9161884159404405,2.251047721350149,2.035149321755074,0.22576977006696858,0.0004292967200041353,2.375936224558084,0.00022147142115135657,10
Iran,2020-03-28,2.0450211868143424,2.2669245915882916,1.8196733798682367,2.151232789549195,1.9382837006504503,0.22576977006696858,0.0004292967200041353,2.375936224558084,0.00022147142115135657,10
Iran,2020-03-29,1.8413347781237897,2.0655081185201674,1.6217510257443126,1.9471281351486918,1.7361789430396526,0.22576977006696858,0.0004292967200041353,2.375936224558084,0.00022147142115135657,10
Iran,2020-03-30,1.7787699433423385,2.0059437987320496,1.5505343288549258,1.885005354494076,1.6721846954539044,0.22576977006696858,0.0004292967200041353,2.375936224558084,0.00022147142115135657,10
Iran,2020-03-31,1.6351380504912827,1.85927742611319,1.4099096343079804,1.740887731325202,1.5293406321376894,0.22576977006696858,0.0004292967200041353,2.375936224558084,0.00022147142115135657,10
Iran,2020-04-01,1.4885968487299965,1.7114193766517187,1.2613261160767266,1.5953455085953734,1.3830012417189106,0.22576977006696858,0.0004292967200041353,2.375936224558084,0.00022147142115135657,10
Iran,2020-04-02,1.363129944125626,1.585461847571982,1.1390961445142163,1.4676682189963024,1.259402722366853,0.22576977006696858,0.0004292967200041353,2.375936224558084,0.00022147142115135657,10
Iran,2020-04-03,1.2469062083427147,1.4717155466463983,1.0249157089752112,1.3536800709733368,1.1400298917542764,0.22576977006696858,0.0004292967200041353,2.375936224558084,0.00022147142115135657,10
Iran,2020-04-04,1.15173816206646,1.3758825554959988,0.9337352054009489,1.256967880212589,1.0464001858061331,0.22576977006696858,0.0004292967200041353,2.375936224558084,0.00022147142115135657,10
Iran,2020-04-05,1.082431302705811,1.3048117434601925,0.8610166936084934,1.1872463033665768,0.9774016817731053,0.22576977006696858,0.0004292967200041353,2.375936224558084,0.00022147142115135657,10
Iran,2020-04-06,0.9950334787906651,1.2200852404363383,0.773052404969283,1.1009664397501022,0.8884677719090904,0.22576977006696858,0.0004292967200041353,2.375936224558084,0.00022147142115135657,10
Iran,2020-04-07,0.9199818240475554,1.1430767321546005,0.6983626388190229,1.0271029894313213,0.8127161693555449,0.22576977006696858,0.0004292967200041353,2.375936224558084,0.00022147142115135657,10
Iran,2020-04-08,0.868075845876576,1.094132564436391,0.643504805984018,0.9750126262533338,0.761062353572056,0.22576977006696858,0.0004292967200041353,2.375936224558084,0.00022147142115135657,10
Iran,2020-04-09,0.7923004842194741,1.017042597199413,0.570182048611666,0.8999527022147779,0.6848782983063314,0.22576977006696858,0.0004292967200041353,2.375936224558084,0.00022147142115135657,10
Iran,2020-04-10,0.8618162595490193,1.0877257681975914,0.6364993636960808,0.9674597442622898,0.7552216793190125,0.22576977006696858,0.0004292967200041353,2.375936224558084,0.00022147142115135657,10
Iran,2020-04-11,0.8391634091576543,1.0634558396616183,0.61386549205254,0.945746931407593,0.7335826760792632,0.22576977006696858,0.0004292967200041353,2.375936224558084,0.00022147142115135657,10
Iran,2020-04-12,0.7921931467711492,1.0165055550821214,0.5692209428143493,0.8988764503561114,0.6859272311978528,0.22576977006696858,0.0004292967200041353,2.375936224558084,0.00022147142115135657,10
Iran,2020-04-13,0.7800626303305929,1.0019771619040472,0.5555236935081002,0.8864118868350865,0.6746618184036967,0.22576977006696858,0.0004292967200041353,2.375936224558084,0.00022147142115135657,10
Iran,2020-04-14,0.7737283520457223,0.9995892943830986,0.5511334024335268,0.8812926923380523,0.6677855671355681,0.22576977006696858,0.0004292967200041353,2.375936224558084,0.00022147142115135657,10
Iran,2020-04-15,0.7727856608574069,0.9997022220229318,0.5479689590083626,0.8791797174497444,0.6647355385932409,0.22576977006696858,0.0004292967200041353,2.375936224558084,0.00022147142115135657,10
Iran,2020-04-16,0.8034723604276979,1.0249123264877542,0.5775929975771965,0.9089165261038185,0.697423809139863,0.22576977006696858,0.0004292967200041353,2.375936224558084,0.00022147142115135657,10
Iran,2020-04-17,0.7806143962002122,1.0062085179699478,0.5578111621623615,0.8856536618241891,0.6746014885842949,0.22576977006696858,0.0004292967200041353,2.375936224558084,0.00022147142115135657,10
Iran,2020-04-18,0.7477539898465342,0.9724256049311402,0.5236642687884416,0.8547060475415406,0.6406044597447529,0.22576977006696858,0.0004292967200041353,2.375936224558084,0.00022147142115135657,10
Iran,2020-04-19,0.7394402733589236,0.9677685623660153,0.5118783688205601,0.8470461383168757,0.6330847601707207,0.22576977006696858,0.0004292967200041353,2.375936224558084,0.00022147142115135657,10
Iran,2020-04-20,0.7335820005405844,0.9545807331221622,0.5088517274928329,0.838761082153706,0.6278375574770538,0.22576977006696858,0.0004292967200041353,2.375936224558084,0.00022147142115135657,10
Iran,2020-04-21,0.7382571321532168,0.9606015355876544,0.5121491756100623,0.8425535837478169,0.6336951663392647,0.22576977006696858,0.0004292967200041353,2.375936224558084,0.00022147142115135657,10
Iran,2020-04-22,0.7083747945068445,0.9330553965900119,0.484100163252402,0.813466640867567,0.6036401150938178,0.22576977006696858,0.0004292967200041353,2.375936224558084,0.00022147142115135657,10
Iran,2020-04-23,0.6713768933553989,0.8942561172596255,0.4502654486375496,0.7757526329025276,0.5670379187331356,0.22576977006696858,0.0004292967200041353,2.375936224558084,0.00022147142115135657,10
Iran,2020-04-24,0.725232998966447,0.9449089834403226,0.5025849795714952,0.8287893262878174,0.6213157049030015,0.22576977006696858,0.0004292967200041353,2.375936224558084,0.00022147142115135657,10
Iran,2020-04-25,0.7387518042862362,0.9614653694818727,0.5146597929555291,0.8447521426116915,0.6314713821052489,0.22576977006696858,0.0004292967200041353,2.375936224558084,0.00022147142115135657,10
Iran,2020-04-26,0.7513807587517991,0.9727478047858619,0.5248310544624814,0.857062258992253,0.6468168520428863,0.22576977006696858,0.0004292967200041353,2.375936224558084,0.00022147142115135657,10
Iran,2020-04-27,0.7168447197774317,0.9401228228465945,0.4962322292660821,0.822335386878057,0.6116661348004626,0.22576977006696858,0.0004292967200041353,2.375936224558084,0.00022147142115135657,10
Iran,2020-04-28,0.7648982289717622,0.9850444130603698,0.5446374556807978,0.8698987895692324,0.6605617420702783,0.22576977006696858,0.0004292967200041353,2.375936224558084,0.00022147142115135657,10
Iran,2020-04-29,0.7658448961959456,0.9878950461234582,0.5430929505293981,0.8711253329601838,0.6599062479199183,0.22576977006696858,0.0004292967200041353,2.375936224558084,0.00022147142115135657,10
Iran,2020-04-30,0.7412174927760549,0.9678574818495981,0.5167130484355758,0.8495636269915892,0.6335270871597717,0.22576977006696858,0.0004292967200041353,2.375936224558084,0.00022147142115135657,10
Iran,2020-05-01,0.7443410534616308,0.9692852424814747,0.5195714499842642,0.8496406287613347,0.6385997580422494,0.22576977006696858,0.0004292967200041353,2.375936224558084,0.00022147142115135657,10
Iran,2020-05-02,0.6986219122955455,0.9259643229094727,0.4724923453518468,0.8059910260118297,0.5905387680767451,0.22576977006696858,0.0004292967200041353,2.375936224558084,0.00022147142115135657,10
Iran,2020-05-03,0.8160408238645355,1.0399485498545995,0.5930027298992515,0.922497501203579,0.7092534426914457,0.22576977006696858,0.0004292967200041353,2.375936224558084,0.00022147142115135657,10
Iran,2020-05-04,0.9891738990266449,1.2140572976363437,0.7621627730090108,1.0953264121463153,0.8833411296905738,0.22576977006696858,0.0004292967200041353,2.375936224558084,0.00022147142115135657,10
Iran,2020-05-05,1.1085043967331383,1.332312216246273,0.8800513855472993,1.216201117888538,1.0008050079245545,0.22576977006696858,0.0004292967200041353,2.375936224558084,0.00022147142115135657,10
Iran,2020-05-06,1.2706559362870693,1.4952841487133406,1.0403280239938926,1.3782285678903077,1.1625042682784748,0.22576977006696858,0.0004292967200041353,2.375936224558084,0.00022147142115135657,10
Iran,2020-05-07,1.1979030293862103,1.4240044308570463,0.9741112279798924,1.3042133573185883,1.0915410562339596,0.22576977006696858,0.0004292967200041353,2.375936224558084,0.00022147142115135657,10
Iran,2020-05-08,1.193026020012231,1.4150415483169363,0.9702458925775692,1.2992205829864971,1.08641448007484,0.22576977006696858,0.0004292967200041353,2.375936224558084,0.00022147142115135657,10
Iran,2020-05-09,1.1550895119487528,1.3805404508355883,0.9318658382708059,1.2617555405847172,1.0470454445275343,0.22576977006696858,0.0004292967200041353,2.375936224558084,0.00022147142115135657,10
Iran,2020-05-10,1.1013118506411403,1.3325666252274377,0.8756043949153328,1.2101245347043963,0.992135878237413,0.22576977006696858,0.0004292967200041353,2.375936224558084,0.00022147142115135657,10
Iran,2020-05-11,1.1978178756015792,1.4234954884615028,0.9716008587817645,1.305236398379233,1.090655986732827,0.22576977006696858,0.0004292967200041353,2.375936224558084,0.00022147142115135657,10
Iran,2020-05-12,1.1620682323256368,1.38994084672191,0.9380951316275412,1.2698112961674963,1.0547343178583428,0.22576977006696858,0.0004292967200041353,2.375936224558084,0.00022147142115135657,10
Iran,2020-05-13,1.3242221021415288,1.5483532618197897,1.096520973242377,1.431704140271326,1.2165218752605538,0.22576977006696858,0.0004292967200041353,2.375936224558084,0.00022147142115135657,10
Iran,2020-05-14,1.2891156841776743,1.5147493659111655,1.0674633115784418,1.3957583104495328,1.1823271268431395,0.22576977006696858,0.0004292967200041353,2.375936224558084,0.00022147142115135657,10
Iran,2020-05-15,1.3392615288760181,1.5659515886184647,1.1109604646634175,1.4461370033437344,1.2308979753305946,0.22576977006696858,0.0004292967200041353,2.375936224558084,0.00022147142115135657,10
Iran,2020-05-16,1.2039013549652147,1.426914696576674,0.9811349204995,1.3101577346237896,1.0980326884635259,0.22576977006696858,0.0004292967200041353,2.375936224558084,0.00022147142115135657,10
Iran,2020-05-17,1.2152131511441924,1.4399708059069,0.9917260648299691,1.3211506343006576,1.1099215929436312,0.22576977006696858,0.0004292967200041353,2.375936224558084,0.00022147142115135657,10
Iran,2020-05-18,1.35863598439184,1.5824871558131606,1.13343501337586,1.4655520348641748,1.2530285131603154,0.22576977006696858,0.0004292967200041353,2.375936224558084,0.00022147142115135657,10
Iran,2020-05-19,1.3103884040826492,1.5352011996917336,1.0882164041397078,1.416543363312722,1.2044294860704512,0.22576977006696858,0.0004292967200041353,2.375936224558084,0.00022147142115135657,10
Iran,2020-05-20,1.3479546285829644,1.5722835553688914,1.1232338048759996,1.454384023773788,1.2406339550514358,0.22576977006696858,0.0004292967200041353,2.375936224558084,0.00022147142115135657,10
Iran,2020-05-21,1.3240880863747206,1.5457576166326887,1.10270440007635,1.429020278957993,1.2191586481963779,0.22576977006696858,0.0004292967200041353,2.375936224558084,0.00022147142115135657,10
Iran,2020-05-22,1.2349115639345143,1.4575411624216585,1.0123834077527902,1.340562589326506,1.1276138868005465,0.22576977006696858,0.0004292967200041353,2.375936224558084,0.00022147142115135657,10
Iran,2020-05-23,1.0806272084203457,1.3073428370368299,0.8562990812275295,1.1876211494946438,0.9740570108180924,0.22576977006696858,0.0004292967200041353,2.375936224558084,0.00022147142115135657,10
Iran,2020-05-24,1.1190203652421868,1.3405059554807255,0.8959558253167036,1.2250557868597416,1.0136602164089203,0.22576977006696858,0.0004292967200041353,2.375936224558084,0.00022147142115135657,10
Iran,2020-05-25,1.0610335938380493,1.2864661398371222,0.8366203103748386,1.1668966251997388,0.9551825448612956,0.22576977006696858,0.0004292967200041353,2.375936224558084,0.00022147142115135657,10
Iran,2020-05-26,0.9996620968287923,1.2280194805678748,0.7754472292464277,1.1057804836052043,0.8926666245977647,0.22576977006696858,0.0004292967200041353,2.375936224558084,0.00022147142115135657,10
Iran,2020-05-27,1.0933319102869208,1.3201110364001911,0.8683668355101777,1.2002543511519763,0.9857889254119346,0.22576977006696858,0.0004292967200041353,2.375936224558084,0.00022147142115135657,10
Iran,2020-05-28,1.1903699137738426,1.4166869790390524,0.9616908585117786,1.3002934916490387,1.0805590719842886,0.22576977006696858,0.0004292967200041353,2.375936224558084,0.00022147142115135657,10
Iran,2020-05-29,1.3235033101958633,1.5478802051223055,1.0929337228425682,1.4310450987070535,1.2154947451672484,0.22576977006696858,0.0004292967200041353,2.375936224558084,0.00022147142115135657,10
Iran,2020-05-30,1.1958875444411527,1.4222792761017418,0.9712887742171886,1.3012944939711013,1.0904195756554245,0.22576977006696858,0.0004292967200041353,2.375936224558084,0.00022147142115135657,10
Iran,2020-05-31,1.2476562419182806,1.4736504523465777,1.0241716234472127,1.3535851361554203,1.1405627299644396,0.22576977006696858,0.0004292967200041353,2.375936224558084,0.00022147142115135657,10
Iran,2020-06-01,1.3686868122044527,1.5914605666074348,1.1409234096354515,1.475395166281093,1.261649864946946,0.22576977006696858,0.0004292967200041353,2.375936224558084,0.00022147142115135657,10
Iran,2020-06-02,1.3969216245315748,1.620152507233025,1.1705496092155936,1.5030584479100455,1.2897660787585379,0.22576977006696858,0.0004292967200041353,2.375936224558084,0.00022147142115135657,10
Iran,2020-06-03,1.3809760487722649,1.6040446655542835,1.1546909456465866,1.4869601629323377,1.2745900347194865,0.22576977006696858,0.0004292967200041353,2.375936224558084,0.00022147142115135657,10
Iran,2020-06-04,1.3945876303154074,1.6228936318562885,1.1590442823252594,1.5026667709872172,1.2844809952177525,0.22576977006696858,0.0004292967200041353,2.375936224558084,0.00022147142115135657,10
Iran,2020-06-05,1.1680690198602883,1.3958852932401076,0.9431482711872153,1.2754096417778369,1.0608260231790951,0.22576977006696858,0.0004292967200041353,2.375936224558084,0.00022147142115135657,10
Iran,2020-06-06,0.9673880113216466,1.1951333529422186,0.7422460841093601,1.0761378783193776,0.8600596781136679,0.22576977006696858,0.0004292967200041353,2.375936224558084,0.00022147142115135657,10
Iran,2020-06-07,0.9281901295857493,1.1530286165582764,0.7050970500075531,1.0334246872461104,0.8222930188049168,0.22576977006696858,0.0004292967200041353,2.375936224558084,0.00022147142115135657,10
Iran,2020-06-08,0.8543248008270131,1.0797720170584484,0.6293926676288558,0.9614731975575903,0.7458813922993677,0.22576977006696858,0.0004292967200041353,2.375936224558084,0.00022147142115135657,10
Iran,2020-06-09,0.8577164171921297,1.082891072927658,0.6310803277863614,0.9646330434993731,0.7495995417472325,0.22576977006696858,0.0004292967200041353,2.375936224558084,0.00022147142115135657,10
Iran,2020-06-10,0.8619086392109103,1.0891485950528996,0.6394486794025191,0.9679064001136112,0.7550276771790831,0.22576977006696858,0.0004292967200041353,2.375936224558084,0.00022147142115135657,10
Iran,2020-06-11,0.9315730088741652,1.156092583717109,0.7071877213836439,1.0384431183200162,0.8255873558465117,0.22576977006696858,0.0004292967200041353,2.375936224558084,0.00022147142115135657,10
Iran,2020-06-12,0.9925266490551141,1.2175293138497914,0.766195981798647,1.0998336571845277,0.8856387232994424,0.22576977006696858,0.0004292967200041353,2.375936224558084,0.00022147142115135657,10
Iran,2020-06-13,1.0240891412353608,1.245003594943979,0.8019363581156959,1.1310735435510757,0.9188475368552639,0.22576977006696858,0.0004292967200041353,2.375936224558084,0.00022147142115135657,10
Iran,2020-06-14,1.0388059521308997,1.2577847855157436,0.8151883360501132,1.1440047834512963,0.9342494829839636,0.22576977006696858,0.0004292967200041353,2.375936224558084,0.00022147142115135657,10
Iran,2020-06-15,1.040283030565725,1.262212349373602,0.8167846893837092,1.1445905065467827,0.9353710656192558,0.22576977006696858,0.0004292967200041353,2.375936224558084,0.00022147142115135657,10
Iran,2020-06-16,1.0673100040481978,1.2899196543943405,0.8461352984315889,1.1721967569498992,0.9620246685034074,0.22576977006696858,0.0004292967200041353,2.375936224558084,0.00022147142115135657,10
Iran,2020-06-17,1.0780322218707692,1.3050347543408092,0.8509475171903047,1.1834771775319815,0.9722821566456533,0.22576977006696858,0.0004292967200041353,2.375936224558084,0.00022147142115135657,10
Iran,2020-06-18,1.0676794087517687,1.2902402324206277,0.8422038381550063,1.1747167506598921,0.959840118140599,0.22576977006696858,0.0004292967200041353,2.375936224558084,0.00022147142115135657,10
Iran,2020-06-19,1.0492507042965131,1.2730230351033782,0.8246336737053629,1.1558434541861513,0.941754570602071,0.22576977006696858,0.0004292967200041353,2.375936224558084,0.00022147142115135657,10
Iran,2020-06-20,0.9789237466171468,1.2065603269980334,0.7554844797919797,1.0862633736764686,0.8712508080343137,0.22576977006696858,0.0004292967200041353,2.375936224558084,0.00022147142115135657,10
Iran,2020-06-21,0.9861729656778264,1.2090613664980854,0.7644951530301249,1.0914057919879556,0.8807657036042957,0.22576977006696858,0.0004292967200041353,2.375936224558084,0.00022147142115135657,10
Iran,2020-06-22,1.0296499612784964,1.2547527810144312,0.8073388216374769,1.1360934157383278,0.9233200820124858,0.22576977006696858,0.0004292967200041353,2.375936224558084,0.00022147142115135657,10
Iran,2020-06-23,1.0139988547968544,1.2376854177353838,0.7910584843037469,1.1187059334185427,0.9080440237983791,0.22576977006696858,0.0004292967200041353,2.375936224558084,0.00022147142115135657,10
Iran,2020-06-24,1.0320397087070752,1.2563408208561957,0.8063936009551624,1.1387216427028324,0.9255722442529449,0.22576977006696858,0.0004292967200041353,2.375936224558084,0.00022147142115135657,10
Iran,2020-06-25,1.0480856610527942,1.2701682242843706,0.8225603619400483,1.1544345294035168,0.9415258915315168,0.22576977006696858,0.0004292967200041353,2.375936224558084,0.00022147142115135657,10
Iran,2020-06-26,1.0460498301078742,1.2698536373776383,0.8204697570228975,1.154176055728208,0.9392249469496267,0.22576977006696858,0.0004292967200041353,2.375936224558084,0.00022147142115135657,10
Iran,2020-06-27,1.0048145894502238,1.2295847460594111,0.7798693829460871,1.1127427748248448,0.8963019964130423,0.22576977006696858,0.0004292967200041353,2.375936224558084,0.00022147142115135657,10
Iran,2020-06-28,1.0052041661173967,1.227352463356418,0.7840258948589187,1.1106332870309727,0.8999910418462657,0.22576977006696858,0.0004292967200041353,2.375936224558084,0.00022147142115135657,10
Iran,2020-06-29,1.0126522844968382,1.2365828123798526,0.7871085948255291,1.1207784393366145,0.9051159107103813,0.22576977006696858,0.0004292967200041353,2.375936224558084,0.00022147142115135657,10
Iran,2020-06-30,1.0008907290590576,1.2253237905974368,0.7785462489215784,1.106595107426383,0.8963080579117465,0.22576977006696858,0.0004292967200041353,2.375936224558084,0.00022147142115135657,10
Iran,2020-07-01,1.0235945945339604,1.2495003646942728,0.7995574654538196,1.1296062656688792,0.9162140929810705,0.22576977006696858,0.0004292967200041353,2.375936224558084,0.00022147142115135657,10
Iran,2020-07-02,1.0436050474135095,1.2677207928552212,0.8185382462861327,1.1498219435577768,0.9382811439848093,0.22576977006696858,0.0004292967200041353,2.375936224558084,0.00022147142115135657,10
Iran,2020-07-03,1.021626320535388,1.2421473140257437,0.7979452608260277,1.1283831143476264,0.9158016358871774,0.22576977006696858,0.0004292967200041353,2.375936224558084,0.00022147142115135657,10
Iran,2020-07-04,0.9951618793085717,1.2213460061762398,0.7684383818325915,1.1004761524249496,0.8897276897973285,0.22576977006696858,0.0004292967200041353,2.375936224558084,0.00022147142115135657,10
Iran,2020-07-05,1.0171108084781222,1.241756135421597,0.7909509499359355,1.1238966658668572,0.9101998249387734,0.22576977006696858,0.0004292967200041353,2.375936224558084,0.00022147142115135657,10
Iran,2020-07-06,1.0322858376099964,1.2553854319368516,0.8087782682487714,1.1394038426334303,0.9249691388074804,0.22576977006696858,0.0004292967200041353,2.375936224558084,0.00022147142115135657,10
Iran,2020-07-07,1.0344092762530253,1.2586603279329935,0.8087288216441882,1.1399111974726817,0.9288334923572362,0.22576977006696858,0.0004292967200041353,2.375936224558084,0.00022147142115135657,10
Iran,2020-07-08,1.012663909476395,1.238534679534732,0.7852047771669537,1.1194821976051021,0.9057057660876231,0.22576977006696858,0.0004292967200041353,2.375936224558084,0.00022147142115135657,10
Iran,2020-07-09,0.8837475618188771,1.1093895409462404,0.6532062882636154,0.9917147806440798,0.7766458531933933,0.22576977006696858,0.0004292967200041353,2.375936224558084,0.00022147142115135657,10
Iran,2020-07-10,0.9081019043822136,1.134614122048213,0.6810347734009261,1.0150157139366558,0.8005884790969677,0.22576977006696858,0.0004292967200041353,2.375936224558084,0.00022147142115135657,10
Iran,2020-07-11,0.9417343027760274,1.1680125687442655,0.7146453400203716,1.0479512329239473,0.8353851017812691,0.22576977006696858,0.0004292967200041353,2.375936224558084,0.00022147142115135657,10
Iran,2020-07-12,0.9164644664282846,1.1400573345263456,0.6975596742807099,1.0209923344229432,0.8107266590918063,0.22576977006696858,0.0004292967200041353,2.375936224558084,0.00022147142115135657,10
Iran,2020-07-13,0.9623658733994402,1.1897084588507647,0.7362053432533016,1.0693452627719107,0.8548884917767372,0.22576977006696858,0.0004292967200041353,2.375936224558084,0.00022147142115135657,10
Iran,2020-07-14,1.0084795149356278,1.2316768607934234,0.7876425976773301,1.1142378305881167,0.901811975692872,0.22576977006696858,0.0004292967200041353,2.375936224558084,0.00022147142115135657,10
Iran,2020-07-15,0.9905656642132104,1.2152034739018815,0.7669088805460302,1.096192420805856,0.8852881632873361,0.22576977006696858,0.0004292967200041353,2.375936224558084,0.00022147142115135657,10
Iran,2020-07-16,1.0035936704160227,1.224562655482584,0.7795927652689894,1.108909792184658,0.8986558026665339,0.22576977006696858,0.0004292967200041353,2.375936224558084,0.00022147142115135657,10
Iran,2020-07-17,0.9671864721664698,1.191429567816148,0.7438102023344999,1.073303388645204,0.8615484648356426,0.22576977006696858,0.0004292967200041353,2.375936224558084,0.00022147142115135657,10
Iran,2020-07-18,0.9173996496703465,1.1444007311136513,0.6915752654852778,1.0234703072939486,0.8113679824988985,0.22576977006696858,0.0004292967200041353,2.375936224558084,0.00022147142115135657,10
Iran,2020-07-19,0.9331302309713875,1.1578081314513378,0.708704702682274,1.0385284124614536,0.8279330690784721,0.22576977006696858,0.0004292967200041353,2.375936224558084,0.00022147142115135657,10
Iran,2020-07-20,1.0064461412791907,1.2277760118726428,0.7864283830467367,1.110074450297751,0.9017565672668459,0.22576977006696858,0.0004292967200041353,2.375936224558084,0.00022147142115135657,10
Iran,2020-07-21,1.0701291691550852,1.2947181033135668,0.845321681919233,1.1758045470846183,0.9631751584210984,0.22576977006696858,0.0004292967200041353,2.375936224558084,0.00022147142115135657,10
Iran,2020-07-22,1.0682677309098676,1.2915445907086156,0.8432850998995867,1.1731755315199712,0.9633678987312488,0.22576977006696858,0.0004292967200041353,2.375936224558084,0.00022147142115135657,10
Iran,2020-07-23,1.0607512170132718,1.2829764440280258,0.8391418169776158,1.1654269566930116,0.9563394821697403,0.22576977006696858,0.0004292967200041353,2.375936224558084,0.00022147142115135657,10
Iran,2020-07-24,1.0160205134440328,1.2418610683650066,0.7927966330508762,1.121112202456703,0.9100523144159558,0.22576977006696858,0.0004292967200041353,2.375936224558084,0.00022147142115135657,10
Iran,2020-07-25,0.967854061204244,1.1921519595497245,0.7436914550892446,1.0740532061739958,0.8620631666534949,0.22576977006696858,0.0004292967200041353,2.375936224558084,0.00022147142115135657,10
Iran,2020-07-26,0.9716061916825348,1.19413163492507,0.7486906197559839,1.0781693336645604,0.8643135049352015,0.22576977006696858,0.0004292967200041353,2.375936224558084,0.00022147142115135657,10
Iran,2020-07-27,1.0106298832566625,1.2309888738017791,0.7894615632390451,1.115781594553642,0.904834321197546,0.22576977006696858,0.0004292967200041353,2.375936224558084,0.00022147142115135657,10
Iran,2020-07-28,1.071112198756683,1.297944800496901,0.848182563633638,1.1768325044234365,0.9654926427115851,0.22576977006696858,0.0004292967200041353,2.375936224558084,0.00022147142115135657,10
Iran,2020-07-29,1.070114730576329,1.2934691339662865,0.8480497231948851,1.1764542977026866,0.9643914945610303,0.22576977006696858,0.0004292967200041353,2.375936224558084,0.00022147142115135657,10
Iran,2020-07-30,1.0636047132685489,1.2879223940437792,0.8384785410221607,1.1709597193525247,0.9569063570715265,0.22576977006696858,0.0004292967200041353,2.375936224558084,0.00022147142115135657,10
Iran,2020-07-31,1.0639248625886357,1.2868585809981863,0.8437349625192796,1.1681581807449692,0.9598576823857408,0.22576977006696858,0.0004292967200041353,2.375936224558084,0.00022147142115135657,10
Iran,2020-08-01,1.0380386431788202,1.26318430729584,0.8160995057804492,1.1428096246954709,0.9332114348633543,0.22576977006696858,0.0004292967200041353,2.375936224558084,0.00022147142115135657,10
Iran,2020-08-02,1.0555981745792569,1.2840693787478903,0.8279517360622181,1.1629503594515973,0.9475738120060777,0.22576977006696858,0.0004292967200041353,2.375936224558084,0.00022147142115135657,10
Iran,2020-08-03,1.0439388945807455,1.2691551116431292,0.817887393026899,1.1495478646727015,0.9381647787226688,0.22576977006696858,0.0004292967200041353,2.375936224558084,0.00022147142115135657,10
Iran,2020-08-04,1.0665668646513646,1.2887694933650575,0.8433115071515584,1.172448047307452,0.960316202512643,0.22576977006696858,0.0004292967200041353,2.375936224558084,0.00022147142115135657,10
Iran,2020-08-05,1.046861338676107,1.2714451550462558,0.8223119493453814,1.1524919271415142,0.9405932331586659,0.22576977006696858,0.0004292967200041353,2.375936224558084,0.00022147142115135657,10
Iran,2020-08-06,1.0103362039793446,1.2355213750439233,0.7864446507883855,1.1147723801157334,0.9052545940552225,0.22576977006696858,0.0004292967200041353,2.375936224558084,0.00022147142115135657,10
Iran,2020-08-07,0.9424353512616801,1.1706281298882912,0.7165742101272607,1.0494852650272406,0.8352552775065849,0.22576977006696858,0.0004292967200041353,2.375936224558084,0.00022147142115135657,10
Iran,2020-08-08,0.8576092135759132,1.0818441450815917,0.635972715031409,0.962068872315884,0.7529823111997781,0.22576977006696858,0.0004292967200041353,2.375936224558084,0.00022147142115135657,10
Iran,2020-08-09,0.8334876287422275,1.0600186254156185,0.6085138541033047,0.9420559896063914,0.725881050586664,0.22576977006696858,0.0004292967200041353,2.375936224558084,0.00022147142115135657,10
Iran,2020-08-10,0.8777527170306418,1.1018047956765051,0.6525352134058966,0.9837378860456686,0.7720025526503385,0.22576977006696858,0.0004292967200041353,2.375936224558084,0.00022147142115135657,10
Iran,2020-08-11,0.9557109629674891,1.1774908385306284,0.7351718168765156,1.0611157192391847,0.8492853986933352,0.22576977006696858,0.0004292967200041353,2.375936224558084,0.00022147142115135657,10
Iran,2020-08-12,1.016994805548975,1.2365395128066958,0.7958629492346004,1.1229094108961544,0.9104019954607485,0.22576977006696858,0.0004292967200041353,2.375936224558084,0.00022147142115135657,10
Iran,2020-08-13,1.0460581246109608,1.2693643523871383,0.8218548570215424,1.151902040537232,0.9392109825595303,0.22576977006696858,0.0004292967200041353,2.375936224558084,0.00022147142115135657,10
Iran,2020-08-14,1.0054918811697386,1.2274514299687307,0.7778418262083742,1.1104925723511392,0.9005499680218648,0.22576977006696858,0.0004292967200041353,2.375936224558084,0.00022147142115135657,10
Iran,2020-08-15,0.933807263108402,1.1558679652276862,0.7122317167160812,1.0403323239060687,0.8286675159864472,0.22576977006696858,0.0004292967200041353,2.375936224558084,0.00022147142115135657,10
Iran,2020-08-16,0.9046411536887907,1.1304050541474175,0.681964071889098,1.0120499351416468,0.797017262735598,0.22576977006696858,0.0004292967200041353,2.375936224558084,0.00022147142115135657,10
Iran,2020-08-17,0.9393690196289382,1.1603863878565195,0.7159535296692537,1.0457272243363516,0.8332082907461091,0.22576977006696858,0.0004292967200041353,2.375936224558084,0.00022147142115135657,10
Iran,2020-08-18,0.9836435608716035,1.2082548772619464,0.7563748171356436,1.089655944964397,0.8788041646765531,0.22576977006696858,0.0004292967200041353,2.375936224558084,0.00022147142115135657,10
Iran,2020-08-19,0.9975717645533695,1.2210094569461702,0.7735740010425923,1.1048016373856342,0.8907363476934796,0.22576977006696858,0.0004292967200041353,2.375936224558084,0.00022147142115135657,10
Iran,2020-08-20,0.9556477539798627,1.1817004270091804,0.7290677678928683,1.0620434456338923,0.848736508798213,0.22576977006696858,0.0004292967200041353,2.375936224558084,0.00022147142115135657,10
Iran,2020-08-21,0.9232053890546033,1.147041194643197,0.6983839402762093,1.0293953310567956,0.817372564388637,0.22576977006696858,0.0004292967200041353,2.375936224558084,0.00022147142115135657,10
Iran,2020-08-22,0.8861550091191341,1.1100857322943551,0.6638527215663524,0.991452751082604,0.7813474224883121,0.22576977006696858,0.0004292967200041353,2.375936224558084,0.00022147142115135657,10
Iran,2020-08-23,0.9127207702652504,1.1399713880024844,0.6891856923551815,1.0199126893962203,0.8045826973292193,0.22576977006696858,0.0004292967200041353,2.375936224558084,0.00022147142115135657,10
Iran,2020-08-24,0.9551532543749045,1.1785643580342038,0.732864542527311,1.0598982393430052,0.8509624589297718,0.22576977006696858,0.0004292967200041353,2.375936224558084,0.00022147142115135657,10
Iran,2020-08-25,0.9608097677866079,1.1845972325812981,0.7346541858594191,1.0663157320177614,0.8552062175664303,0.22576977006696858,0.0004292967200041353,2.375936224558084,0.00022147142115135657,10
Iran,2020-08-26,0.9666228818564674,1.1873990627063329,0.7446251841784971,1.0720641091071483,0.8603855719160334,0.22576977006696858,0.0004292967200041353,2.375936224558084,0.00022147142115135657,10
Iran,2020-08-27,0.9484230465992938,1.170705342835985,0.7311090511549374,1.0526560271954604,0.8429249439731175,0.22576977006696858,0.0004292967200041353,2.375936224558084,0.00022147142115135657,10
Iran,2020-08-28,0.9149483323209758,1.1363771283531285,0.6930152813374307,1.0197854485811506,0.8092133214795595,0.22576977006696858,0.0004292967200041353,2.375936224558084,0.00022147142115135657,10
Iran,2020-08-29,0.8495626343089611,1.0728606113021126,0.627712151816216,0.9560356964571834,0.7444455864580155,0.22576977006696858,0.0004292967200041353,2.375936224558084,0.00022147142115135657,10
Iran,2020-08-30,0.8001875029219154,1.023556992902284,0.5767008886997015,0.9054389710964317,0.6952894399473324,0.22576977006696858,0.0004292967200041353,2.375936224558084,0.00022147142115135657,10
Iran,2020-08-31,0.7782667188043262,1.002288526522394,0.5544921305942521,0.8828190800834556,0.672960402906518,0.22576977006696858,0.0004292967200041353,2.375936224558084,0.00022147142115135657,10
Iran,2020-09-01,0.8103027243207791,1.0356895681878653,0.5879537214372584,0.9157309219393781,0.70448521497521,0.22576977006696858,0.0004292967200041353,2.375936224558084,0.00022147142115135657,10
Iran,2020-09-02,0.8853421924761588,1.1113809442712106,0.6589947801771083,0.9931697512553749,0.7775968826492259,0.22576977006696858,0.0004292967200041353,2.375936224558084,0.00022147142115135657,10
Iran,2020-09-03,0.9488385618155111,1.1697044290601735,0.7240476448640036,1.0544194154036521,0.8435621015343497,0.22576977006696858,0.0004292967200041353,2.375936224558084,0.00022147142115135657,10
Iran,2020-09-04,0.9686508825292242,1.19082062038427,0.7443432157045156,1.0752562988708236,0.8632894014248159,0.22576977006696858,0.0004292967200041353,2.375936224558084,0.00022147142115135657,10
Iran,2020-09-05,0.9497082511033371,1.1740156946411837,0.7283729189998276,1.0555857177021026,0.8439148148883494,0.22576977006696858,0.0004292967200041353,2.375936224558084,0.00022147142115135657,10
Iran,2020-09-06,0.9889027531317073,1.2173195343238272,0.7637935532770683,1.0963055751247368,0.8807886638864156,0.22576977006696858,0.0004292967200041353,2.375936224558084,0.00022147142115135657,10
Iran,2020-09-07,1.0533216047129825,1.2777089431262045,0.8300696724122077,1.1603251380719586,0.9471004991523564,0.22576977006696858,0.0004292967200041353,2.375936224558084,0.00022147142115135657,10
Iran,2020-09-08,1.1016889656942934,1.3264270134258644,0.8755965912554897,1.208379267778089,0.9951560912883318,0.22576977006696858,0.0004292967200041353,2.375936224558084,0.00022147142115135657,10
Iran,2020-09-09,1.0932416769052093,1.3166566776926316,0.8687063176964768,1.200238864740769,0.9886297547994184,0.22576977006696858,0.0004292967200041353,2.375936224558084,0.00022147142115135657,10
Iran,2020-09-10,1.0311867917823851,1.2561254763831258,0.8059361258017202,1.1370843232747803,0.9250104262991999,0.22576977006696858,0.0004292967200041353,2.375936224558084,0.00022147142115135657,10
Iran,2020-09-11,1.0724632476338731,1.2953664799719486,0.8532052263055565,1.1777025842149769,0.9667311385225019,0.22576977006696858,0.0004292967200041353,2.375936224558084,0.00022147142115135657,10
Iran,2020-09-12,1.034838419204381,1.2604652081868697,0.8112450610058752,1.1425225475866967,0.9282953312538655,0.22576977006696858,0.0004292967200041353,2.375936224558084,0.00022147142115135657,10
Iran,2020-09-13,1.048109646482092,1.2719098074226012,0.8292140105566856,1.1531806632590318,0.9430204338377078,0.22576977006696858,0.0004292967200041353,2.375936224558084,0.00022147142115135657,10
Iran,2020-09-14,1.1974787508495335,1.4204219678907006,0.9744274144188918,1.303647997210984,1.0918859393848168,0.22576977006696858,0.0004292967200041353,2.375936224558084,0.00022147142115135657,10
Iran,2020-09-15,1.2494912076205962,1.4728196671959566,1.025416289661175,1.3563021754338453,1.1436366105884925,0.22576977006696858,0.0004292967200041353,2.375936224558084,0.00022147142115135657,10
Iran,2020-09-16,1.3000541637775127,1.5211009043914356,1.0746181004024984,1.407339383752518,1.193383931005338,0.22576977006696858,0.0004292967200041353,2.375936224558084,0.00022147142115135657,10
Iran,2020-09-17,1.2546934346190817,1.4794579960380863,1.0307988402506978,1.3607853058482744,1.1487804564392587,0.22576977006696858,0.0004292967200041353,2.375936224558084,0.00022147142115135657,10
Iran,2020-09-18,1.2709060693905347,1.4947646237149315,1.049521430218064,1.3772485226408346,1.1646818140394273,0.22576977006696858,0.0004292967200041353,2.375936224558084,0.00022147142115135657,10
Iran,2020-09-19,1.2203442002511062,1.4454652957832452,0.9962007802835571,1.3253081894124161,1.114749925562757,0.22576977006696858,0.0004292967200041353,2.375936224558084,0.00022147142115135657,10
Iran,2020-09-20,1.265099799198828,1.48861557583829,1.0401970740362338,1.3703341663604078,1.1598012260610404,0.22576977006696858,0.0004292967200041353,2.375936224558084,0.00022147142115135657,10
Iran,2020-09-21,1.3219758274629108,1.549055933864448,1.094326457631353,1.4296780586883462,1.2140024958525122,0.22576977006696858,0.0004292967200041353,2.375936224558084,0.00022147142115135657,10
Iran,2020-09-22,1.3769879087443178,1.6005300415172186,1.1539214270482492,1.485298742071802,1.2702762772917358,0.22576977006696858,0.0004292967200041353,2.375936224558084,0.00022147142115135657,10
Iran,2020-09-23,1.3236129923575868,1.5506359525164823,1.097467547812451,1.4298278073979769,1.2176578788094092,0.22576977006696858,0.0004292967200041353,2.375936224558084,0.00022147142115135657,10
Iran,2020-09-24,1.262754303532339,1.489575141700216,1.038141317036955,1.3692593427533173,1.1549462258500027,0.22576977006696858,0.0004292967200041353,2.375936224558084,0.00022147142115135657,10
Iran,2020-09-25,1.219716876640013,1.4444666534798118,0.9941068675326743,1.327545679000355,1.1126604202848052,0.22576977006696858,0.0004292967200041353,2.375936224558084,0.00022147142115135657,10
Iran,2020-09-26,1.129703918616318,1.3529376632551253,0.9069716674140267,1.2361065835860847,1.0238881904648165,0.22576977006696858,0.0004292967200041353,2.375936224558084,0.00022147142115135657,10
Iran,2020-09-27,1.1392169208969878,1.3643199953257963,0.913624129721935,1.244740795051083,1.0334328310642629,0.22576977006696858,0.0004292967200041353,2.375936224558084,0.00022147142115135657,10
Iran,2020-09-28,1.1635436506671248,1.3873411497326265,0.9377782582795473,1.2701528496716477,1.056957244948221,0.22576977006696858,0.0004292967200041353,2.375936224558084,0.00022147142115135657,10
Iran,2020-09-29,1.1834832414022949,1.410610346856863,0.9581492764506173,1.2894901797652538,1.075721408495373,0.22576977006696858,0.0004292967200041353,2.375936224558084,0.00022147142115135657,10
Iran,2020-09-30,1.1622010612492144,1.3880949706275136,0.9386314815970437,1.2696264830052049,1.0544668568136466,0.22576977006696858,0.0004292967200041353,2.375936224558084,0.00022147142115135657,10
Iran,2020-10-01,1.1756496648447816,1.3980299001433396,0.9511780482682499,1.281673462533671,1.0704937500920633,0.22576977006696858,0.0004292967200041353,2.375936224558084,0.00022147142115135657,10
Iran,2020-10-02,1.1167288498970167,1.3413673707439453,0.8921609063509042,1.222741113927225,1.0112874734327904,0.22576977006696858,0.0004292967200041353,2.375936224558084,0.00022147142115135657,10
Iran,2020-10-03,1.0976488903081834,1.3196707569304,0.8748850130511141,1.2035504526078287,0.9925566327940758,0.22576977006696858,0.0004292967200041353,2.375936224558084,0.00022147142115135657,10
Iran,2020-10-04,1.1202667730261873,1.34731454815728,0.8980333449178285,1.2261888154407765,1.012824714014798,0.22576977006696858,0.0004292967200041353,2.375936224558084,0.00022147142115135657,10
Iran,2020-10-05,1.1661658076060237,1.391354835949999,0.9428659876169264,1.2705764461539735,1.061599438445877,0.22576977006696858,0.0004292967200041353,2.375936224558084,0.00022147142115135657,10
Iran,2020-10-06,1.2011467589112534,1.4240808743193492,0.9769812128226123,1.3063040863196504,1.0963549735678044,0.22576977006696858,0.0004292967200041353,2.375936224558084,0.00022147142115135657,10
Iran,2020-10-07,1.1807741573333206,1.403296510779566,0.9576050900701137,1.2860750855483043,1.0751442403508678,0.22576977006696858,0.0004292967200041353,2.375936224558084,0.00022147142115135657,10
Iran,2020-10-08,1.2091991125363453,1.4326308550427438,0.984444963361493,1.3158995032082597,1.102935335616353,0.22576977006696858,0.0004292967200041353,2.375936224558084,0.00022147142115135657,10
Iran,2020-10-09,1.1477295373640544,1.3720370555706958,0.9248595832972635,1.253828666526481,1.0414246211935496,0.22576977006696858,0.0004292967200041353,2.375936224558084,0.00022147142115135657,10
Iran,2020-10-10,1.0835302536375184,1.3111049922236635,0.858104173359329,1.1893840043447295,0.9779737438859941,0.22576977006696858,0.0004292967200041353,2.375936224558084,0.00022147142115135657,10
Iran,2020-10-11,1.0693333717925264,1.295747497756282,0.8439489113055917,1.1765558251736916,0.9634006864222194,0.22576977006696858,0.0004292967200041353,2.375936224558084,0.00022147142115135657,10
Iran,2020-10-12,1.1212772469254637,1.3469226913342836,0.8966245469315705,1.2264480235009072,1.0145612673385889,0.22576977006696858,0.0004292967200041353,2.375936224558084,0.00022147142115135657,10
Iran,2020-10-13,1.1319078338547974,1.3568432212372117,0.9106401690298522,1.238537838044582,1.0246474777136674,0.22576977006696858,0.0004292967200041353,2.375936224558084,0.00022147142115135657,10
Iran,2020-10-14,1.221244363496301,1.443018675123953,0.9971098110939377,1.326912404355135,1.1154325847379485,0.22576977006696858,0.0004292967200041353,2.375936224558084,0.00022147142115135657,10
Iran,2020-10-15,1.1817882484385775,1.403390800101267,0.9627472376942274,1.2871778062556132,1.0751846862825558,0.22576977006696858,0.0004292967200041353,2.375936224558084,0.00022147142115135657,10
Iran,2020-10-16,1.1336234430193792,1.3560481453843414,0.9094384518048931,1.2389083037393804,1.027908462376704,0.22576977006696858,0.0004292967200041353,2.375936224558084,0.00022147142115135657,10
Iran,2020-10-17,1.046412345536046,1.2708998256623725,0.8225704892572514,1.1539961616104164,0.939284254419586,0.22576977006696858,0.0004292967200041353,2.375936224558084,0.00022147142115135657,10
Iran,2020-10-18,1.0142829784936498,1.2383631527370684,0.7911239105034522,1.119806055284167,0.9076754245563329,0.22576977006696858,0.0004292967200041353,2.375936224558084,0.00022147142115135657,10
Iran,2020-10-19,1.087721206981962,1.310804042205756,0.8662816430080752,1.1923464747493218,0.9807742620907655,0.22576977006696858,0.0004292967200041353,2.375936224558084,0.00022147142115135657,10
Iran,2020-10-20,1.2256958263457314,1.4473494259072373,0.9997012496187289,1.3317880742593418,1.1203792616074408,0.22576977006696858,0.0004292967200041353,2.375936224558084,0.00022147142115135657,10
Iran,2020-10-21,1.3128081714969557,1.531807982573293,1.0862688416677795,1.4186685972302258,1.2075008424594396,0.22576977006696858,0.0004292967200041353,2.375936224558084,0.00022147142115135657,10
Iran,2020-10-22,1.301147662080796,1.5248001940447502,1.0791753046672612,1.407819473820879,1.1944960532911493,0.22576977006696858,0.0004292967200041353,2.375936224558084,0.00022147142115135657,10
Iran,2020-10-23,1.3489883662412756,1.5701950075324937,1.1255544399824629,1.4538988540151085,1.2424923861351918,0.22576977006696858,0.0004292967200041353,2.375936224558084,0.00022147142115135657,10
Iran,2020-10-24,1.2968453541432103,1.5215120124182993,1.076354674963759,1.4023774280438372,1.1918566290737762,0.22576977006696858,0.0004292967200041353,2.375936224558084,0.00022147142115135657,10
Iran,2020-10-25,1.304997727660632,1.5307531445323708,1.0791834526993056,1.4115396505909474,1.1980156121139058,0.22576977006696858,0.0004292967200041353,2.375936224558084,0.00022147142115135657,10
Iran,2020-10-26,1.280691066714899,1.5056121492620331,1.0592552049826998,1.3856175400586468,1.1740441947740496,0.22576977006696858,0.0004292967200041353,2.375936224558084,0.00022147142115135657,10
Iran,2020-10-27,1.366675602011977,1.5873024573699173,1.1439586185107533,1.4712978992635608,1.262231278504929,0.22576977006696858,0.0004292967200041353,2.375936224558084,0.00022147142115135657,10
Iran,2020-10-28,1.3696069925714185,1.5976213909928265,1.142147542713153,1.4761224994928854,1.2634072505417955,0.22576977006696858,0.0004292967200041353,2.375936224558084,0.00022147142115135657,10
Iran,2020-10-29,1.4786189376075107,1.7002723817521324,1.2501901819239136,1.5850402527569292,1.3728524963155881,0.22576977006696858,0.0004292967200041353,2.375936224558084,0.00022147142115135657,10
Iran,2020-10-30,1.4182863199081073,1.6410405006371973,1.1958661531130148,1.52357884005233,1.3118936100499092,0.22576977006696858,0.0004292967200041353,2.375936224558084,0.00022147142115135657,10
Iran,2020-10-31,1.3465194942514593,1.570253602252373,1.12675646951102,1.4537633433591899,1.2400358345668558,0.22576977006696858,0.0004292967200041353,2.375936224558084,0.00022147142115135657,10
Iran,2020-11-01,1.3048414832491428,1.5288019563042572,1.0797848294980303,1.4102749414775808,1.2009451464600325,0.22576977006696858,0.0004292967200041353,2.375936224558084,0.00022147142115135657,10
Iran,2020-11-02,1.3303795571435486,1.5518931708787551,1.1064722288165345,1.4363664785229626,1.2240541460625056,0.22576977006696858,0.0004292967200041353,2.375936224558084,0.00022147142115135657,10
Iran,2020-11-03,1.3519187255810197,1.5738679573426428,1.128094958602098,1.4588447670893285,1.2455609621916937,0.22576977006696858,0.0004292967200041353,2.375936224558084,0.00022147142115135657,10
Iran,2020-11-04,1.2884986200402442,1.512819212616439,1.0637479395424534,1.3945666899476263,1.1818362439529058,0.22576977006696858,0.0004292967200041353,2.375936224558084,0.00022147142115135657,10
Iran,2020-11-05,1.279705022191044,1.504693364720455,1.053301119567611,1.3847291055640372,1.1746205839439727,0.22576977006696858,0.0004292967200041353,2.375936224558084,0.00022147142115135657,10
Iran,2020-11-06,1.2700681350380574,1.4913525045842935,1.0494046434861677,1.3753816224167827,1.1637480902390334,0.22576977006696858,0.0004292967200041353,2.375936224558084,0.00022147142115135657,10
Iran,2020-11-07,1.2913773046947707,1.51193132513523,1.0695192939737135,1.3952681401172433,1.187630296971371,0.22576977006696858,0.0004292967200041353,2.375936224558084,0.00022147142115135657,10
Iran,2020-11-08,1.2751531339575664,1.4987574363083027,1.0556944332885803,1.3804324071641467,1.1694069154221975,0.22576977006696858,0.0004292967200041353,2.375936224558084,0.00022147142115135657,10
Iran,2020-11-09,1.3410869888841819,1.5608335983799915,1.1157667627129306,1.4473035022194112,1.2359021251304223,0.22576977006696858,0.0004292967200041353,2.375936224558084,0.00022147142115135657,10
Iran,2020-11-10,1.3350056878643817,1.5598530311338807,1.1094394371634049,1.4416371232660665,1.2288547048822014,0.22576977006696858,0.0004292967200041353,2.375936224558084,0.00022147142115135657,10
Iran,2020-11-11,1.3971357262714392,1.6171817922589098,1.176424582353014,1.5015572632596021,1.2916668699127496,0.22576977006696858,0.0004292967200041353,2.375936224558084,0.00022147142115135657,10
Iran,2020-11-12,1.355909274698313,1.5768606492912687,1.1353482570930822,1.4600902253724035,1.2503703370242607,0.22576977006696858,0.0004292967200041353,2.375936224558084,0.00022147142115135657,10
Iran,2020-11-13,1.3243658561320149,1.5471987559512843,1.1018418359551583,1.4310388887032817,1.2187839686677406,0.22576977006696858,0.0004292967200041353,2.375936224558084,0.00022147142115135657,10
Iran,2020-11-14,1.2751015109365358,1.5050518212624477,1.0490061733606937,1.3818649373510734,1.1682200787164445,0.22576977006696858,0.0004292967200041353,2.375936224558084,0.00022147142115135657,10
Iran,2020-11-15,1.3283865522389298,1.5568628627564325,1.1030919462006548,1.4351633643798039,1.221375472547338,0.22576977006696858,0.0004292967200041353,2.375936224558084,0.00022147142115135657,10
Iran,2020-11-16,1.3416113807280663,1.564475090583321,1.1179264356202043,1.4483232132929338,1.2349321073739963,0.22576977006696858,0.0004292967200041353,2.375936224558084,0.00022147142115135657,10
Iran,2020-11-17,1.3285195031956525,1.5530303603396267,1.108088876268773,1.4341858096976432,1.2228078809149088,0.22576977006696858,0.0004292967200041353,2.375936224558084,0.00022147142115135657,10
Iran,2020-11-18,1.295489247536256,1.515668003638471,1.0734052726033767,1.4003146833399236,1.1908230895630556,0.22576977006696858,0.0004292967200041353,2.375936224558084,0.00022147142115135657,10
Iran,2020-11-19,1.248835491367495,1.469786210243102,1.024152923283653,1.3548209976395944,1.1435025406538348,0.22576977006696858,0.0004292967200041353,2.375936224558084,0.00022147142115135657,10
Iran,2020-11-20,1.2142827728056267,1.4384204160224106,0.9908602300452513,1.3194024384125425,1.1087404891056103,0.22576977006696858,0.0004292967200041353,2.375936224558084,0.00022147142115135657,10
Iran,2020-11-21,1.172307535007255,1.3958071487504153,0.9476002321468309,1.2791295766631698,1.0654807417693262,0.22576977006696858,0.0004292967200041353,2.375936224558084,0.00022147142115135657,10
Iran,2020-11-22,1.1513515608615603,1.3783661364288793,0.9250267180421613,1.258501936506082,1.0449924365584726,0.22576977006696858,0.0004292967200041353,2.375936224558084,0.00022147142115135657,10
Iran,2020-11-23,1.1196961008440809,1.345215647397075,0.8955010452321449,1.226828516957594,1.0141962462325387,0.22576977006696858,0.0004292967200041353,2.375936224558084,0.00022147142115135657,10
Iran,2020-11-24,1.165911793184784,1.3902050220511615,0.9410216518222915,1.2739377489652348,1.059430808942282,0.22576977006696858,0.0004292967200041353,2.375936224558084,0.00022147142115135657,10
Iran,2020-11-25,1.1685074747231055,1.393106138321524,0.9462490788821837,1.273555034147447,1.0637956670524773,0.22576977006696858,0.0004292967200041353,2.375936224558084,0.00022147142115135657,10
Iran,2020-11-26,1.1586257315182604,1.3820306410944156,0.9384346861168573,1.2650273975722754,1.0513621506502657,0.22576977006696858,0.0004292967200041353,2.375936224558084,0.00022147142115135657,10
Iran,2020-11-27,1.1392880318101046,1.3587215810875741,0.918153490377762,1.2465096766895178,1.0324006109356638,0.22576977006696858,0.0004292967200041353,2.375936224558084,0.00022147142115135657,10
Iran,2020-11-28,1.0904129250169592,1.314791971952641,0.8678565870611472,1.196076619232538,0.9841377626016035,0.22576977006696858,0.0004292967200041353,2.375936224558084,0.00022147142115135657,10
Iran,2020-11-29,1.0568587308653696,1.2819068217815381,0.8356046380816146,1.164391125189376,0.9503077483085365,0.22576977006696858,0.0004292967200041353,2.375936224558084,0.00022147142115135657,10
Iran,2020-11-30,1.066882643504058,1.2886142816630308,0.8422819566335367,1.1717064076460744,0.9619857546064481,0.22576977006696858,0.0004292967200041353,2.375936224558084,0.00022147142115135657,10
Iran,2020-12-01,1.0866720510584904,1.3084813608026105,0.864895725888303,1.1931332686391725,0.9795587500525486,0.22576977006696858,0.0004292967200041353,2.375936224558084,0.00022147142115135657,10
Iran,2020-12-02,1.0722505332957917,1.291160846526461,0.8473952575246431,1.1792320955989666,0.9665659543236658,0.22576977006696858,0.0004292967200041353,2.375936224558084,0.00022147142115135657,10
Iran,2020-12-03,1.0674034832319252,1.28994530275935,0.844839089254945,1.1728369404822554,0.9623739771719158,0.22576977006696858,0.0004292967200041353,2.375936224558084,0.00022147142115135657,10
Iran,2020-12-04,1.020497822962889,1.242177905318567,0.7990563358468022,1.1271620547476802,0.9156548752265954,0.22576977006696858,0.0004292967200041353,2.375936224558084,0.00022147142115135657,10
Iran,2020-12-05,0.9477067486422501,1.1688376976678443,0.7253383018191547,1.0526619970400974,0.8420804515454041,0.22576977006696858,0.0004292967200041353,2.375936224558084,0.00022147142115135657,10
Iran,2020-12-06,0.901611484372034,1.1255275765247779,0.6795030511215705,1.0084333599153998,0.7948926676516227,0.22576977006696858,0.0004292967200041353,2.375936224558084,0.00022147142115135657,10
Iran,2020-12-07,0.8646288162466339,1.0895738368145667,0.6443869285759602,0.9687015860601963,0.7606790410354703,0.22576977006696858,0.0004292967200041353,2.375936224558084,0.00022147142115135657,10
Iran,2020-12-08,0.8638662709175168,1.0864521213370881,0.6415900550781588,0.9675559885965184,0.7583510699066492,0.22576977006696858,0.0004292967200041353,2.375936224558084,0.00022147142115135657,10
Iran,2020-12-09,0.8354895021215751,1.053626639741711,0.6141754812546047,0.9401129021757809,0.729079173156038,0.22576977006696858,0.0004292967200041353,2.375936224558084,0.00022147142115135657,10
Iran,2020-12-10,0.831328508110672,1.0537438007444455,0.6077818049922044,0.93823698881505,0.7237021377843852,0.22576977006696858,0.0004292967200041353,2.375936224558084,0.00022147142115135657,10
Iran,2020-12-11,0.7777461492500082,1.001646872554002,0.5566821485633269,0.8846061011210318,0.6713830295050738,0.22576977006696858,0.0004292967200041353,2.375936224558084,0.00022147142115135657,10
Iran,2020-12-12,0.7214399083146692,0.9474661677703031,0.4981882556800624,0.8279166200199811,0.6157389103199292,0.22576977006696858,0.0004292967200041353,2.375936224558084,0.00022147142115135657,10
Iran,2020-12-13,0.6768232815222855,0.9071485026153234,0.45066447477248817,0.7857069070109681,0.5694939875008458,0.22576977006696858,0.0004292967200041353,2.375936224558084,0.00022147142115135657,10
Iran,2020-12-14,0.6883463000790919,0.9101495350510689,0.4658789383288573,0.7955362454924811,0.581799287300877,0.22576977006696858,0.0004292967200041353,2.375936224558084,0.00022147142115135657,10
Iran,2020-12-15,0.7160466243627598,0.9382706769739892,0.49236815771743336,0.8209135181894368,0.6103065965906629,0.22576977006696858,0.0004292967200041353,2.375936224558084,0.00022147142115135657,10
Iran,2020-12-16,0.7279521987569108,0.9540003484320341,0.5024212556688014,0.8331923228147338,0.6221443280475094,0.22576977006696858,0.0004292967200041353,2.375936224558084,0.00022147142115135657,10
Iran,2020-12-17,0.7314298670283861,0.956851062338521,0.5027750733170975,0.8381249863762871,0.6250343638500877,0.22576977006696858,0.0004292967200041353,2.375936224558084,0.00022147142115135657,10
Iran,2020-12-18,0.7155771931092464,0.9403195413980321,0.48863690936120097,0.8219867995008798,0.6102137116725879,0.22576977006696858,0.0004292967200041353,2.375936224558084,0.00022147142115135657,10
Iran,2020-12-19,0.6851972100945358,0.9105688547439522,0.4629799788574258,0.7914141187173476,0.5792840175567835,0.22576977006696858,0.0004292967200041353,2.375936224558084,0.00022147142115135657,10
Iran,2020-12-20,0.6856379716427483,0.9102800801185422,0.4630031566573827,0.7922928962325229,0.5789975358512395,0.22576977006696858,0.0004292967200041353,2.375936224558084,0.00022147142115135657,10
Iran,2020-12-21,0.6937419146096511,0.9174237464645774,0.47036074923458493,0.8001990924485816,0.5871714946221838,0.22576977006696858,0.0004292967200041353,2.375936224558084,0.00022147142115135657,10
Iran,2020-12-22,0.7155639894909205,0.9391784315317044,0.493149630503282,0.8227283093606459,0.6091267237785563,0.22576977006696858,0.0004292967200041353,2.375936224558084,0.00022147142115135657,10
Iran,2020-12-23,0.7372752844618006,0.9608773056203382,0.5132338375221894,0.8438848340458753,0.6306550361539108,0.22576977006696858,0.0004292967200041353,2.375936224558084,0.00022147142115135657,10
Iran,2020-12-24,0.7477802885421005,0.9675510907261569,0.5244543020360599,0.8531141160442639,0.6412358735885735,0.22576977006696858,0.0004292967200041353,2.375936224558084,0.00022147142115135657,10
Iran,2020-12-25,0.7483058908452493,0.972064736188343,0.523296809243095,0.8549803611415911,0.6418139253201474,0.22576977006696858,0.0004292967200041353,2.375936224558084,0.00022147142115135657,10
Iran,2020-12-26,0.7420191998360985,0.9651177044327064,0.5197063174112797,0.8464369410224637,0.6367081834555763,0.22576977006696858,0.0004292967200041353,2.375936224558084,0.00022147142115135657,10
Iran,2020-12-27,0.7437681069621156,0.9702476369012949,0.5222926924060205,0.8502044727323186,0.6373177287946328,0.22576977006696858,0.0004292967200041353,2.375936224558084,0.00022147142115135657,10
Iran,2020-12-28,0.7952359843218852,1.0175556438392037,0.5712446859858522,0.902491886483839,0.6884216449680545,0.22576977006696858,0.0004292967200041353,2.375936224558084,0.00022147142115135657,10
Iran,2020-12-29,0.8393758038099366,1.0634741272620425,0.6147267464517303,0.9453506787412551,0.7337114879322215,0.22576977006696858,0.0004292967200041353,2.375936224558084,0.00022147142115135657,10
Iran,2020-12-30,0.8729633817561643,1.0943330098308257,0.6508174236525721,0.9794178323788223,0.7672800919165184,0.22576977006696858,0.0004292967200041353,2.375936224558084,0.00022147142115135657,10
Iran,2020-12-31,0.8957039584711088,1.1199102624930115,0.6720100715321606,1.002406917592985,0.7900212351795848,0.22576977006696858,0.0004292967200041353,2.375936224558084,0.00022147142115135657,10
Iran,2021-01-01,0.8944110840538463,1.1185731187471613,0.6695080732546255,0.9990358662839477,0.7895424295250577,0.22576977006696858,0.0004292967200041353,2.375936224558084,0.00022147142115135657,10
Iran,2021-01-02,0.8813082476142976,1.1037414751698207,0.6581873748860562,0.9864999447092231,0.7752533340323816,0.22576977006696858,0.0004292967200041353,2.375936224558084,0.00022147142115135657,10
Iran,2021-01-03,0.8821768435103463,1.10724637706723,0.6589465623105769,0.9892786256079261,0.7763012639986677,0.22576977006696858,0.0004292967200041353,2.375936224558084,0.00022147142115135657,10
Iran,2021-01-04,0.9017650434587985,1.1229229100547977,0.6799330543802258,1.0068858311987987,0.7966540567480831,0.22576977006696858,0.0004292967200041353,2.375936224558084,0.00022147142115135657,10
Iran,2021-01-05,0.9197545907769318,1.1412980226619034,0.6975002629448086,1.0259455686289043,0.814332878766652,0.22576977006696858,0.0004292967200041353,2.375936224558084,0.00022147142115135657,10
Iran,2021-01-06,0.9440831817919907,1.1691048197007057,0.7189377749302923,1.0489611879521779,0.8378900557602977,0.22576977006696858,0.0004292967200041353,2.375936224558084,0.00022147142115135657,10
Iran,2021-01-07,0.9560965603103151,1.180932584999263,0.7292107843407178,1.0622929011177624,0.8492663486854409,0.22576977006696858,0.0004292967200041353,2.375936224558084,0.00022147142115135657,10
Iran,2021-01-08,0.9469247360091892,1.1695178529627697,0.7244974365626651,1.0524366562378704,0.8409485007026507,0.22576977006696858,0.0004292967200041353,2.375936224558084,0.00022147142115135657,10
Iran,2021-01-09,0.923268295938021,1.1458102153899976,0.698714535235651,1.0292229027764142,0.815153039330872,0.22576977006696858,0.0004292967200041353,2.375936224558084,0.00022147142115135657,10
Iran,2021-01-10,0.9321509539363366,1.155785852783591,0.7110539648637596,1.0392558550211812,0.8262605559863336,0.22576977006696858,0.0004292967200041353,2.375936224558084,0.00022147142115135657,10
Iran,2021-01-11,0.963643735966645,1.1902605428867465,0.7427508570130342,1.0703141284773197,0.8569614938273156,0.22576977006696858,0.0004292967200041353,2.375936224558084,0.00022147142115135657,10
Iran,2021-01-12,0.990419085439681,1.2109086255744355,0.7702173503492062,1.0935982668496522,0.886700100837558,0.22576977006696858,0.0004292967200041353,2.375936224558084,0.00022147142115135657,10
Iran,2021-01-13,0.9931222465612454,1.2154372096281307,0.7688391160707937,1.0982080106144654,0.8877359060663351,0.22576977006696858,0.0004292967200041353,2.375936224558084,0.00022147142115135657,10
Iran,2021-01-14,1.0051326303231274,1.2256725441909562,0.7819861611984902,1.1101360156261417,0.8991910478239458,0.22576977006696858,0.0004292967200041353,2.375936224558084,0.00022147142115135657,10
Iran,2021-01-15,0.9992325754085478,1.22075122084815,0.7741301056906895,1.1053214512040026,0.8937570714718889,0.22576977006696858,0.0004292967200041353,2.375936224558084,0.00022147142115135657,10
Iran,2021-01-16,0.9623222951681516,1.1864200030629213,0.7400480789785586,1.0687692415207424,0.8550629884447943,0.22576977006696858,0.0004292967200041353,2.375936224558084,0.00022147142115135657,10
Iran,2021-01-17,0.9445421826948368,1.1724567075296655,0.7214492860293287,1.0522489252044067,0.8378162294485505,0.22576977006696858,0.0004292967200041353,2.375936224558084,0.00022147142115135657,10
Iran,2021-01-18,0.9314508128843904,1.1559652889636887,0.7081336364160271,1.0379552218964228,0.8249200266305854,0.22576977006696858,0.0004292967200041353,2.375936224558084,0.00022147142115135657,10
Iran,2021-01-19,0.9473746850991387,1.1715372811987923,0.7226331587134118,1.053440464508604,0.8400402325181457,0.22576977006696858,0.0004292967200041353,2.375936224558084,0.00022147142115135657,10
Iran,2021-01-20,0.9796698263970844,1.2023856440712715,0.7575843197428985,1.0852408184524918,0.8746481491561835,0.22576977006696858,0.0004292967200041353,2.375936224558084,0.00022147142115135657,10
Iran,2021-01-21,0.9926228782463696,1.2150814275805426,0.7690962014615694,1.0987523143509998,0.8879756500381942,0.22576977006696858,0.0004292967200041353,2.375936224558084,0.00022147142115135657,10
Iran,2021-01-22,1.0030680125116154,1.2272555596472488,0.7797207628262015,1.108746205853394,0.8970353963180941,0.22576977006696858,0.0004292967200041353,2.375936224558084,0.00022147142115135657,10
Iran,2021-01-23,0.9899722872108828,1.2142136775817713,0.765461389537755,1.097874855937133,0.882446020200378,0.22576977006696858,0.0004292967200041353,2.375936224558084,0.00022147142115135657,10
Iran,2021-01-24,0.9747043669514379,1.1963147862702632,0.7525812397395373,1.080397769070188,0.8686662902952365,0.22576977006696858,0.0004292967200041353,2.375936224558084,0.00022147142115135657,10
Iran,2021-01-25,1.00993359889174,1.2306723773934625,0.7899318801366381,1.115077705725477,0.9044309663648114,0.22576977006696858,0.0004292967200041353,2.375936224558084,0.00022147142115135657,10
Iran,2021-01-26,1.0304161841658346,1.2587036179938944,0.8059559108428621,1.1359764226358895,0.9245961434830354,0.22576977006696858,0.0004292967200041353,2.375936224558084,0.00022147142115135657,10
Iran,2021-01-27,1.0483954188229123,1.2741816706617572,0.8231065625902334,1.154951117538132,0.9426071498845143,0.22576977006696858,0.0004292967200041353,2.375936224558084,0.00022147142115135657,10
Iran,2021-01-28,1.0410932727414968,1.2644901527960783,0.816063021783995,1.1480440730522319,0.9341231505362186,0.22576977006696858,0.0004292967200041353,2.375936224558084,0.00022147142115135657,10
Iran,2021-01-29,1.034583213909479,1.2621954493667675,0.8089387702506603,1.139510786933426,0.9294580719937202,0.22576977006696858,0.0004292967200041353,2.375936224558084,0.00022147142115135657,10
Iran,2021-01-30,1.0081103285392088,1.2277402428287658,0.7880133993208325,1.1134889603347828,0.9026599419947855,0.22576977006696858,0.0004292967200041353,2.375936224558084,0.00022147142115135657,10
Iran,2021-01-31,1.0067553074998055,1.2312478029019314,0.7869024265704743,1.1116003090292104,0.9028015350795566,0.22576977006696858,0.0004292967200041353,2.375936224558084,0.00022147142115135657,10
Iran,2021-02-01,1.0403163152389825,1.2671908065793944,0.8172108245621591,1.1464091682014144,0.9334320352075609,0.22576977006696858,0.0004292967200041353,2.375936224558084,0.00022147142115135657,10
Iran,2021-02-02,1.0665727740461493,1.2923143170092433,0.8388196514759246,1.1725023992526582,0.959975094376517,0.22576977006696858,0.0004292967200041353,2.375936224558084,0.00022147142115135657,10
Iran,2021-02-03,1.0753201694063486,1.3022857452338052,0.847354078976531,1.1836271427959528,0.9669393291201516,0.22576977006696858,0.0004292967200041353,2.375936224558084,0.00022147142115135657,10
Iran,2021-02-04,1.0859232302737016,1.3077343197107412,0.8607925851100482,1.1924215540686254,0.9812501132188723,0.22576977006696858,0.0004292967200041353,2.375936224558084,0.00022147142115135657,10
Iran,2021-02-05,1.0821594274175996,1.305700400685737,0.8584668402859109,1.1885891724847535,0.9761435496937778,0.22576977006696858,0.0004292967200041353,2.375936224558084,0.00022147142115135657,10
Iran,2021-02-06,1.0723565946689453,1.2959312071445837,0.8487660985434884,1.1805858564248273,0.9650202573188807,0.22576977006696858,0.0004292967200041353,2.375936224558084,0.00022147142115135657,10
Iran,2021-02-07,1.0784137447238775,1.301487276836982,0.8592769337467044,1.183752676747619,0.9735242809445993,0.22576977006696858,0.0004292967200041353,2.375936224558084,0.00022147142115135657,10
Iran,2021-02-08,1.1003686835623907,1.323901400404678,0.8773292950449687,1.2068955833666841,0.9928008497380814,0.22576977006696858,0.0004292967200041353,2.375936224558084,0.00022147142115135657,10
Iran,2021-02-09,1.1215649962315848,1.347049402616815,0.8951117235717329,1.228695763684615,1.0152803796671823,0.22576977006696858,0.0004292967200041353,2.375936224558084,0.00022147142115135657,10
Iran,2021-02-10,1.108257141673543,1.3299913988741574,0.8835574916682808,1.2138035490735521,1.0029258715035045,0.22576977006696858,0.0004292967200041353,2.375936224558084,0.00022147142115135657,10
Iran,2021-02-11,1.0844264724238768,1.307480514661358,0.8626094918651643,1.1906968055438631,0.9777041299403996,0.22576977006696858,0.0004292967200041353,2.375936224558084,0.00022147142115135657,10
Iran,2021-02-12,1.0557736158963145,1.2807059938325316,0.8296241893258722,1.1625662306042641,0.9488879100655754,0.22576977006696858,0.0004292967200041353,2.375936224558084,0.00022147142115135657,10
Iran,2021-02-13,1.0348923932433323,1.2599547775581441,0.8065853228540957,1.1426832739358463,0.9274744440896433,0.22576977006696858,0.0004292967200041353,2.375936224558084,0.00022147142115135657,10
Iran,2021-02-14,1.0500986319234116,1.297709486184559,0.801871781929789,1.1696083519491982,0.9323806056827205,0.22576977006696858,0.0004292967200041353,2.375936224558084,0.00022147142115135657,10
Iraq,2020-03-14,1.2451918005309284,1.5831083788396294,0.8965603893700934,1.4111574519478671,1.0817393343709534,0.18569326023881244,0.00036014983508803056,0.11220663580258994,0.0009822616483195282,10
Iraq,2020-03-15,1.2824924389286751,1.5886845301443393,0.9683643843702124,1.430588956347175,1.1340459862947427,0.18569326023881244,0.00036014983508803056,0.11220663580258994,0.0009822616483195282,10
Iraq,2020-03-16,1.3929855406058216,1.6698524012993101,1.1107043707332267,1.5248917409659821,1.2614395724864411,0.18569326023881244,0.00036014983508803056,0.11220663580258994,0.0009822616483195282,10
Iraq,2020-03-17,1.564878290278516,1.826526464584147,1.3023063599322415,1.6896812340684395,1.4398955702305527,0.18569326023881244,0.00036014983508803056,0.11220663580258994,0.0009822616483195282,10
Iraq,2020-03-18,1.556824503866085,1.8158134060401596,1.3025434752112424,1.6777474990119199,1.4363403852647947,0.18569326023881244,0.00036014983508803056,0.11220663580258994,0.0009822616483195282,10
Iraq,2020-03-19,1.62565782560886,1.8837321340630506,1.3749874993808913,1.7441450685202025,1.506635049855914,0.18569326023881244,0.00036014983508803056,0.11220663580258994,0.0009822616483195282,10
Iraq,2020-03-20,1.599369646317199,1.8500423377908648,1.3474450550129438,1.7189275941403,1.480075401580585,0.18569326023881244,0.00036014983508803056,0.11220663580258994,0.0009822616483195282,10
Iraq,2020-03-21,1.6153928982494394,1.8684695540786156,1.3547492957725464,1.7364794744057839,1.4946844558889232,0.18569326023881244,0.00036014983508803056,0.11220663580258994,0.0009822616483195282,10
Iraq,2020-03-22,1.7593338604019855,2.0069475477954546,1.511801515979684,1.876589440431749,1.6433854922859692,0.18569326023881244,0.00036014983508803056,0.11220663580258994,0.0009822616483195282,10
Iraq,2020-03-23,1.9313524255802985,2.194917630827346,1.6795063381130948,2.0544401109146655,1.8088153643558411,0.18569326023881244,0.00036014983508803056,0.11220663580258994,0.0009822616483195282,10
Iraq,2020-03-24,2.043110343604404,2.323825723377667,1.7769444377120214,2.174136300973331,1.9120759463263894,0.18569326023881244,0.00036014983508803056,0.11220663580258994,0.0009822616483195282,10
Iraq,2020-03-25,2.01758002818053,2.2915805656134713,1.7587341128889276,2.1434373788992005,1.8887662039041744,0.18569326023881244,0.00036014983508803056,0.11220663580258994,0.0009822616483195282,10
Iraq,2020-03-26,2.040001848781152,2.3161718061950594,1.781820817608081,2.168202795405553,1.9115047192357344,0.18569326023881244,0.00036014983508803056,0.11220663580258994,0.0009822616483195282,10
Iraq,2020-03-27,2.0888819606554945,2.3807935022199054,1.8134709273213505,2.223814997619055,1.9522862305154967,0.18569326023881244,0.00036014983508803056,0.11220663580258994,0.0009822616483195282,10
Iraq,2020-03-28,1.9765781777407216,2.2427167127531114,1.721289212762656,2.101029299144556,1.852177307988775,0.18569326023881244,0.00036014983508803056,0.11220663580258994,0.0009822616483195282,10
Iraq,2020-03-29,1.8886225474315705,2.144639172741053,1.6422702880889086,2.0099093355227335,1.7685126549639008,0.18569326023881244,0.00036014983508803056,0.11220663580258994,0.0009822616483195282,10
Iraq,2020-03-30,1.8539349576042763,2.114343393499587,1.6037919586995202,1.97486316207091,1.7324361890569346,0.18569326023881244,0.00036014983508803056,0.11220663580258994,0.0009822616483195282,10
Iraq,2020-03-31,1.7199550177629,1.9745396951946945,1.4733040889173235,1.8385942208779729,1.6013685692320319,0.18569326023881244,0.00036014983508803056,0.11220663580258994,0.0009822616483195282,10
Iraq,2020-04-01,1.5774438797458226,1.8251726352310447,1.3226580600223041,1.6976700963156601,1.4600348806684331,0.18569326023881244,0.00036014983508803056,0.11220663580258994,0.0009822616483195282,10
Iraq,2020-04-02,1.512456540116206,1.7565952664302087,1.2559084587021219,1.6322180480164372,1.394268264105484,0.18569326023881244,0.00036014983508803056,0.11220663580258994,0.0009822616483195282,10
Iraq,2020-04-03,1.4862142728772623,1.7325190067149774,1.2352150115858764,1.603163867920098,1.368594163712456,0.18569326023881244,0.00036014983508803056,0.11220663580258994,0.0009822616483195282,10
Iraq,2020-04-04,1.4860478294923245,1.7333267480854624,1.2376234100977594,1.603647692030778,1.3691264448588059,0.18569326023881244,0.00036014983508803056,0.11220663580258994,0.0009822616483195282,10
Iraq,2020-04-05,1.4869471548790576,1.741097126809738,1.2396287574956992,1.605569399965717,1.3665051829525465,0.18569326023881244,0.00036014983508803056,0.11220663580258994,0.0009822616483195282,10
Iraq,2020-04-06,1.4318086318059071,1.686784535273463,1.1843359522978345,1.5511058034937455,1.311651323714811,0.18569326023881244,0.00036014983508803056,0.11220663580258994,0.0009822616483195282,10
Iraq,2020-04-07,1.3652742913100728,1.619922267964578,1.1143691300894776,1.4845284326055406,1.2450936465940339,0.18569326023881244,0.00036014983508803056,0.11220663580258994,0.0009822616483195282,10
Iraq,2020-04-08,1.2403716873181865,1.4884253314856823,0.9920713655552038,1.3576290241712832,1.1236911977348025,0.18569326023881244,0.00036014983508803056,0.11220663580258994,0.0009822616483195282,10
Iraq,2020-04-09,1.0827489639552785,1.3309506867505454,0.8313003577350047,1.2014424779368622,0.9644574132279148,0.18569326023881244,0.00036014983508803056,0.11220663580258994,0.0009822616483195282,10
Iraq,2020-04-10,0.9838796721114175,1.2322996254925032,0.7277729724513906,1.103977103137859,0.8640437352916416,0.18569326023881244,0.00036014983508803056,0.11220663580258994,0.0009822616483195282,10
Iraq,2020-04-11,0.8949307723435518,1.145953913642743,0.6367964855381482,1.0171760649337973,0.7729216250877132,0.18569326023881244,0.00036014983508803056,0.11220663580258994,0.0009822616483195282,10
Iraq,2020-04-12,0.8212020888297293,1.0719594844109572,0.5577632025054369,0.9450266690839294,0.6983438527246836,0.18569326023881244,0.00036014983508803056,0.11220663580258994,0.0009822616483195282,10
Iraq,2020-04-13,0.7621703005432314,1.0172970084271225,0.49603006495786617,0.8879980337579397,0.6382986419227312,0.18569326023881244,0.00036014983508803056,0.11220663580258994,0.0009822616483195282,10
Iraq,2020-04-14,0.7269455288188733,0.9846550279557266,0.4583393336158248,0.8509404372810062,0.6008502762827286,0.18569326023881244,0.00036014983508803056,0.11220663580258994,0.0009822616483195282,10
Iraq,2020-04-15,0.7185722176316581,0.9808258954386451,0.45245747398006475,0.8458577030955396,0.592437922910202,0.18569326023881244,0.00036014983508803056,0.11220663580258994,0.0009822616483195282,10
Iraq,2020-04-16,0.7509789845371877,1.006989969651999,0.4938686708597303,0.8739713183388137,0.6264957062226246,0.18569326023881244,0.00036014983508803056,0.11220663580258994,0.0009822616483195282,10
Iraq,2020-04-17,0.8152242165586345,1.0672889134186268,0.564793004884536,0.9349427897386899,0.6969236339458567,0.18569326023881244,0.00036014983508803056,0.11220663580258994,0.0009822616483195282,10
Iraq,2020-04-18,0.8318363263588404,1.076692893073379,0.5789616153699527,0.9513243430289946,0.7129161891910057,0.18569326023881244,0.00036014983508803056,0.11220663580258994,0.0009822616483195282,10
Iraq,2020-04-19,0.853450477238446,1.106460736139133,0.5987268967865592,0.9721273269570394,0.73399067725663,0.18569326023881244,0.00036014983508803056,0.11220663580258994,0.0009822616483195282,10
Iraq,2020-04-20,0.8965189032278866,1.1467021657006033,0.6438796349853712,1.016001201172704,0.7772818105334525,0.18569326023881244,0.00036014983508803056,0.11220663580258994,0.0009822616483195282,10
Iraq,2020-04-21,0.9342674580851443,1.1806180284944126,0.6791778221569479,1.0533961699045709,0.8154470839712182,0.18569326023881244,0.00036014983508803056,0.11220663580258994,0.0009822616483195282,10
Iraq,2020-04-22,0.9929261218116823,1.2376362171622706,0.746568440575459,1.1107131618537724,0.875736082795862,0.18569326023881244,0.00036014983508803056,0.11220663580258994,0.0009822616483195282,10
Iraq,2020-04-23,1.0734637959911688,1.3214409344102227,0.8304838936894496,1.188493125599959,0.958296903683641,0.18569326023881244,0.00036014983508803056,0.11220663580258994,0.0009822616483195282,10
Iraq,2020-04-24,1.1305654591570065,1.3773963957797823,0.8839449255585808,1.2466401162001859,1.0132701993563995,0.18569326023881244,0.00036014983508803056,0.11220663580258994,0.0009822616483195282,10
Iraq,2020-04-25,1.2189982483127264,1.4676914517237796,0.9729307349909095,1.3359711988723648,1.1026813162076285,0.18569326023881244,0.00036014983508803056,0.11220663580258994,0.0009822616483195282,10
Iraq,2020-04-26,1.2753334281914381,1.5253655689784027,1.0311532058095287,1.3927353182444695,1.1567727927562221,0.18569326023881244,0.00036014983508803056,0.11220663580258994,0.0009822616483195282,10
Iraq,2020-04-27,1.3067990205638864,1.5531461207393216,1.062660798379393,1.4224879623738604,1.1892435018111147,0.18569326023881244,0.00036014983508803056,0.11220663580258994,0.0009822616483195282,10
Iraq,2020-04-28,1.4100013498790367,1.6727144331969739,1.160780592791584,1.5307423999865637,1.2874483087208923,0.18569326023881244,0.00036014983508803056,0.11220663580258994,0.0009822616483195282,10
Iraq,2020-04-29,1.4362875690183408,1.6987962876700422,1.1869397149696859,1.55867181206274,1.312176489815911,0.18569326023881244,0.00036014983508803056,0.11220663580258994,0.0009822616483195282,10
Iraq,2020-04-30,1.4287819498564758,1.6884155095497668,1.1771553341167806,1.5509862801849144,1.3081264144350024,0.18569326023881244,0.00036014983508803056,0.11220663580258994,0.0009822616483195282,10
Iraq,2020-05-01,1.3869855359693912,1.636772037002104,1.139937465390362,1.5055496492846356,1.2686732361415378,0.18569326023881244,0.00036014983508803056,0.11220663580258994,0.0009822616483195282,10
Iraq,2020-05-02,1.3471080880858182,1.5956492194904972,1.1010316635394584,1.4640006590907098,1.2297257576634846,0.18569326023881244,0.00036014983508803056,0.11220663580258994,0.0009822616483195282,10
Iraq,2020-05-03,1.3142925832176418,1.562819974386548,1.0696174897569115,1.429517664953286,1.1995329142549003,0.18569326023881244,0.00036014983508803056,0.11220663580258994,0.0009822616483195282,10
Iraq,2020-05-04,1.2664108266175287,1.5089769167929452,1.0175189921953227,1.3837622550152897,1.148417668484265,0.18569326023881244,0.00036014983508803056,0.11220663580258994,0.0009822616483195282,10
Iraq,2020-05-05,1.2585016561948197,1.5042614467340159,1.0085371357100201,1.375057304148906,1.1417023578839176,0.18569326023881244,0.00036014983508803056,0.11220663580258994,0.0009822616483195282,10
Iraq,2020-05-06,1.2182381505311097,1.4651175102516423,0.9674435839038305,1.336854092833032,1.0984454287847012,0.18569326023881244,0.00036014983508803056,0.11220663580258994,0.0009822616483195282,10
Iraq,2020-05-07,1.2188591693046287,1.4685409828938067,0.9638768275041915,1.338595482844187,1.099184079525553,0.18569326023881244,0.00036014983508803056,0.11220663580258994,0.0009822616483195282,10
Iraq,2020-05-08,1.229785516689367,1.4741736310939313,0.9803226880325862,1.347566817702346,1.112409542367569,0.18569326023881244,0.00036014983508803056,0.11220663580258994,0.0009822616483195282,10
Iraq,2020-05-09,1.2630462219164553,1.506914669040789,1.0109190633339005,1.3798922163190428,1.145442185325777,0.18569326023881244,0.00036014983508803056,0.11220663580258994,0.0009822616483195282,10
Iraq,2020-05-10,1.289100267911325,1.5339657348048827,1.0424873979006661,1.4050620042005353,1.1728377496696745,0.18569326023881244,0.00036014983508803056,0.11220663580258994,0.0009822616483195282,10
Iraq,2020-05-11,1.2952462849886799,1.5391832692343248,1.0448995582666942,1.413610816470581,1.178551001472945,0.18569326023881244,0.00036014983508803056,0.11220663580258994,0.0009822616483195282,10
Iraq,2020-05-12,1.3538718831989214,1.602998731333475,1.108265425564688,1.471038124716455,1.2368707412475135,0.18569326023881244,0.00036014983508803056,0.11220663580258994,0.0009822616483195282,10
Iraq,2020-05-13,1.3904454123106382,1.6411901325303635,1.1447586607584008,1.506800632046456,1.2740081784427377,0.18569326023881244,0.00036014983508803056,0.11220663580258994,0.0009822616483195282,10
Iraq,2020-05-14,1.3775690630574748,1.6228559322193696,1.128907686117345,1.4958724899223879,1.2596809685936083,0.18569326023881244,0.00036014983508803056,0.11220663580258994,0.0009822616483195282,10
Iraq,2020-05-15,1.3424926263027896,1.5874364023551901,1.08606478957491,1.4628422117923612,1.2236098540026739,0.18569326023881244,0.00036014983508803056,0.11220663580258994,0.0009822616483195282,10
Iraq,2020-05-16,1.379287290851458,1.625189268210318,1.1274226343033509,1.4975175106162277,1.2610222066699874,0.18569326023881244,0.00036014983508803056,0.11220663580258994,0.0009822616483195282,10
Iraq,2020-05-17,1.4656809362688583,1.7101075132557237,1.2196132708582965,1.584039893892756,1.34652916658911,0.18569326023881244,0.00036014983508803056,0.11220663580258994,0.0009822616483195282,10
Iraq,2020-05-18,1.4902425227423448,1.7367348764731232,1.2404629199984205,1.6085270343107096,1.3715240253818592,0.18569326023881244,0.00036014983508803056,0.11220663580258994,0.0009822616483195282,10
Iraq,2020-05-19,1.4689898854077534,1.7159444149539567,1.215556905263137,1.5891071436680013,1.349464713899049,0.18569326023881244,0.00036014983508803056,0.11220663580258994,0.0009822616483195282,10
Iraq,2020-05-20,1.5353521456916246,1.784702081806588,1.279623345863013,1.6551389196634823,1.4174439574533146,0.18569326023881244,0.00036014983508803056,0.11220663580258994,0.0009822616483195282,10
Iraq,2020-05-21,1.6213044815884587,1.8656789932444031,1.372621138903865,1.7410638562010916,1.5032276251125074,0.18569326023881244,0.00036014983508803056,0.11220663580258994,0.0009822616483195282,10
Iraq,2020-05-22,1.6889308919137758,1.9367590587857113,1.4418734863897535,1.8074083942108952,1.5700235278617969,0.18569326023881244,0.00036014983508803056,0.11220663580258994,0.0009822616483195282,10
Iraq,2020-05-23,1.8406198874545625,2.100413971279678,1.591390288007473,1.9601744060150366,1.721340164892582,0.18569326023881244,0.00036014983508803056,0.11220663580258994,0.0009822616483195282,10
Iraq,2020-05-24,1.823946125586185,2.0726375447907874,1.577216992039679,1.941497204813524,1.707756009181173,0.18569326023881244,0.00036014983508803056,0.11220663580258994,0.0009822616483195282,10
Iraq,2020-05-25,1.8196188140472773,2.0667910869303348,1.5691774338844637,1.9371784558179597,1.7024103322548354,0.18569326023881244,0.00036014983508803056,0.11220663580258994,0.0009822616483195282,10
Iraq,2020-05-26,1.8669941418838008,2.117944609308066,1.616753118833277,1.9842961379725257,1.7486666992976878,0.18569326023881244,0.00036014983508803056,0.11220663580258994,0.0009822616483195282,10
Iraq,2020-05-27,1.9324400796577792,2.18328959135897,1.6824063706660066,2.049590619808858,1.8150773290233113,0.18569326023881244,0.00036014983508803056,0.11220663580258994,0.0009822616483195282,10
Iraq,2020-05-28,1.975906095855497,2.2286657468204303,1.7272844699900527,2.0950543329484272,1.8574238954594704,0.18569326023881244,0.00036014983508803056,0.11220663580258994,0.0009822616483195282,10
Iraq,2020-05-29,2.0019091931608246,2.2530633627655896,1.755524529834675,2.1180718252222244,1.884395308387187,0.18569326023881244,0.00036014983508803056,0.11220663580258994,0.0009822616483195282,10
Iraq,2020-05-30,1.9744545228705646,2.2226675667804905,1.725015783931331,2.0916339880790966,1.857932157117355,0.18569326023881244,0.00036014983508803056,0.11220663580258994,0.0009822616483195282,10
Iraq,2020-05-31,1.990306656313872,2.235481902098126,1.739967110690579,2.1088070378727797,1.8718914280770045,0.18569326023881244,0.00036014983508803056,0.11220663580258994,0.0009822616483195282,10
Iraq,2020-06-01,2.0836642687255127,2.331962679652857,1.8375447387839055,2.2000723347782145,1.9657509938874476,0.18569326023881244,0.00036014983508803056,0.11220663580258994,0.0009822616483195282,10
Iraq,2020-06-02,2.182270127386169,2.43681991386689,1.9325695521351782,2.3022230912919257,2.062243849316485,0.18569326023881244,0.00036014983508803056,0.11220663580258994,0.0009822616483195282,10
Iraq,2020-06-03,2.2753942413361146,2.545915003296824,2.0176115690925625,2.40172846408936,2.149667275338187,0.18569326023881244,0.00036014983508803056,0.11220663580258994,0.0009822616483195282,10
Iraq,2020-06-04,2.2900312324682406,2.563355653681522,2.030869464794372,2.4162801055071825,2.1635321923833404,0.18569326023881244,0.00036014983508803056,0.11220663580258994,0.0009822616483195282,10
Iraq,2020-06-05,2.3201029671957007,2.606569217923427,2.0482388539836562,2.452430009374389,2.1883695367710754,0.18569326023881244,0.00036014983508803056,0.11220663580258994,0.0009822616483195282,10
Iraq,2020-06-06,2.2892491580010352,2.5760021507529394,2.018988605599027,2.420819485349272,2.1582784419203245,0.18569326023881244,0.00036014983508803056,0.11220663580258994,0.0009822616483195282,10
Iraq,2020-06-07,2.1771005133691617,2.4460870414176026,1.923382012427167,2.301589562708586,2.0526024753021836,0.18569326023881244,0.00036014983508803056,0.11220663580258994,0.0009822616483195282,10
Iraq,2020-06-08,2.026308378167306,2.2773132073230444,1.7782106373128115,2.144358556236451,1.9091301016871887,0.18569326023881244,0.00036014983508803056,0.11220663580258994,0.0009822616483195282,10
Iraq,2020-06-09,1.886085615576856,2.127968498418461,1.6384443937715472,2.0017327261618236,1.7722717163540223,0.18569326023881244,0.00036014983508803056,0.11220663580258994,0.0009822616483195282,10
Iraq,2020-06-10,1.8158002111827931,2.0594845170553917,1.5664179891658867,1.9325091720533596,1.6997414760051484,0.18569326023881244,0.00036014983508803056,0.11220663580258994,0.0009822616483195282,10
Iraq,2020-06-11,1.7501109684332241,1.9966004895040845,1.5012795200284104,1.8667271836390826,1.6343207043662136,0.18569326023881244,0.00036014983508803056,0.11220663580258994,0.0009822616483195282,10
Iraq,2020-06-12,1.6755989809393408,1.9200054302826706,1.4232256580163025,1.7937143238458308,1.5577027202012754,0.18569326023881244,0.00036014983508803056,0.11220663580258994,0.0009822616483195282,10
Iraq,2020-06-13,1.6243597844726176,1.870250756206124,1.372249075337766,1.7436710479749125,1.5051662031645128,0.18569326023881244,0.00036014983508803056,0.11220663580258994,0.0009822616483195282,10
Iraq,2020-06-14,1.5862744763532213,1.8313200650917896,1.3342712777368684,1.7051494384115815,1.4693478652185101,0.18569326023881244,0.00036014983508803056,0.11220663580258994,0.0009822616483195282,10
Iraq,2020-06-15,1.5548476176219261,1.803529628815801,1.3036879091279032,1.6716485858473429,1.4369623330121086,0.18569326023881244,0.00036014983508803056,0.11220663580258994,0.0009822616483195282,10
Iraq,2020-06-16,1.5525345271841573,1.801030635635429,1.3018530214685984,1.6693407131788318,1.4354382461106914,0.18569326023881244,0.00036014983508803056,0.11220663580258994,0.0009822616483195282,10
Iraq,2020-06-17,1.5500375329199907,1.7933462861616007,1.3012074145925105,1.6677606039204251,1.4330870283655273,0.18569326023881244,0.00036014983508803056,0.11220663580258994,0.0009822616483195282,10
Iraq,2020-06-18,1.537684775186929,1.7834098188729577,1.290121012262406,1.6537740131169842,1.4216559465582352,0.18569326023881244,0.00036014983508803056,0.11220663580258994,0.0009822616483195282,10
Iraq,2020-06-19,1.5340158855703634,1.7807014161535903,1.2827410571575864,1.6508537645466574,1.4180944186801507,0.18569326023881244,0.00036014983508803056,0.11220663580258994,0.0009822616483195282,10
Iraq,2020-06-20,1.526536757489715,1.7732788775639912,1.2817706549577736,1.643273808186819,1.410107256215276,0.18569326023881244,0.00036014983508803056,0.11220663580258994,0.0009822616483195282,10
Iraq,2020-06-21,1.5012927186653044,1.748710113842907,1.2538789859838841,1.6180509844762174,1.3844066984415495,0.18569326023881244,0.00036014983508803056,0.11220663580258994,0.0009822616483195282,10
Iraq,2020-06-22,1.4879579377996799,1.7356976084829654,1.2409111264643835,1.605296227019073,1.3704251746517906,0.18569326023881244,0.00036014983508803056,0.11220663580258994,0.0009822616483195282,10
Iraq,2020-06-23,1.4767175451810424,1.7263554218023336,1.230747548357117,1.5941888184300783,1.3590489973415458,0.18569326023881244,0.00036014983508803056,0.11220663580258994,0.0009822616483195282,10
Iraq,2020-06-24,1.4727831631378292,1.7206589788970876,1.2285745567448143,1.5902504857939037,1.3557377608010581,0.18569326023881244,0.00036014983508803056,0.11220663580258994,0.0009822616483195282,10
Iraq,2020-06-25,1.4504003498357938,1.696592555615871,1.205659681146515,1.5672600809631416,1.3328871770554116,0.18569326023881244,0.00036014983508803056,0.11220663580258994,0.0009822616483195282,10
Iraq,2020-06-26,1.399465032538496,1.6446600505629108,1.1540546691328057,1.5156403289604157,1.2834989950795839,0.18569326023881244,0.00036014983508803056,0.11220663580258994,0.0009822616483195282,10
Iraq,2020-06-27,1.354943040786533,1.60083581438718,1.1106317133608785,1.4716612223197583,1.2374251912872423,0.18569326023881244,0.00036014983508803056,0.11220663580258994,0.0009822616483195282,10
Iraq,2020-06-28,1.3150943532635384,1.5593485720203903,1.068138100459706,1.432304183131501,1.1976897972907796,0.18569326023881244,0.00036014983508803056,0.11220663580258994,0.0009822616483195282,10
Iraq,2020-06-29,1.277515102686159,1.5232865695079585,1.0281031340677562,1.3960280485687984,1.1597933673855925,0.18569326023881244,0.00036014983508803056,0.11220663580258994,0.0009822616483195282,10
Iraq,2020-06-30,1.2649300010595632,1.5123388250234022,1.0123456569579203,1.381931298232096,1.1478367360900938,0.18569326023881244,0.00036014983508803056,0.11220663580258994,0.0009822616483195282,10
Iraq,2020-07-01,1.2637582295980228,1.5091301831606927,1.013279656679147,1.3804668347537061,1.1478832442834823,0.18569326023881244,0.00036014983508803056,0.11220663580258994,0.0009822616483195282,10
Iraq,2020-07-02,1.2460095501459407,1.4912232085642623,0.9992166188531566,1.3626439061923856,1.1287872245492951,0.18569326023881244,0.00036014983508803056,0.11220663580258994,0.0009822616483195282,10
Iraq,2020-07-03,1.2306908873199487,1.4740001044956872,0.9823352004121125,1.347171688030012,1.1139516063233768,0.18569326023881244,0.00036014983508803056,0.11220663580258994,0.0009822616483195282,10
Iraq,2020-07-04,1.2118712972968793,1.4557893449508983,0.9672821233438169,1.3283923331573775,1.094953131399629,0.18569326023881244,0.00036014983508803056,0.11220663580258994,0.0009822616483195282,10
Iraq,2020-07-05,1.1885081067209755,1.4375885214901833,0.9396895711440567,1.306438426345547,1.0717030864617487,0.18569326023881244,0.00036014983508803056,0.11220663580258994,0.0009822616483195282,10
Iraq,2020-07-06,1.1744287468905128,1.4242644105287359,0.9271947013992047,1.292378539134302,1.0563661658799282,0.18569326023881244,0.00036014983508803056,0.11220663580258994,0.0009822616483195282,10
Iraq,2020-07-07,1.1876501543592441,1.4359608251647638,0.9401120857886491,1.3031713418298545,1.0721360445809536,0.18569326023881244,0.00036014983508803056,0.11220663580258994,0.0009822616483195282,10
Iraq,2020-07-08,1.1924729141511166,1.4411857291756385,0.9454134536958727,1.309177028899646,1.0766033998280486,0.18569326023881244,0.00036014983508803056,0.11220663580258994,0.0009822616483195282,10
Iraq,2020-07-09,1.1763855101935488,1.42206153732235,0.934017441833463,1.2913309774665782,1.0595672740519364,0.18569326023881244,0.00036014983508803056,0.11220663580258994,0.0009822616483195282,10
Iraq,2020-07-10,1.173463424082057,1.4208307694594033,0.928692392218282,1.289656514778353,1.0582658138706904,0.18569326023881244,0.00036014983508803056,0.11220663580258994,0.0009822616483195282,10
Iraq,2020-07-11,1.1473235596789126,1.3940490495436788,0.9032656836596555,1.2626197565703736,1.0318277206141386,0.18569326023881244,0.00036014983508803056,0.11220663580258994,0.0009822616483195282,10
Iraq,2020-07-12,1.1069346691064839,1.3515856380377314,0.8598621578187476,1.2228927544512298,0.9914007114437797,0.18569326023881244,0.00036014983508803056,0.11220663580258994,0.0009822616483195282,10
Iraq,2020-07-13,1.0743418716360096,1.3194630748040979,0.8299812916164893,1.1917634943017734,0.955272008152485,0.18569326023881244,0.00036014983508803056,0.11220663580258994,0.0009822616483195282,10
Iraq,2020-07-14,1.0481552733353594,1.2936152368281224,0.8045572669001685,1.167795857441217,0.9299706396405241,0.18569326023881244,0.00036014983508803056,0.11220663580258994,0.0009822616483195282,10
Iraq,2020-07-15,1.0367360603657345,1.281161196358292,0.7899457130089342,1.155945576890191,0.9190394087769468,0.18569326023881244,0.00036014983508803056,0.11220663580258994,0.0009822616483195282,10
Iraq,2020-07-16,1.0321687329254254,1.276852665529539,0.7852033651240367,1.1500993836707025,0.9140233804646553,0.18569326023881244,0.00036014983508803056,0.11220663580258994,0.0009822616483195282,10
Iraq,2020-07-17,1.0267433702030875,1.2741079740304198,0.7761889821257706,1.143650193602358,0.9104336126188615,0.18569326023881244,0.00036014983508803056,0.11220663580258994,0.0009822616483195282,10
Iraq,2020-07-18,1.0329348529361313,1.2792207981851162,0.7855016232398104,1.1494397808393244,0.9157463722177505,0.18569326023881244,0.00036014983508803056,0.11220663580258994,0.0009822616483195282,10
Iraq,2020-07-19,1.0499646331972816,1.2972333122979325,0.8050404438226956,1.166086698963105,0.932651607674155,0.18569326023881244,0.00036014983508803056,0.11220663580258994,0.0009822616483195282,10
Iraq,2020-07-20,1.0633330029282335,1.307351444996265,0.8168695954624025,1.1789233563986168,0.9470107004333546,0.18569326023881244,0.00036014983508803056,0.11220663580258994,0.0009822616483195282,10
Iraq,2020-07-21,1.0852427174502397,1.3294101366843287,0.8382136973998853,1.2012251750877916,0.968976448026683,0.18569326023881244,0.00036014983508803056,0.11220663580258994,0.0009822616483195282,10
Iraq,2020-07-22,1.1012388438177565,1.3501305299550024,0.8538514227373063,1.2182761831633646,0.9845494335790437,0.18569326023881244,0.00036014983508803056,0.11220663580258994,0.0009822616483195282,10
Iraq,2020-07-23,1.103587799250191,1.3506846705229623,0.857401636721866,1.2190415499480065,0.9872887575522385,0.18569326023881244,0.00036014983508803056,0.11220663580258994,0.0009822616483195282,10
Iraq,2020-07-24,1.1123806896043014,1.361830192793331,0.8641803022061314,1.2290934158276974,0.9934528954844797,0.18569326023881244,0.00036014983508803056,0.11220663580258994,0.0009822616483195282,10
Iraq,2020-07-25,1.1222647839313407,1.3718300927385254,0.8700749119729079,1.239770120624583,1.0053844249221453,0.18569326023881244,0.00036014983508803056,0.11220663580258994,0.0009822616483195282,10
Iraq,2020-07-26,1.1189780849149282,1.3641950190655425,0.8698016327506033,1.2366206006142284,1.0013644571321807,0.18569326023881244,0.00036014983508803056,0.11220663580258994,0.0009822616483195282,10
Iraq,2020-07-27,1.1226776187735494,1.3689164195232244,0.8757160551724708,1.2406462357067731,1.0054940869514795,0.18569326023881244,0.00036014983508803056,0.11220663580258994,0.0009822616483195282,10
Iraq,2020-07-28,1.1326512754496403,1.3794378387599595,0.8836702755394286,1.2509172550929322,1.0140075029200295,0.18569326023881244,0.00036014983508803056,0.11220663580258994,0.0009822616483195282,10
Iraq,2020-07-29,1.1398990047017745,1.387686635925347,0.8935881202291126,1.256189711331342,1.0220564159090784,0.18569326023881244,0.00036014983508803056,0.11220663580258994,0.0009822616483195282,10
Iraq,2020-07-30,1.1354426728995197,1.3841855058558448,0.8876742193897362,1.252392456768781,1.0191779135150556,0.18569326023881244,0.00036014983508803056,0.11220663580258994,0.0009822616483195282,10
Iraq,2020-07-31,1.123475232935018,1.3704355050420785,0.8780684646786834,1.2396377696547571,1.0056615629823404,0.18569326023881244,0.00036014983508803056,0.11220663580258994,0.0009822616483195282,10
Iraq,2020-08-01,1.0901293593742167,1.3338185278881318,0.8424220671375207,1.2066635020755347,0.9725889741301692,0.18569326023881244,0.00036014983508803056,0.11220663580258994,0.0009822616483195282,10
Iraq,2020-08-02,1.0882088274858241,1.333840004755639,0.8420684929040002,1.2039576857086671,0.9722999840291473,0.18569326023881244,0.00036014983508803056,0.11220663580258994,0.0009822616483195282,10
Iraq,2020-08-03,1.1000456445376532,1.3446392256647264,0.8553378005574697,1.2163293797479087,0.984013585328282,0.18569326023881244,0.00036014983508803056,0.11220663580258994,0.0009822616483195282,10
Iraq,2020-08-04,1.1158438374496666,1.361759913143384,0.8740925999084742,1.2335829980148518,0.9990102816030263,0.18569326023881244,0.00036014983508803056,0.11220663580258994,0.0009822616483195282,10
Iraq,2020-08-05,1.1296907699837924,1.3753238782021164,0.885504172449866,1.2455420558612673,1.0137178640355828,0.18569326023881244,0.00036014983508803056,0.11220663580258994,0.0009822616483195282,10
Iraq,2020-08-06,1.148876210396407,1.3921996724114063,0.9054738302026101,1.2646596050281882,1.032330334858849,0.18569326023881244,0.00036014983508803056,0.11220663580258994,0.0009822616483195282,10
Iraq,2020-08-07,1.1667256893879663,1.412247260288715,0.9213952938072936,1.2830368607882243,1.049842173257104,0.18569326023881244,0.00036014983508803056,0.11220663580258994,0.0009822616483195282,10
Iraq,2020-08-08,1.1690753412466743,1.4136850799848901,0.926184488049379,1.2845229095554682,1.053072319294459,0.18569326023881244,0.00036014983508803056,0.11220663580258994,0.0009822616483195282,10
Iraq,2020-08-09,1.1665269185375635,1.411342306155848,0.9205497521029872,1.2833064225104769,1.0497881737857209,0.18569326023881244,0.00036014983508803056,0.11220663580258994,0.0009822616483195282,10
Iraq,2020-08-10,1.1847721274470273,1.433049392836809,0.93852288913782,1.3024495374632186,1.0677044836262368,0.18569326023881244,0.00036014983508803056,0.11220663580258994,0.0009822616483195282,10
Iraq,2020-08-11,1.1958584359412514,1.44285641089268,0.9522024770630343,1.314332687929308,1.0783081743113603,0.18569326023881244,0.00036014983508803056,0.11220663580258994,0.0009822616483195282,10
Iraq,2020-08-12,1.2087616269260204,1.4564532845046316,0.9635312343866468,1.3269931040758647,1.0909632751061846,0.18569326023881244,0.00036014983508803056,0.11220663580258994,0.0009822616483195282,10
Iraq,2020-08-13,1.2244598242373237,1.471860214022962,0.9818728555186734,1.342635513349411,1.106157488776335,0.18569326023881244,0.00036014983508803056,0.11220663580258994,0.0009822616483195282,10
Iraq,2020-08-14,1.2316422887462897,1.4777780695254101,0.9868804325577993,1.3483897169646468,1.1144610808405966,0.18569326023881244,0.00036014983508803056,0.11220663580258994,0.0009822616483195282,10
Iraq,2020-08-15,1.2309178354088597,1.4813111353804924,0.9847951126247991,1.3483752242786458,1.1124894366984945,0.18569326023881244,0.00036014983508803056,0.11220663580258994,0.0009822616483195282,10
Iraq,2020-08-16,1.2158575591939491,1.4636044707422635,0.9699144745405313,1.3326791270389964,1.0992457162958065,0.18569326023881244,0.00036014983508803056,0.11220663580258994,0.0009822616483195282,10
Iraq,2020-08-17,1.188996662640761,1.437565123454354,0.9433071161632627,1.3067793640637553,1.0710017952424957,0.18569326023881244,0.00036014983508803056,0.11220663580258994,0.0009822616483195282,10
Iraq,2020-08-18,1.186433068308515,1.435443994573128,0.9398233035466567,1.3045184789302517,1.0673982028016857,0.18569326023881244,0.00036014983508803056,0.11220663580258994,0.0009822616483195282,10
Iraq,2020-08-19,1.165532524737433,1.41124663139325,0.9199511285721331,1.2835774324373934,1.048133741041223,0.18569326023881244,0.00036014983508803056,0.11220663580258994,0.0009822616483195282,10
Iraq,2020-08-20,1.144436177813145,1.3926880377284934,0.900358790547614,1.2614940227014935,1.0266791302602898,0.18569326023881244,0.00036014983508803056,0.11220663580258994,0.0009822616483195282,10
Iraq,2020-08-21,1.1237749230614025,1.3708957319969226,0.8760693304465527,1.2414841856430692,1.0067477158034048,0.18569326023881244,0.00036014983508803056,0.11220663580258994,0.0009822616483195282,10
Iraq,2020-08-22,1.095661378480955,1.342453008362934,0.845945534107271,1.2129901200111757,0.9784642522764428,0.18569326023881244,0.00036014983508803056,0.11220663580258994,0.0009822616483195282,10
Iraq,2020-08-23,1.0684584195678282,1.317413797846445,0.816267885626558,1.1862970864601974,0.9515472517249728,0.18569326023881244,0.00036014983508803056,0.11220663580258994,0.0009822616483195282,10
Iraq,2020-08-24,1.060210836629612,1.3090584812477872,0.8097980110259408,1.1776571496089523,0.9419521335987067,0.18569326023881244,0.00036014983508803056,0.11220663580258994,0.0009822616483195282,10
Iraq,2020-08-25,1.059726052392256,1.3096818215090562,0.8065310520270661,1.1780175176318382,0.9415109795819238,0.18569326023881244,0.00036014983508803056,0.11220663580258994,0.0009822616483195282,10
Iraq,2020-08-26,1.0545937355972288,1.3016684242491734,0.8036717811706946,1.173100183038318,0.936402495940965,0.18569326023881244,0.00036014983508803056,0.11220663580258994,0.0009822616483195282,10
Iraq,2020-08-27,1.0513542912136091,1.3001567780635424,0.7945740423977741,1.170192247377316,0.9339263404535738,0.18569326023881244,0.00036014983508803056,0.11220663580258994,0.0009822616483195282,10
Iraq,2020-08-28,1.0541896866144813,1.3059819165396198,0.8017520687634219,1.1736035229316937,0.9353970176250306,0.18569326023881244,0.00036014983508803056,0.11220663580258994,0.0009822616483195282,10
Iraq,2020-08-29,1.0511797180287978,1.3023064608129409,0.7995881290684506,1.1688816532500121,0.9334492945807442,0.18569326023881244,0.00036014983508803056,0.11220663580258994,0.0009822616483195282,10
Iraq,2020-08-30,1.047740220486077,1.2952024405762925,0.800916969129826,1.1678027730383977,0.9285168080219381,0.18569326023881244,0.00036014983508803056,0.11220663580258994,0.0009822616483195282,10
Iraq,2020-08-31,1.0504960736511808,1.3019021965873396,0.7954275962644933,1.168931415726527,0.9315722528040941,0.18569326023881244,0.00036014983508803056,0.11220663580258994,0.0009822616483195282,10
Iraq,2020-09-01,1.0568113855683425,1.3076295967544485,0.8041624948319169,1.175560608854611,0.9372235725169554,0.18569326023881244,0.00036014983508803056,0.11220663580258994,0.0009822616483195282,10
Iraq,2020-09-02,1.080494817652824,1.3302295779994329,0.8258304318178297,1.200252701123478,0.9614232575783619,0.18569326023881244,0.00036014983508803056,0.11220663580258994,0.0009822616483195282,10
Iraq,2020-09-03,1.107474714702219,1.3584817865676981,0.8637657344979025,1.2241818950901804,0.9900619402786422,0.18569326023881244,0.00036014983508803056,0.11220663580258994,0.0009822616483195282,10
Iraq,2020-09-04,1.1160080420467942,1.3699243908724748,0.8727818439619699,1.2326962772135712,0.9978173363104161,0.18569326023881244,0.00036014983508803056,0.11220663580258994,0.0009822616483195282,10
Iraq,2020-09-05,1.104082854709651,1.3552015005824347,0.8556828188308419,1.2221710501332685,0.9867329021692816,0.18569326023881244,0.00036014983508803056,0.11220663580258994,0.0009822616483195282,10
Iraq,2020-09-06,1.0835063268405791,1.3323925042273101,0.8387845387363616,1.200308819597389,0.967219847374889,0.18569326023881244,0.00036014983508803056,0.11220663580258994,0.0009822616483195282,10
Iraq,2020-09-07,1.0826707247207292,1.3306485341035132,0.8321482095578866,1.200797939367213,0.9644522495361239,0.18569326023881244,0.00036014983508803056,0.11220663580258994,0.0009822616483195282,10
Iraq,2020-09-08,1.0808787128306603,1.3273445581290624,0.8349541115671619,1.1976891364164783,0.962992666113893,0.18569326023881244,0.00036014983508803056,0.11220663580258994,0.0009822616483195282,10
Iraq,2020-09-09,1.0652760342667018,1.3117721456549956,0.8165791674298594,1.1821176967929246,0.9490270870624975,0.18569326023881244,0.00036014983508803056,0.11220663580258994,0.0009822616483195282,10
Iraq,2020-09-10,1.0536519604377281,1.299605474756186,0.8057430757395623,1.1708907052133837,0.9366966979162887,0.18569326023881244,0.00036014983508803056,0.11220663580258994,0.0009822616483195282,10
Iraq,2020-09-11,1.0346773447131694,1.2796098193433532,0.788184233283975,1.15120511322848,0.9189096127315183,0.18569326023881244,0.00036014983508803056,0.11220663580258994,0.0009822616483195282,10
Iraq,2020-09-12,1.0174364190132592,1.2647248281755408,0.7665247125684231,1.1335228107291906,0.9004640801687617,0.18569326023881244,0.00036014983508803056,0.11220663580258994,0.0009822616483195282,10
Iraq,2020-09-13,1.0034521480119054,1.2493025892008751,0.7537719374202858,1.1203077262975327,0.8845963393793599,0.18569326023881244,0.00036014983508803056,0.11220663580258994,0.0009822616483195282,10
Iraq,2020-09-14,1.0083495709724462,1.2539272316888186,0.7617192418020542,1.1242921415226876,0.89094375040545,0.18569326023881244,0.00036014983508803056,0.11220663580258994,0.0009822616483195282,10
Iraq,2020-09-15,1.0123759086109014,1.2566916871580025,0.7680125287650452,1.130157827818936,0.8964990697050951,0.18569326023881244,0.00036014983508803056,0.11220663580258994,0.0009822616483195282,10
Iraq,2020-09-16,1.0152057613359182,1.2629260465216798,0.7710928362650755,1.1323345184362128,0.8983026856657732,0.18569326023881244,0.00036014983508803056,0.11220663580258994,0.0009822616483195282,10
Iraq,2020-09-17,1.0122000449623907,1.2604910906291007,0.7670020745653938,1.1289879975755128,0.8947019959361919,0.18569326023881244,0.00036014983508803056,0.11220663580258994,0.0009822616483195282,10
Iraq,2020-09-18,1.0067010108451744,1.2536045009319943,0.7623481220189551,1.1225811979349307,0.8911317175112605,0.18569326023881244,0.00036014983508803056,0.11220663580258994,0.0009822616483195282,10
Iraq,2020-09-19,0.9977787161973847,1.243623328501595,0.751122152617554,1.114375724042848,0.8812247910554223,0.18569326023881244,0.00036014983508803056,0.11220663580258994,0.0009822616483195282,10
Iraq,2020-09-20,0.995325165929346,1.2403771581132725,0.7471022585652172,1.1115730303499205,0.879079776838487,0.18569326023881244,0.00036014983508803056,0.11220663580258994,0.0009822616483195282,10
Iraq,2020-09-21,1.0118641723111943,1.2560236301544552,0.767083809779976,1.1286111018821257,0.8949725902734527,0.18569326023881244,0.00036014983508803056,0.11220663580258994,0.0009822616483195282,10
Iraq,2020-09-22,1.037160681071552,1.2822126116719041,0.7929151944476257,1.1548797986254145,0.919867195326038,0.18569326023881244,0.00036014983508803056,0.11220663580258994,0.0009822616483195282,10
Iraq,2020-09-23,1.048152856301785,1.2980017077219426,0.8028221279494459,1.166187970721601,0.930916297078846,0.18569326023881244,0.00036014983508803056,0.11220663580258994,0.0009822616483195282,10
Iraq,2020-09-24,1.0401971253328497,1.2904840881109811,0.7960297871171387,1.156384979276502,0.9231779356009643,0.18569326023881244,0.00036014983508803056,0.11220663580258994,0.0009822616483195282,10
Iraq,2020-09-25,1.0301891365273987,1.276778411492179,0.7833881110492322,1.1464051477386124,0.9143133809591046,0.18569326023881244,0.00036014983508803056,0.11220663580258994,0.0009822616483195282,10
Iraq,2020-09-26,1.0136130839020743,1.2631436532573947,0.7638280621212201,1.130532254335937,0.8958759874254747,0.18569326023881244,0.00036014983508803056,0.11220663580258994,0.0009822616483195282,10
Iraq,2020-09-27,0.9991426336729664,1.2461329474363614,0.7505367898021749,1.1158595321115383,0.8838438392203412,0.18569326023881244,0.00036014983508803056,0.11220663580258994,0.0009822616483195282,10
Iraq,2020-09-28,1.0042893585374986,1.2466660075994365,0.7568790789192907,1.1203247202534574,0.8877020216471965,0.18569326023881244,0.00036014983508803056,0.11220663580258994,0.0009822616483195282,10
Iraq,2020-09-29,1.0135867178149376,1.258722842510724,0.7714000500875523,1.1306477949852134,0.8979651153016707,0.18569326023881244,0.00036014983508803056,0.11220663580258994,0.0009822616483195282,10
Iraq,2020-09-30,1.0103233757429204,1.257079899091209,0.7680137317838142,1.125996777461098,0.8949557882794084,0.18569326023881244,0.00036014983508803056,0.11220663580258994,0.0009822616483195282,10
Iraq,2020-10-01,0.9957901166645318,1.2411388796256642,0.7515753736709232,1.1120940194493403,0.8800563191783871,0.18569326023881244,0.00036014983508803056,0.11220663580258994,0.0009822616483195282,10
Iraq,2020-10-02,0.9755749477117461,1.2248511191769165,0.730532909270823,1.0904111917981858,0.8605323624857274,0.18569326023881244,0.00036014983508803056,0.11220663580258994,0.0009822616483195282,10
Iraq,2020-10-03,0.9403889864065432,1.1859160622409506,0.6940273818672666,1.0561559212225016,0.8251436692206624,0.18569326023881244,0.00036014983508803056,0.11220663580258994,0.0009822616483195282,10
Iraq,2020-10-04,0.9168571508737283,1.1611132293849398,0.6701003736269452,1.0344377554423645,0.7999290153029254,0.18569326023881244,0.00036014983508803056,0.11220663580258994,0.0009822616483195282,10
Iraq,2020-10-05,0.9119700520874587,1.1569152502461548,0.6637228161099205,1.0292190849569678,0.7950762398754683,0.18569326023881244,0.00036014983508803056,0.11220663580258994,0.0009822616483195282,10
Iraq,2020-10-06,0.9067934754657854,1.1532192745060437,0.6592858244725643,1.0260013741790517,0.7885938600667686,0.18569326023881244,0.00036014983508803056,0.11220663580258994,0.0009822616483195282,10
Iraq,2020-10-07,0.8906770077987836,1.1378872757754026,0.6450414060206185,1.0074842223851876,0.773170190209012,0.18569326023881244,0.00036014983508803056,0.11220663580258994,0.0009822616483195282,10
Iraq,2020-10-08,0.8669145702692718,1.112200445512837,0.6193449231433958,0.9838558621984171,0.749843103435369,0.18569326023881244,0.00036014983508803056,0.11220663580258994,0.0009822616483195282,10
Iraq,2020-10-09,0.8453095680506663,1.0941563076471916,0.5948823178021388,0.9626107923571334,0.728316820618115,0.18569326023881244,0.00036014983508803056,0.11220663580258994,0.0009822616483195282,10
Iraq,2020-10-10,0.8303615971221933,1.0767692073216335,0.5793280830825568,0.9488264392520369,0.7140550430284105,0.18569326023881244,0.00036014983508803056,0.11220663580258994,0.0009822616483195282,10
Iraq,2020-10-11,0.8392548771095039,1.0866214113605503,0.5832471535680449,0.957685882773392,0.722086123872135,0.18569326023881244,0.00036014983508803056,0.11220663580258994,0.0009822616483195282,10
Iraq,2020-10-12,0.8778293802864775,1.1190716531210727,0.6283269615006662,0.9953798103327985,0.7606886107177373,0.18569326023881244,0.00036014983508803056,0.11220663580258994,0.0009822616483195282,10
Iraq,2020-10-13,0.918765862213309,1.1651717640339918,0.6734633473313514,1.034724396659173,0.8020949497556762,0.18569326023881244,0.00036014983508803056,0.11220663580258994,0.0009822616483195282,10
Iraq,2020-10-14,0.9406141350160556,1.1818051245194838,0.693957890920286,1.057908056588688,0.8236545936695023,0.18569326023881244,0.00036014983508803056,0.11220663580258994,0.0009822616483195282,10
Iraq,2020-10-15,0.9497499600733861,1.19484716285753,0.701281540917243,1.067421957254979,0.8315298066879444,0.18569326023881244,0.00036014983508803056,0.11220663580258994,0.0009822616483195282,10
Iraq,2020-10-16,0.9550476272367817,1.2013627207569102,0.7085303774450233,1.0737169014610866,0.8371678939283541,0.18569326023881244,0.00036014983508803056,0.11220663580258994,0.0009822616483195282,10
Iraq,2020-10-17,0.957999175485605,1.2070720316473986,0.7152748041462915,1.0743252433118413,0.8412953361657378,0.18569326023881244,0.00036014983508803056,0.11220663580258994,0.0009822616483195282,10
Iraq,2020-10-18,0.9701429140872261,1.2185716584259731,0.725517528363578,1.0876492006132974,0.8529928751243634,0.18569326023881244,0.00036014983508803056,0.11220663580258994,0.0009822616483195282,10
Iraq,2020-10-19,0.9946383014010519,1.2458953642776132,0.750909329473104,1.1112336996058274,0.8773407284584944,0.18569326023881244,0.00036014983508803056,0.11220663580258994,0.0009822616483195282,10
Iraq,2020-10-20,1.002997173420061,1.2463916981848975,0.75813021587642,1.1206819314873104,0.8854078697254841,0.18569326023881244,0.00036014983508803056,0.11220663580258994,0.0009822616483195282,10
Iraq,2020-10-21,1.0006779605632845,1.2475187904735192,0.7581552964950995,1.1189682925705753,0.8823084039657884,0.18569326023881244,0.00036014983508803056,0.11220663580258994,0.0009822616483195282,10
Iraq,2020-10-22,0.9978850076347879,1.2460467282030045,0.7547463028931081,1.1142317773731534,0.8796696855911839,0.18569326023881244,0.00036014983508803056,0.11220663580258994,0.0009822616483195282,10
Iraq,2020-10-23,0.9862904547109859,1.235387814226484,0.7430962390403215,1.10315540110534,0.8688317116102567,0.18569326023881244,0.00036014983508803056,0.11220663580258994,0.0009822616483195282,10
Iraq,2020-10-24,0.9696278079295778,1.2166592519282158,0.7225241680733792,1.086900295570078,0.8530710220824157,0.18569326023881244,0.00036014983508803056,0.11220663580258994,0.0009822616483195282,10
Iraq,2020-10-25,0.9636939773857843,1.2124652438571486,0.7168235324103405,1.080174996801481,0.8465041855898859,0.18569326023881244,0.00036014983508803056,0.11220663580258994,0.0009822616483195282,10
Iraq,2020-10-26,0.9863076855799836,1.2353160180597482,0.7370716696263642,1.1034672387148843,0.8690228585046061,0.18569326023881244,0.00036014983508803056,0.11220663580258994,0.0009822616483195282,10
Iraq,2020-10-27,1.00155055336119,1.2481839626198774,0.7567370712770791,1.1203687393720874,0.8836101630844584,0.18569326023881244,0.00036014983508803056,0.11220663580258994,0.0009822616483195282,10
Iraq,2020-10-28,0.98628205267843,1.2348991688727045,0.7391923828992815,1.1037944980877545,0.8691290264982257,0.18569326023881244,0.00036014983508803056,0.11220663580258994,0.0009822616483195282,10
Iraq,2020-10-29,0.9565314328592514,1.2063432020166325,0.7106108202506284,1.0746546188809,0.838681134824079,0.18569326023881244,0.00036014983508803056,0.11220663580258994,0.0009822616483195282,10
Iraq,2020-10-30,0.9177356658221856,1.166473066799926,0.6673949655961986,1.0346154381573602,0.8005169009345109,0.18569326023881244,0.00036014983508803056,0.11220663580258994,0.0009822616483195282,10
Iraq,2020-10-31,0.8945247478653692,1.14070915634463,0.6456997975426813,1.0123269415770295,0.778609739374356,0.18569326023881244,0.00036014983508803056,0.11220663580258994,0.0009822616483195282,10
Iraq,2020-11-01,0.9082982016955113,1.155881629226902,0.6588869807706312,1.0265542151406841,0.790829505466588,0.18569326023881244,0.00036014983508803056,0.11220663580258994,0.0009822616483195282,10
Iraq,2020-11-02,0.9372605462322496,1.1873474258294203,0.6888828692572964,1.055109994516346,0.8193682826132334,0.18569326023881244,0.00036014983508803056,0.11220663580258994,0.0009822616483195282,10
Iraq,2020-11-03,0.9584041708878739,1.2091501826984976,0.7093599110175036,1.075840727889941,0.8403789560455237,0.18569326023881244,0.00036014983508803056,0.11220663580258994,0.0009822616483195282,10
Iraq,2020-11-04,0.9673313582403154,1.2129937999158504,0.721590212060196,1.0840189645123606,0.8509951376063437,0.18569326023881244,0.00036014983508803056,0.11220663580258994,0.0009822616483195282,10
Iraq,2020-11-05,0.966793795242878,1.2156429163302325,0.7229637786686133,1.0839696994231296,0.8501284022526966,0.18569326023881244,0.00036014983508803056,0.11220663580258994,0.0009822616483195282,10
Iraq,2020-11-06,0.9518580368770846,1.2019132570305082,0.7025155886092758,1.068417526506421,0.834724013318363,0.18569326023881244,0.00036014983508803056,0.11220663580258994,0.0009822616483195282,10
Iraq,2020-11-07,0.9284306132523455,1.1756440343087045,0.6786265075508742,1.0449027744957724,0.8107312636019113,0.18569326023881244,0.00036014983508803056,0.11220663580258994,0.0009822616483195282,10
Iraq,2020-11-08,0.9177091545597775,1.1666096875219711,0.6716356682788607,1.033902252296167,0.8009869380484858,0.18569326023881244,0.00036014983508803056,0.11220663580258994,0.0009822616483195282,10
Iraq,2020-11-09,0.9250998998552227,1.169678863942445,0.6812407559195413,1.042428012436502,0.8085227833648727,0.18569326023881244,0.00036014983508803056,0.11220663580258994,0.0009822616483195282,10
Iraq,2020-11-10,0.9288835721889322,1.1781240719472947,0.6835835051120837,1.0463519610712735,0.8116991647759461,0.18569326023881244,0.00036014983508803056,0.11220663580258994,0.0009822616483195282,10
Iraq,2020-11-11,0.914510959012129,1.1643745581029834,0.66728457492776,1.0312932990140156,0.7973250146386901,0.18569326023881244,0.00036014983508803056,0.11220663580258994,0.0009822616483195282,10
Iraq,2020-11-12,0.896488728348327,1.147364167690077,0.651046189184119,1.0129387496536812,0.7803367207196974,0.18569326023881244,0.00036014983508803056,0.11220663580258994,0.0009822616483195282,10
Iraq,2020-11-13,0.8655448235751491,1.1117998094345787,0.6190327874731893,0.9820112559523226,0.7483007315520627,0.18569326023881244,0.00036014983508803056,0.11220663580258994,0.0009822616483195282,10
Iraq,2020-11-14,0.8418132385567539,1.0864393441090132,0.5938499374713887,0.9587711019029573,0.7262323202046301,0.18569326023881244,0.00036014983508803056,0.11220663580258994,0.0009822616483195282,10
Iraq,2020-11-15,0.8283250407767085,1.0723561666031376,0.5791496281335948,0.9445092668528873,0.7121513108926082,0.18569326023881244,0.00036014983508803056,0.11220663580258994,0.0009822616483195282,10
Iraq,2020-11-16,0.8286726771853081,1.0748333396420788,0.5747857085453757,0.9475712313015734,0.7112880964145636,0.18569326023881244,0.00036014983508803056,0.11220663580258994,0.0009822616483195282,10
Iraq,2020-11-17,0.8337317312800435,1.0839829711304754,0.5872477285550197,0.9505058823741804,0.7160123321552534,0.18569326023881244,0.00036014983508803056,0.11220663580258994,0.0009822616483195282,10
Iraq,2020-11-18,0.8213236312990456,1.0667552772589652,0.5763152471886193,0.9375581224969751,0.7047811085569227,0.18569326023881244,0.00036014983508803056,0.11220663580258994,0.0009822616483195282,10
Iraq,2020-11-19,0.8138784739683691,1.059546169653916,0.5643500003689415,0.9317414768896534,0.6966863620404168,0.18569326023881244,0.00036014983508803056,0.11220663580258994,0.0009822616483195282,10
Iraq,2020-11-20,0.8073207034674088,1.0511429243875547,0.5579972765732867,0.9252143100058315,0.6904002654080208,0.18569326023881244,0.00036014983508803056,0.11220663580258994,0.0009822616483195282,10
Iraq,2020-11-21,0.7922869982283828,1.0379638682057781,0.5451929121605628,0.9084583751308472,0.6757672934692804,0.18569326023881244,0.00036014983508803056,0.11220663580258994,0.0009822616483195282,10
Iraq,2020-11-22,0.7957737840910238,1.038999175991444,0.5449842554696048,0.9123862394724559,0.6792016798571098,0.18569326023881244,0.00036014983508803056,0.11220663580258994,0.0009822616483195282,10
Iraq,2020-11-23,0.8153201734652504,1.0602366852395961,0.567244866948612,0.9311150555159298,0.6995772672319003,0.18569326023881244,0.00036014983508803056,0.11220663580258994,0.0009822616483195282,10
Iraq,2020-11-24,0.8361948490623448,1.0790908437131166,0.5911408218524417,0.9526560850907067,0.7198628589772178,0.18569326023881244,0.00036014983508803056,0.11220663580258994,0.0009822616483195282,10
Iraq,2020-11-25,0.8519666957994453,1.1011673423231783,0.6044647574336779,0.9687626251223899,0.7345751621612151,0.18569326023881244,0.00036014983508803056,0.11220663580258994,0.0009822616483195282,10
Iraq,2020-11-26,0.8582077906278922,1.1068636106770107,0.6133970463474755,0.9745148212601237,0.7406890151598626,0.18569326023881244,0.00036014983508803056,0.11220663580258994,0.0009822616483195282,10
Iraq,2020-11-27,0.8501752015553686,1.099264724928608,0.6043467641028343,0.9674865930674938,0.7329652382889217,0.18569326023881244,0.00036014983508803056,0.11220663580258994,0.0009822616483195282,10
Iraq,2020-11-28,0.8254668965493803,1.0725001194325159,0.5793486409216795,0.9423677057942133,0.7080426920036329,0.18569326023881244,0.00036014983508803056,0.11220663580258994,0.0009822616483195282,10
Iraq,2020-11-29,0.8231025637961338,1.0653959267773527,0.5765473351121022,0.9394428244186921,0.7056591879018524,0.18569326023881244,0.00036014983508803056,0.11220663580258994,0.0009822616483195282,10
Iraq,2020-11-30,0.8389476203364084,1.0855485304806012,0.5922110436531185,0.9574808785010852,0.7225572985054776,0.18569326023881244,0.00036014983508803056,0.11220663580258994,0.0009822616483195282,10
Iraq,2020-12-01,0.8471301814351925,1.0959851755105718,0.6040487874565659,0.9620102003524875,0.7318208538868549,0.18569326023881244,0.00036014983508803056,0.11220663580258994,0.0009822616483195282,10
Iraq,2020-12-02,0.8445118328074833,1.0896293982732657,0.6053828660388114,0.9594970978288855,0.7285513102267998,0.18569326023881244,0.00036014983508803056,0.11220663580258994,0.0009822616483195282,10
Iraq,2020-12-03,0.842340374394976,1.0871157818469426,0.5971048128733609,0.9577212917260017,0.7285246848203681,0.18569326023881244,0.00036014983508803056,0.11220663580258994,0.0009822616483195282,10
Iraq,2020-12-04,0.8345770791549086,1.0808632445465052,0.5897442924032332,0.9499428011831019,0.7194738413267374,0.18569326023881244,0.00036014983508803056,0.11220663580258994,0.0009822616483195282,10
Iraq,2020-12-05,0.8291302667942423,1.076236978861235,0.5847364914033335,0.9458534444218101,0.7129658659453101,0.18569326023881244,0.00036014983508803056,0.11220663580258994,0.0009822616483195282,10
Iraq,2020-12-06,0.8200227213568243,1.066917169028728,0.5720791926071801,0.9358386230489618,0.7026106101062821,0.18569326023881244,0.00036014983508803056,0.11220663580258994,0.0009822616483195282,10
Iraq,2020-12-07,0.8177395735049868,1.0642217266263456,0.5700067817924186,0.934129310159167,0.7002202858314667,0.18569326023881244,0.00036014983508803056,0.11220663580258994,0.0009822616483195282,10
Iraq,2020-12-08,0.8127585693391898,1.059857252305702,0.5671473466064647,0.9280522513922732,0.6978028005256819,0.18569326023881244,0.00036014983508803056,0.11220663580258994,0.0009822616483195282,10
Iraq,2020-12-09,0.7868908632571966,1.0344828406682667,0.5378819334871434,0.9020093629076895,0.6695612413367911,0.18569326023881244,0.00036014983508803056,0.11220663580258994,0.0009822616483195282,10
Iraq,2020-12-10,0.7543171063680796,1.0004752245875028,0.4997693594946173,0.8729858163847342,0.637380735959455,0.18569326023881244,0.00036014983508803056,0.11220663580258994,0.0009822616483195282,10
Iraq,2020-12-11,0.732551003991133,0.9756932665312605,0.47946429289534986,0.8508155809420728,0.614817994942429,0.18569326023881244,0.00036014983508803056,0.11220663580258994,0.0009822616483195282,10
Iraq,2020-12-12,0.7178237235119264,0.9664585438808283,0.46591425697291644,0.8349390192764244,0.6011734363277814,0.18569326023881244,0.00036014983508803056,0.11220663580258994,0.0009822616483195282,10
Iraq,2020-12-13,0.7239941944074944,0.9724879310028316,0.46867790224109473,0.841407014231879,0.6052812668344391,0.18569326023881244,0.00036014983508803056,0.11220663580258994,0.0009822616483195282,10
Iraq,2020-12-14,0.7487950384674553,0.9989000592360661,0.5000326861538777,0.8678571093036773,0.6296612243041089,0.18569326023881244,0.00036014983508803056,0.11220663580258994,0.0009822616483195282,10
Iraq,2020-12-15,0.772203775156082,1.0248031394749901,0.5259603244024673,0.8894118419910327,0.6525503402912451,0.18569326023881244,0.00036014983508803056,0.11220663580258994,0.0009822616483195282,10
Iraq,2020-12-16,0.7915493779037053,1.0416545796252035,0.543496595990567,0.9087140554634789,0.6737509211227724,0.18569326023881244,0.00036014983508803056,0.11220663580258994,0.0009822616483195282,10
Iraq,2020-12-17,0.7959459377823299,1.0481425779361215,0.5486464463108673,0.9147452940294406,0.6781942368294407,0.18569326023881244,0.00036014983508803056,0.11220663580258994,0.0009822616483195282,10
Iraq,2020-12-18,0.7897740663901073,1.0373021420005843,0.5425323112569594,0.906011778402914,0.6734650613704459,0.18569326023881244,0.00036014983508803056,0.11220663580258994,0.0009822616483195282,10
Iraq,2020-12-19,0.7782894779898626,1.0263641934355865,0.5304461276474206,0.8948498631798869,0.6625374008274951,0.18569326023881244,0.00036014983508803056,0.11220663580258994,0.0009822616483195282,10
Iraq,2020-12-20,0.7640902785780743,1.0083555580435934,0.5167303124848768,0.880175399218236,0.6471950574326945,0.18569326023881244,0.00036014983508803056,0.11220663580258994,0.0009822616483195282,10
Iraq,2020-12-21,0.7643720931368898,1.0106870244007953,0.5196486382842842,0.8809666494454493,0.6482336256206872,0.18569326023881244,0.00036014983508803056,0.11220663580258994,0.0009822616483195282,10
Iraq,2020-12-22,0.7624373578688528,1.010483073937298,0.5182126205683417,0.8788048578391852,0.6455710826086681,0.18569326023881244,0.00036014983508803056,0.11220663580258994,0.0009822616483195282,10
Iraq,2020-12-23,0.7589094990942116,1.0005916049100827,0.5141170832119548,0.8749951308404003,0.6423660323105416,0.18569326023881244,0.00036014983508803056,0.11220663580258994,0.0009822616483195282,10
Iraq,2020-12-24,0.7529374198750212,0.9980306315047704,0.5069485962342704,0.8690269089915543,0.6375506005423796,0.18569326023881244,0.00036014983508803056,0.11220663580258994,0.0009822616483195282,10
Iraq,2020-12-25,0.7432475940737371,0.9892179375221563,0.5011572974927585,0.859349552184022,0.6275003894207041,0.18569326023881244,0.00036014983508803056,0.11220663580258994,0.0009822616483195282,10
Iraq,2020-12-26,0.7259890073434234,0.9735482318302157,0.478671297375034,0.8425112513183837,0.6100517682261228,0.18569326023881244,0.00036014983508803056,0.11220663580258994,0.0009822616483195282,10
Iraq,2020-12-27,0.7224268665603837,0.964996324882398,0.4705334556219338,0.8380293570412976,0.6074765436588516,0.18569326023881244,0.00036014983508803056,0.11220663580258994,0.0009822616483195282,10
Iraq,2020-12-28,0.729259894590969,0.9762097866446146,0.48142309417998885,0.8476430029955202,0.6122455124025659,0.18569326023881244,0.00036014983508803056,0.11220663580258994,0.0009822616483195282,10
Iraq,2020-12-29,0.7381811719672924,0.9836085275779884,0.49146124091536425,0.8544818963141785,0.6219403653088476,0.18569326023881244,0.00036014983508803056,0.11220663580258994,0.0009822616483195282,10
Iraq,2020-12-30,0.7373701515509616,0.9842785614278327,0.48861179125937415,0.8545689205976503,0.6198114741973478,0.18569326023881244,0.00036014983508803056,0.11220663580258994,0.0009822616483195282,10
Iraq,2020-12-31,0.7360093239965049,0.9813599869334386,0.4876342119867628,0.8530458320622893,0.6177725861174712,0.18569326023881244,0.00036014983508803056,0.11220663580258994,0.0009822616483195282,10
Iraq,2021-01-01,0.7380393460278966,0.9867493134360408,0.4891364830438464,0.8556464198953259,0.6212143767834317,0.18569326023881244,0.00036014983508803056,0.11220663580258994,0.0009822616483195282,10
Iraq,2021-01-02,0.7343324801001488,0.9803472651865491,0.4862205811672027,0.8510885494610454,0.6177999710076613,0.18569326023881244,0.00036014983508803056,0.11220663580258994,0.0009822616483195282,10
Iraq,2021-01-03,0.7296243300287857,0.9726700636882375,0.48055161401798374,0.8455967659621402,0.6136211000130043,0.18569326023881244,0.00036014983508803056,0.11220663580258994,0.0009822616483195282,10
Iraq,2021-01-04,0.7309283574439008,0.9770048316316378,0.4834391597205904,0.8488629624257791,0.6134147585254275,0.18569326023881244,0.00036014983508803056,0.11220663580258994,0.0009822616483195282,10
Iraq,2021-01-05,0.7527208860636818,1.0023737430959891,0.5058935056595071,0.8688315349533885,0.6365093804932749,0.18569326023881244,0.00036014983508803056,0.11220663580258994,0.0009822616483195282,10
Iraq,2021-01-06,0.7743208171633129,1.020519608131098,0.5252727276617815,0.8913317317767145,0.6574461692781133,0.18569326023881244,0.00036014983508803056,0.11220663580258994,0.0009822616483195282,10
Iraq,2021-01-07,0.7869136665974616,1.0358128401098565,0.541169945541404,0.9045325330054237,0.6696058680393797,0.18569326023881244,0.00036014983508803056,0.11220663580258994,0.0009822616483195282,10
Iraq,2021-01-08,0.7977188412754614,1.045209706263884,0.5518100393290487,0.9163989348727613,0.6803907481426492,0.18569326023881244,0.00036014983508803056,0.11220663580258994,0.0009822616483195282,10
Iraq,2021-01-09,0.8199429095324524,1.0664585867646692,0.5744525048262369,0.9350276271999806,0.7043697693626825,0.18569326023881244,0.00036014983508803056,0.11220663580258994,0.0009822616483195282,10
Iraq,2021-01-10,0.8235399425134579,1.069835841161802,0.5797679248025587,0.9395397940571681,0.706096858350288,0.18569326023881244,0.00036014983508803056,0.11220663580258994,0.0009822616483195282,10
Iraq,2021-01-11,0.84641725647374,1.0919085905376424,0.6038917444425688,0.964650115975473,0.7290207106834148,0.18569326023881244,0.00036014983508803056,0.11220663580258994,0.0009822616483195282,10
Iraq,2021-01-12,0.8654340217062492,1.112711235128345,0.6214761026838596,0.9820452860293182,0.7484737200690104,0.18569326023881244,0.00036014983508803056,0.11220663580258994,0.0009822616483195282,10
Iraq,2021-01-13,0.8785307530351696,1.1253943183538997,0.6333095099843171,0.9947459824779668,0.7625368642273262,0.18569326023881244,0.00036014983508803056,0.11220663580258994,0.0009822616483195282,10
Iraq,2021-01-14,0.8788016017792727,1.1264881446922457,0.6311579617400782,0.996844679671806,0.7616403406203234,0.18569326023881244,0.00036014983508803056,0.11220663580258994,0.0009822616483195282,10
Iraq,2021-01-15,0.8790250740347036,1.1271656746782268,0.6314358947986894,0.9963874756465234,0.762778260970563,0.18569326023881244,0.00036014983508803056,0.11220663580258994,0.0009822616483195282,10
Iraq,2021-01-16,0.8729318124704823,1.1205884908577084,0.6230485463892955,0.992236511606365,0.7546735226947485,0.18569326023881244,0.00036014983508803056,0.11220663580258994,0.0009822616483195282,10
Iraq,2021-01-17,0.8884581418766716,1.1362693175253913,0.6399002318002301,1.0060201870015535,0.7708056709390028,0.18569326023881244,0.00036014983508803056,0.11220663580258994,0.0009822616483195282,10
Iraq,2021-01-18,0.9152726931424338,1.161614083650985,0.6672018336980562,1.033220835164403,0.797180758010706,0.18569326023881244,0.00036014983508803056,0.11220663580258994,0.0009822616483195282,10
Iraq,2021-01-19,0.9356730407477726,1.1810198769036573,0.6871674004583479,1.0542457438399437,0.8181116539299002,0.18569326023881244,0.00036014983508803056,0.11220663580258994,0.0009822616483195282,10
Iraq,2021-01-20,0.9473518620745489,1.194351753464833,0.697215109789679,1.0659069308702565,0.8296235086255719,0.18569326023881244,0.00036014983508803056,0.11220663580258994,0.0009822616483195282,10
Iraq,2021-01-21,0.9623803851428071,1.2085269816415358,0.7098071593583073,1.0801788859806452,0.8443384446802499,0.18569326023881244,0.00036014983508803056,0.11220663580258994,0.0009822616483195282,10
Iraq,2021-01-22,0.9722637189060541,1.2191270247217019,0.722456493349561,1.0900301713318237,0.8551259195725229,0.18569326023881244,0.00036014983508803056,0.11220663580258994,0.0009822616483195282,10
Iraq,2021-01-23,0.996091252897546,1.243317369247777,0.7494594803460888,1.1137061410540827,0.878271711433279,0.18569326023881244,0.00036014983508803056,0.11220663580258994,0.0009822616483195282,10
Iraq,2021-01-24,1.022488268551153,1.2714159194287786,0.7780064520545347,1.1403131767887758,0.9038390193931909,0.18569326023881244,0.00036014983508803056,0.11220663580258994,0.0009822616483195282,10
Iraq,2021-01-25,1.0363482208297565,1.2778962526340145,0.7903674941125114,1.1531699932976331,0.9202593127144731,0.18569326023881244,0.00036014983508803056,0.11220663580258994,0.0009822616483195282,10
Iraq,2021-01-26,1.0532665896945372,1.2985865059438941,0.8076908526012491,1.171132138408948,0.9367451577095649,0.18569326023881244,0.00036014983508803056,0.11220663580258994,0.0009822616483195282,10
Iraq,2021-01-27,1.0773636848585508,1.3239937862568498,0.8309498536925255,1.194327777538578,0.9607520606510275,0.18569326023881244,0.00036014983508803056,0.11220663580258994,0.0009822616483195282,10
Iraq,2021-01-28,1.098784012472577,1.3441710912155453,0.8535173009583875,1.216898706319394,0.9806180717007318,0.18569326023881244,0.00036014983508803056,0.11220663580258994,0.0009822616483195282,10
Iraq,2021-01-29,1.1142364263051203,1.361522320120649,0.8626326260785618,1.2321756175764902,0.9959565614476134,0.18569326023881244,0.00036014983508803056,0.11220663580258994,0.0009822616483195282,10
Iraq,2021-01-30,1.1248878609776443,1.3732242118634126,0.8694269065608609,1.2432197777278318,1.005737922533261,0.18569326023881244,0.00036014983508803056,0.11220663580258994,0.0009822616483195282,10
Iraq,2021-01-31,1.1564761928796763,1.4061802885651289,0.9027017720547288,1.2754011384907542,1.0383767417551246,0.18569326023881244,0.00036014983508803056,0.11220663580258994,0.0009822616483195282,10
Iraq,2021-02-01,1.2211462592711015,1.4696728619464334,0.9745098684154093,1.338543858558752,1.1023312129536367,0.18569326023881244,0.00036014983508803056,0.11220663580258994,0.0009822616483195282,10
Iraq,2021-02-02,1.2882487142410866,1.5371274472467338,1.0379336984598686,1.4060424094622639,1.1700674203885333,0.18569326023881244,0.00036014983508803056,0.11220663580258994,0.0009822616483195282,10
Iraq,2021-02-03,1.3470656060088677,1.5961534999169287,1.0989457173860848,1.4642145652078167,1.2292860768139409,0.18569326023881244,0.00036014983508803056,0.11220663580258994,0.0009822616483195282,10
Iraq,2021-02-04,1.3863372559959624,1.632696077674002,1.135349633795673,1.5051599962402038,1.2678259674151027,0.18569326023881244,0.00036014983508803056,0.11220663580258994,0.0009822616483195282,10
Iraq,2021-02-05,1.4385147435295478,1.6885537854942845,1.1930761856137144,1.5569843526169316,1.321651955009122,0.18569326023881244,0.00036014983508803056,0.11220663580258994,0.0009822616483195282,10
Iraq,2021-02-06,1.4701603353430417,1.7205313302267806,1.2245213568929985,1.5884217174017587,1.352127153022228,0.18569326023881244,0.00036014983508803056,0.11220663580258994,0.0009822616483195282,10
Iraq,2021-02-07,1.479344944358432,1.7278032995060633,1.2320366385591195,1.5978447577030985,1.3622832131602856,0.18569326023881244,0.00036014983508803056,0.11220663580258994,0.0009822616483195282,10
Iraq,2021-02-08,1.5351768564968336,1.786594002952401,1.2882327006884982,1.6527354521659379,1.4166826077269814,0.18569326023881244,0.00036014983508803056,0.11220663580258994,0.0009822616483195282,10
Iraq,2021-02-09,1.5844477765999971,1.8398451601406487,1.334326647250045,1.7043498199663811,1.462219383995664,0.18569326023881244,0.00036014983508803056,0.11220663580258994,0.0009822616483195282,10
Iraq,2021-02-10,1.6144700674587686,1.8750891313454612,1.3597677834911024,1.737957012626873,1.4908939576821805,0.18569326023881244,0.00036014983508803056,0.11220663580258994,0.0009822616483195282,10
Iraq,2021-02-11,1.6166764205557882,1.8825495226319253,1.3520888067914605,1.7414712260332879,1.4921670354287353,0.18569326023881244,0.00036014983508803056,0.11220663580258994,0.0009822616483195282,10
Iraq,2021-02-12,1.6001499419933352,1.8723626319511824,1.3278908674124281,1.7284869528219406,1.4712427909571368,0.18569326023881244,0.00036014983508803056,0.11220663580258994,0.0009822616483195282,10
Iraq,2021-02-13,1.5650694017223388,1.8536724557632873,1.2726379140229698,1.703180055766926,1.4280836429502772,0.18569326023881244,0.00036014983508803056,0.11220663580258994,0.0009822616483195282,10
Iraq,2021-02-14,1.547179874470525,1.8702810444027436,1.2230544639255443,1.7018369597959497,1.3924948062706988,0.18569326023881244,0.00036014983508803056,0.11220663580258994,0.0009822616483195282,10
Ireland,2020-03-15,2.308553828747616,2.8344599660062286,1.7647204468446245,2.5659036582971013,2.0544019226477217,0.18289256810937934,0.00040315032059101696,0.09900914045150509,0.002650092794025521,10
Ireland,2020-03-16,2.532230256801199,3.007392495761969,2.06144565815389,2.75795177503011,2.3072625469863683,0.18289256810937934,0.00040315032059101696,0.09900914045150509,0.002650092794025521,10
Ireland,2020-03-17,2.6661720831299514,3.1313782765244356,2.2158253998726085,2.8826774947516873,2.4472505381695844,0.18289256810937934,0.00040315032059101696,0.09900914045150509,0.002650092794025521,10
Ireland,2020-03-18,2.69646429211764,3.1609523175971255,2.252542361105025,2.915404419261628,2.478180039588458,0.18289256810937934,0.00040315032059101696,0.09900914045150509,0.002650092794025521,10
Ireland,2020-03-19,2.6219018156449603,3.0821687074032886,2.174753097637839,2.839387532714259,2.4023760776399814,0.18289256810937934,0.00040315032059101696,0.09900914045150509,0.002650092794025521,10
Ireland,2020-03-20,2.550235355184592,2.985854240378809,2.1232662957198114,2.7549942686377342,2.346328926486498,0.18289256810937934,0.00040315032059101696,0.09900914045150509,0.002650092794025521,10
Ireland,2020-03-21,2.467476695000964,2.875017700134282,2.0575524412325183,2.663638384619742,2.2705005054209035,0.18289256810937934,0.00040315032059101696,0.09900914045150509,0.002650092794025521,10
Ireland,2020-03-22,2.448380791718571,2.8565308101774654,2.04471164823662,2.6404069350968995,2.2568929271726708,0.18289256810937934,0.00040315032059101696,0.09900914045150509,0.002650092794025521,10
Ireland,2020-03-23,2.4739642160687465,2.884337257771125,2.078260855862358,2.6635618662475364,2.283125319112216,0.18289256810937934,0.00040315032059101696,0.09900914045150509,0.002650092794025521,10
Ireland,2020-03-24,2.4163412634628525,2.82098672100482,2.0206216726316786,2.602757658431855,2.2266433558697862,0.18289256810937934,0.00040315032059101696,0.09900914045150509,0.002650092794025521,10
Ireland,2020-03-25,2.348870448328902,2.747816539181022,1.9644495071697472,2.5356375780216163,2.160537282486386,0.18289256810937934,0.00040315032059101696,0.09900914045150509,0.002650092794025521,10
Ireland,2020-03-26,2.270950621131605,2.6729982464250104,1.8814042385539715,2.4579943140487295,2.0831636565793676,0.18289256810937934,0.00040315032059101696,0.09900914045150509,0.002650092794025521,10
Ireland,2020-03-27,2.1831656473268146,2.576197081360905,1.7923482466620106,2.3687260031124406,1.9963553463543702,0.18289256810937934,0.00040315032059101696,0.09900914045150509,0.002650092794025521,10
Ireland,2020-03-28,2.067058301216865,2.458636724966838,1.6775034363236037,2.2506626040358575,1.8813797225007107,0.18289256810937934,0.00040315032059101696,0.09900914045150509,0.002650092794025521,10
Ireland,2020-03-29,1.946904760670043,2.340312234393849,1.5547391300443505,2.133541946785907,1.7581374250848723,0.18289256810937934,0.00040315032059101696,0.09900914045150509,0.002650092794025521,10
Ireland,2020-03-30,1.8919336055124636,2.2838541143141446,1.4930197355340773,2.0794260892915464,1.7028767791464192,0.18289256810937934,0.00040315032059101696,0.09900914045150509,0.002650092794025521,10
Ireland,2020-03-31,1.8422493307682193,2.239824542973614,1.4389026275819403,2.0317189949643533,1.6536785559338218,0.18289256810937934,0.00040315032059101696,0.09900914045150509,0.002650092794025521,10
Ireland,2020-04-01,1.7890261402050969,2.186865921491429,1.3853370469510917,1.9765740594176746,1.600009678395767,0.18289256810937934,0.00040315032059101696,0.09900914045150509,0.002650092794025521,10
Ireland,2020-04-02,1.8003707010162024,2.1931484163566384,1.404444163754444,1.98797383132935,1.613351624991647,0.18289256810937934,0.00040315032059101696,0.09900914045150509,0.002650092794025521,10
Ireland,2020-04-03,1.779747620217138,2.169452299098145,1.3837123577673194,1.9668688646647337,1.592139826811279,0.18289256810937934,0.00040315032059101696,0.09900914045150509,0.002650092794025521,10
Ireland,2020-04-04,1.7377349341551216,2.1270640696879948,1.3353790150281069,1.9262244563654085,1.5507299381401465,0.18289256810937934,0.00040315032059101696,0.09900914045150509,0.002650092794025521,10
Ireland,2020-04-05,1.7265165005962306,2.126667590698353,1.3236698204206738,1.9146898615426609,1.5364957608802623,0.18289256810937934,0.00040315032059101696,0.09900914045150509,0.002650092794025521,10
Ireland,2020-04-06,1.728835700374343,2.12981105829153,1.3205876765847924,1.9203138922577025,1.5373677673070352,0.18289256810937934,0.00040315032059101696,0.09900914045150509,0.002650092794025521,10
Ireland,2020-04-07,1.757482661449658,2.155211306400072,1.353921917868927,1.9476424956494571,1.569427098062975,0.18289256810937934,0.00040315032059101696,0.09900914045150509,0.002650092794025521,10
Ireland,2020-04-08,1.8305465402152479,2.230365742336332,1.4364201197724138,2.0185518967958607,1.6444332790319347,0.18289256810937934,0.00040315032059101696,0.09900914045150509,0.002650092794025521,10
Ireland,2020-04-09,1.9570195457711093,2.362799354091241,1.5612328024404154,2.148669883633331,1.7669962953613305,0.18289256810937934,0.00040315032059101696,0.09900914045150509,0.002650092794025521,10
Ireland,2020-04-10,2.105725934339268,2.5603230721958954,1.6837367578176705,2.3094659036036687,1.8997942257585618,0.18289256810937934,0.00040315032059101696,0.09900914045150509,0.002650092794025521,10
Ireland,2020-04-11,1.977263031221952,2.4006369199762267,1.5690595968581054,2.174969211046539,1.7807001717687245,0.18289256810937934,0.00040315032059101696,0.09900914045150509,0.002650092794025521,10
Ireland,2020-04-12,1.8532632877366964,2.2608426577017635,1.4564013691591315,2.0435955027305837,1.6632218919331256,0.18289256810937934,0.00040315032059101696,0.09900914045150509,0.002650092794025521,10
Ireland,2020-04-13,1.7594385324067952,2.1614463173496716,1.366118856548562,1.949732844684455,1.5691923153915952,0.18289256810937934,0.00040315032059101696,0.09900914045150509,0.002650092794025521,10
Ireland,2020-04-14,1.6425203902658314,2.0389340454412404,1.2493020625205709,1.8306624285984423,1.455503158680524,0.18289256810937934,0.00040315032059101696,0.09900914045150509,0.002650092794025521,10
Ireland,2020-04-15,1.5379692342110305,1.9326886230504643,1.1471459717562698,1.7224993956322228,1.3521066582203594,0.18289256810937934,0.00040315032059101696,0.09900914045150509,0.002650092794025521,10
Ireland,2020-04-16,1.4000635100891134,1.7926824679401019,1.0073527638684343,1.5874601523039629,1.2132259725689194,0.18289256810937934,0.00040315032059101696,0.09900914045150509,0.002650092794025521,10
Ireland,2020-04-17,1.2858612102169844,1.6743506038098719,0.8884973366327704,1.4741896624096338,1.09730172391675,0.18289256810937934,0.00040315032059101696,0.09900914045150509,0.002650092794025521,10
Ireland,2020-04-18,1.1909551782049526,1.5795657370508702,0.7956670016005909,1.376371279697318,1.00573518496109,0.18289256810937934,0.00040315032059101696,0.09900914045150509,0.002650092794025521,10
Ireland,2020-04-19,1.0900094231926492,1.4840536650188882,0.6858189370135379,1.2776623048740778,0.9011032992322721,0.18289256810937934,0.00040315032059101696,0.09900914045150509,0.002650092794025521,10
Ireland,2020-04-20,1.0196242276730567,1.4164074676279579,0.6117478637321871,1.211499460561046,0.8285393602818975,0.18289256810937934,0.00040315032059101696,0.09900914045150509,0.002650092794025521,10
Ireland,2020-04-21,0.9887743417488485,1.3805168577068798,0.5885984025840334,1.178644853896072,0.8000345539405833,0.18289256810937934,0.00040315032059101696,0.09900914045150509,0.002650092794025521,10
Ireland,2020-04-22,0.9933751613647155,1.3861319524720557,0.6008705800192173,1.1801309537452487,0.8071032864515434,0.18289256810937934,0.00040315032059101696,0.09900914045150509,0.002650092794025521,10
Ireland,2020-04-23,0.9897655838587489,1.3907102638119289,0.5955169520437766,1.1766716399887556,0.8042437352568998,0.18289256810937934,0.00040315032059101696,0.09900914045150509,0.002650092794025521,10
Ireland,2020-04-24,0.9274508250799299,1.3284106288456703,0.5361337116172792,1.114816577141772,0.7388583318558815,0.18289256810937934,0.00040315032059101696,0.09900914045150509,0.002650092794025521,10
Ireland,2020-04-25,0.8677423143010716,1.2627981800173744,0.47294820231192813,1.0569451197683373,0.6807447305203522,0.18289256810937934,0.00040315032059101696,0.09900914045150509,0.002650092794025521,10
Ireland,2020-04-26,0.8334942902995631,1.2271435898628722,0.44070009260395127,1.021529641102784,0.6460087032132703,0.18289256810937934,0.00040315032059101696,0.09900914045150509,0.002650092794025521,10
Ireland,2020-04-27,0.7654182833675405,1.160598163237764,0.36684477412639627,0.9531866574135299,0.5770757429868637,0.18289256810937934,0.00040315032059101696,0.09900914045150509,0.002650092794025521,10
Ireland,2020-04-28,0.7114250161294056,1.1029467867078855,0.30959612226863364,0.8977960960585498,0.525958913443744,0.18289256810937934,0.00040315032059101696,0.09900914045150509,0.002650092794025521,10
Ireland,2020-04-29,0.6856254088038041,1.0789679914902055,0.28589008166746044,0.8714456608720712,0.5002308348952961,0.18289256810937934,0.00040315032059101696,0.09900914045150509,0.002650092794025521,10
Ireland,2020-04-30,0.6606970895627291,1.0517016010300124,0.26592555553151176,0.8482241879842453,0.4749950869238888,0.18289256810937934,0.00040315032059101696,0.09900914045150509,0.002650092794025521,10
Ireland,2020-05-01,0.6354168750428153,1.0281388231620454,0.2439017193608144,0.8220760510603305,0.44766377335613683,0.18289256810937934,0.00040315032059101696,0.09900914045150509,0.002650092794025521,10
Ireland,2020-05-02,0.6297144055316919,1.0186784482985396,0.2372225689587364,0.8170620702816638,0.44568920323538885,0.18289256810937934,0.00040315032059101696,0.09900914045150509,0.002650092794025521,10
Ireland,2020-05-03,0.6159720356763267,1.0096801836489535,0.2248630455782471,0.7998238254854364,0.4302531987725452,0.18289256810937934,0.00040315032059101696,0.09900914045150509,0.002650092794025521,10
Ireland,2020-05-04,0.5947310042045377,0.9895938002885769,0.20457324149806966,0.7805691247854767,0.40753405165656487,0.18289256810937934,0.00040315032059101696,0.09900914045150509,0.002650092794025521,10
Ireland,2020-05-05,0.5733433552865619,0.9649485864425991,0.18033843098106872,0.7583990259325877,0.38802411881766075,0.18289256810937934,0.00040315032059101696,0.09900914045150509,0.002650092794025521,10
Ireland,2020-05-06,0.5613987304018548,0.9535605919833174,0.17332957330567123,0.750000215378952,0.37510277897416433,0.18289256810937934,0.00040315032059101696,0.09900914045150509,0.002650092794025521,10
Ireland,2020-05-07,0.5404911053656878,0.9347975128371129,0.14581352719936413,0.728735554233858,0.35271767390711184,0.18289256810937934,0.00040315032059101696,0.09900914045150509,0.002650092794025521,10
Ireland,2020-05-08,0.5404365307304712,0.9368917046258595,0.14310481078564385,0.7304877114622134,0.35193178461141494,0.18289256810937934,0.00040315032059101696,0.09900914045150509,0.002650092794025521,10
Ireland,2020-05-09,0.5529528892597395,0.9447969100999307,0.15453146100543802,0.7419324658159088,0.36419579246190814,0.18289256810937934,0.00040315032059101696,0.09900914045150509,0.002650092794025521,10
Ireland,2020-05-10,0.5572366372409392,0.9551116704371835,0.15960824151172248,0.7454487991888654,0.3698350319095758,0.18289256810937934,0.00040315032059101696,0.09900914045150509,0.002650092794025521,10
Ireland,2020-05-11,0.5469508233968511,0.9434867947791454,0.15194897956798203,0.7342096985736433,0.359720106592589,0.18289256810937934,0.00040315032059101696,0.09900914045150509,0.002650092794025521,10
Ireland,2020-05-12,0.5509266842717901,0.9467846568276712,0.15121405231054796,0.7380498843760936,0.36375627545711187,0.18289256810937934,0.00040315032059101696,0.09900914045150509,0.002650092794025521,10
Ireland,2020-05-13,0.5757879405685464,0.9755923637630481,0.1811379769037622,0.7633865659355847,0.389947043930721,0.18289256810937934,0.00040315032059101696,0.09900914045150509,0.002650092794025521,10
Ireland,2020-05-14,0.6036424910591346,1.0181469680847695,0.20319993165986783,0.7918595916520551,0.4150414166690727,0.18289256810937934,0.00040315032059101696,0.09900914045150509,0.002650092794025521,10
Ireland,2020-05-15,0.5389466090256538,0.9450693194596168,0.13910891185815133,0.7280969028633594,0.3496249834504841,0.18289256810937934,0.00040315032059101696,0.09900914045150509,0.002650092794025521,10
Ireland,2020-05-16,0.48385732927494995,0.8739090300062751,0.08700072634524392,0.6699764587652073,0.29687348781440936,0.18289256810937934,0.00040315032059101696,0.09900914045150509,0.002650092794025521,10
Ireland,2020-05-17,0.4427480169901541,0.8323643282881167,0.04376293928024699,0.6307574885205451,0.2575600180688793,0.18289256810937934,0.00040315032059101696,0.09900914045150509,0.002650092794025521,10
Ireland,2020-05-18,0.42160741114757916,0.8116429256615905,0.028281948087479192,0.6088883842323669,0.2349978580451474,0.18289256810937934,0.00040315032059101696,0.09900914045150509,0.002650092794025521,10
Ireland,2020-05-19,0.4055293150813526,0.7986149570703446,0.010497642368573201,0.5917217785939669,0.21734721640024945,0.18289256810937934,0.00040315032059101696,0.09900914045150509,0.002650092794025521,10
Ireland,2020-05-20,0.404950575592108,0.7941773659953009,0.009794827170802822,0.5938140235928533,0.21777273147031184,0.18289256810937934,0.00040315032059101696,0.09900914045150509,0.002650092794025521,10
Ireland,2020-05-21,0.41571431935020553,0.8053207372011914,0.02426386949545678,0.600865522240333,0.23044459243326665,0.18289256810937934,0.00040315032059101696,0.09900914045150509,0.002650092794025521,10
Ireland,2020-05-22,0.4257238117410461,0.8188217365676884,0.03316818696963675,0.6114449349168519,0.24289472299586967,0.18289256810937934,0.00040315032059101696,0.09900914045150509,0.002650092794025521,10
Ireland,2020-05-23,0.4164971577634038,0.8073312955020507,0.028708049193073792,0.6032695092189262,0.2324814385058036,0.18289256810937934,0.00040315032059101696,0.09900914045150509,0.002650092794025521,10
Ireland,2020-05-24,0.4037379209450431,0.7964876964762826,0.009169685252937265,0.5883090169519472,0.21819202614183875,0.18289256810937934,0.00040315032059101696,0.09900914045150509,0.002650092794025521,10
Ireland,2020-05-25,0.39786047363195054,0.7919990169865965,0.0,0.5853686483080173,0.211562807125801,0.18289256810937934,0.00040315032059101696,0.09900914045150509,0.002650092794025521,10
Ireland,2020-05-26,0.3923297430168996,0.7894519810361473,0.0,0.5801548240036428,0.20451065447266636,0.18289256810937934,0.00040315032059101696,0.09900914045150509,0.002650092794025521,10
Ireland,2020-05-27,0.39979806005270047,0.7935615636361186,0.0037244852529823014,0.585336636557108,0.21295148785029383,0.18289256810937934,0.00040315032059101696,0.09900914045150509,0.002650092794025521,10
Ireland,2020-05-28,0.3950233683503094,0.7811706552336972,0.0,0.5824611890111239,0.20888224067689787,0.18289256810937934,0.00040315032059101696,0.09900914045150509,0.002650092794025521,10
Ireland,2020-05-29,0.40155585774175995,0.7897849589079665,0.006194055866946102,0.5885968384833511,0.21593135488576476,0.18289256810937934,0.00040315032059101696,0.09900914045150509,0.002650092794025521,10
Ireland,2020-05-30,0.4152309725931982,0.8129735421162895,0.021984965531226086,0.6015660164529036,0.22787844938356105,0.18289256810937934,0.00040315032059101696,0.09900914045150509,0.002650092794025521,10
Ireland,2020-05-31,0.42352558192503176,0.8172803843537886,0.030952458530826066,0.6092806707936907,0.23795738799652,0.18289256810937934,0.00040315032059101696,0.09900914045150509,0.002650092794025521,10
Ireland,2020-06-01,0.41410473950281357,0.8086354751072563,0.01733050783936607,0.6002461262021576,0.22832856049038597,0.18289256810937934,0.00040315032059101696,0.09900914045150509,0.002650092794025521,10
Ireland,2020-06-02,0.3755771327322889,0.7670696872657907,0.0,0.5596922373368031,0.18788734136276386,0.18289256810937934,0.00040315032059101696,0.09900914045150509,0.002650092794025521,10
Ireland,2020-06-03,0.3692312717524845,0.756699201443594,0.0,0.5556939351114988,0.18287340259910323,0.18289256810937934,0.00040315032059101696,0.09900914045150509,0.002650092794025521,10
Ireland,2020-06-04,0.3498134244748172,0.7434042530425873,0.0,0.5365555011379088,0.16284160454025887,0.18289256810937934,0.00040315032059101696,0.09900914045150509,0.002650092794025521,10
Ireland,2020-06-05,0.32759991082503237,0.7234498771473868,0.0,0.5122981989994561,0.14048208930007866,0.18289256810937934,0.00040315032059101696,0.09900914045150509,0.002650092794025521,10
Ireland,2020-06-06,0.3108376729215281,0.7010789531071376,0.0,0.49754240966574337,0.12424969773164674,0.18289256810937934,0.00040315032059101696,0.09900914045150509,0.002650092794025521,10
Ireland,2020-06-07,0.2960546117399435,0.6895140774182733,0.0,0.4819886851946479,0.10946217736297126,0.18289256810937934,0.00040315032059101696,0.09900914045150509,0.002650092794025521,10
Ireland,2020-06-08,0.28377310903939734,0.6729496803067964,0.0,0.4709202697006083,0.09601776046641364,0.18289256810937934,0.00040315032059101696,0.09900914045150509,0.002650092794025521,10
Ireland,2020-06-09,0.2895398695930298,0.6813298622097403,0.0,0.47579506455692167,0.10273275026789253,0.18289256810937934,0.00040315032059101696,0.09900914045150509,0.002650092794025521,10
Ireland,2020-06-10,0.30928495486659524,0.6998902203909056,0.0,0.49453439338874594,0.12402711026090729,0.18289256810937934,0.00040315032059101696,0.09900914045150509,0.002650092794025521,10
Ireland,2020-06-11,0.3269171102729651,0.7191596424389429,0.0,0.5127040785053467,0.13844064242854748,0.18289256810937934,0.00040315032059101696,0.09900914045150509,0.002650092794025521,10
Ireland,2020-06-12,0.3635545249535125,0.7587080976234936,0.0,0.5486643110277737,0.17627002783881762,0.18289256810937934,0.00040315032059101696,0.09900914045150509,0.002650092794025521,10
Ireland,2020-06-13,0.41015852683285636,0.8076524443836172,0.016744674976531204,0.5978439469140411,0.22272769716056695,0.18289256810937934,0.00040315032059101696,0.09900914045150509,0.002650092794025521,10
Ireland,2020-06-14,0.3876002806885631,0.7850897549868596,0.0,0.5752483878304048,0.1983365905916864,0.18289256810937934,0.00040315032059101696,0.09900914045150509,0.002650092794025521,10
Ireland,2020-06-15,0.385634853890613,0.7801982464353159,0.0,0.5728446408644805,0.1978021673033281,0.18289256810937934,0.00040315032059101696,0.09900914045150509,0.002650092794025521,10
Ireland,2020-06-16,0.37486278447901156,0.7714864671736228,0.0,0.5618169078162984,0.18708500262682226,0.18289256810937934,0.00040315032059101696,0.09900914045150509,0.002650092794025521,10
Ireland,2020-06-17,0.3636774992062386,0.7631100151457804,0.0,0.5512062013814758,0.1765720537090485,0.18289256810937934,0.00040315032059101696,0.09900914045150509,0.002650092794025521,10
Ireland,2020-06-18,0.36983324315620614,0.7648658949222213,0.0,0.5573575198119654,0.18266542725548618,0.18289256810937934,0.00040315032059101696,0.09900914045150509,0.002650092794025521,10
Ireland,2020-06-19,0.368697351380755,0.7659160873154859,0.0,0.5566696136158591,0.17945285198297112,0.18289256810937934,0.00040315032059101696,0.09900914045150509,0.002650092794025521,10
Ireland,2020-06-20,0.3581949022762292,0.7533169083012085,0.0,0.5431267047288777,0.17124511478634408,0.18289256810937934,0.00040315032059101696,0.09900914045150509,0.002650092794025521,10
Ireland,2020-06-21,0.36011861493154285,0.7541698762358782,0.0,0.5460171487564645,0.17486855311607763,0.18289256810937934,0.00040315032059101696,0.09900914045150509,0.002650092794025521,10
Ireland,2020-06-22,0.37807687670987333,0.7699562316494319,0.0,0.5650883941870575,0.19175300469958545,0.18289256810937934,0.00040315032059101696,0.09900914045150509,0.002650092794025521,10
Ireland,2020-06-23,0.41559834030925624,0.800831950013761,0.01950416110837827,0.6015791289986894,0.23242082950230858,0.18289256810937934,0.00040315032059101696,0.09900914045150509,0.002650092794025521,10
Ireland,2020-06-24,0.4583895029191343,0.8436570182406102,0.06472678711759405,0.6423156610314467,0.2723922683631068,0.18289256810937934,0.00040315032059101696,0.09900914045150509,0.002650092794025521,10
Ireland,2020-06-25,0.5206642118773698,0.9084700221962524,0.12706853797623385,0.7072368054771312,0.3349235675152288,0.18289256810937934,0.00040315032059101696,0.09900914045150509,0.002650092794025521,10
Ireland,2020-06-26,0.5884424998717172,0.9835668776254205,0.19579210852061346,0.7772220332176853,0.4007287317411168,0.18289256810937934,0.00040315032059101696,0.09900914045150509,0.002650092794025521,10
Ireland,2020-06-27,0.6620563922502922,1.061244264249871,0.2699864343046363,0.8489900975045781,0.4747950974189612,0.18289256810937934,0.00040315032059101696,0.09900914045150509,0.002650092794025521,10
Ireland,2020-06-28,0.6655712079270344,1.061636835761785,0.2688421092376161,0.8533012099400044,0.47877440993469733,0.18289256810937934,0.00040315032059101696,0.09900914045150509,0.002650092794025521,10
Ireland,2020-06-29,0.724032722243524,1.1206620363493744,0.3315784689555612,0.9114452318732902,0.5362792371361975,0.18289256810937934,0.00040315032059101696,0.09900914045150509,0.002650092794025521,10
Ireland,2020-06-30,0.710193676119832,1.1053266518437654,0.31319749345844694,0.8977336934979022,0.5225719909399111,0.18289256810937934,0.00040315032059101696,0.09900914045150509,0.002650092794025521,10
Ireland,2020-07-01,0.7014575368173515,1.0934945419130018,0.30495545402016266,0.8906294665421481,0.5160804358398988,0.18289256810937934,0.00040315032059101696,0.09900914045150509,0.002650092794025521,10
Ireland,2020-07-02,0.736971926360575,1.1352660169918776,0.3357127774317282,0.9260928978484024,0.548716787143567,0.18289256810937934,0.00040315032059101696,0.09900914045150509,0.002650092794025521,10
Ireland,2020-07-03,0.7647801745898011,1.1626628420500795,0.36394005582051825,0.9534695254139675,0.5759543228823658,0.18289256810937934,0.00040315032059101696,0.09900914045150509,0.002650092794025521,10
Ireland,2020-07-04,0.807778079477552,1.2046873074460889,0.4106250611623917,0.9977590217243628,0.6182936327882274,0.18289256810937934,0.00040315032059101696,0.09900914045150509,0.002650092794025521,10
Ireland,2020-07-05,0.8519391847017215,1.2479329253392943,0.458094533131596,1.0400261982695558,0.6638990315106281,0.18289256810937934,0.00040315032059101696,0.09900914045150509,0.002650092794025521,10
Ireland,2020-07-06,0.8507846635452245,1.2454525491658541,0.4495095715268924,1.039531619264395,0.6638565975217617,0.18289256810937934,0.00040315032059101696,0.09900914045150509,0.002650092794025521,10
Ireland,2020-07-07,0.9071115756557063,1.3007177143294393,0.5084184450646834,1.094716904441093,0.7205053111708206,0.18289256810937934,0.00040315032059101696,0.09900914045150509,0.002650092794025521,10
Ireland,2020-07-08,0.9959062058812796,1.3916244682503174,0.603572741091198,1.184029470716197,0.8084600256443478,0.18289256810937934,0.00040315032059101696,0.09900914045150509,0.002650092794025521,10
Ireland,2020-07-09,1.15458347995916,1.5551098003384256,0.758622783639802,1.3411341354564685,0.9668262784902785,0.18289256810937934,0.00040315032059101696,0.09900914045150509,0.002650092794025521,10
Ireland,2020-07-10,1.2315982802906422,1.63964681158046,0.8374287947337148,1.4233249984430596,1.0409350040302523,0.18289256810937934,0.00040315032059101696,0.09900914045150509,0.002650092794025521,10
Ireland,2020-07-11,1.2452433767513573,1.6456271959213722,0.8509622957359393,1.4318695917555564,1.0567715811016969,0.18289256810937934,0.00040315032059101696,0.09900914045150509,0.002650092794025521,10
Ireland,2020-07-12,1.2287464254814393,1.6257784185218864,0.8345703040344612,1.4156644303515489,1.041927052752536,0.18289256810937934,0.00040315032059101696,0.09900914045150509,0.002650092794025521,10
Ireland,2020-07-13,1.2212714842750454,1.6159311071515599,0.8274421880024481,1.4055265868288846,1.0350562104780219,0.18289256810937934,0.00040315032059101696,0.09900914045150509,0.002650092794025521,10
Ireland,2020-07-14,1.2655219060868879,1.6624517301847712,0.8701400588261121,1.451471940650782,1.0781563627505601,0.18289256810937934,0.00040315032059101696,0.09900914045150509,0.002650092794025521,10
Ireland,2020-07-15,1.217168717247119,1.611286819356472,0.8244544118729866,1.4012841732451529,1.0316980511659093,0.18289256810937934,0.00040315032059101696,0.09900914045150509,0.002650092794025521,10
Ireland,2020-07-16,1.2114156610105091,1.6019489029519878,0.8217745962334013,1.3988735002131616,1.0253793202789392,0.18289256810937934,0.00040315032059101696,0.09900914045150509,0.002650092794025521,10
Ireland,2020-07-17,1.2302228636373274,1.626919077918181,0.8386194829722718,1.4141549408554617,1.0423995337359062,0.18289256810937934,0.00040315032059101696,0.09900914045150509,0.002650092794025521,10
Ireland,2020-07-18,1.1724737128084948,1.5619449382559263,0.7739427984721889,1.3563184439387133,0.9890200266802063,0.18289256810937934,0.00040315032059101696,0.09900914045150509,0.002650092794025521,10
Ireland,2020-07-19,1.1209004332864603,1.5096597271684935,0.7201371934758745,1.3116911297074498,0.9325427669771151,0.18289256810937934,0.00040315032059101696,0.09900914045150509,0.002650092794025521,10
Ireland,2020-07-20,1.1191466082391552,1.510139664520299,0.7196303033460123,1.309101807670572,0.9335959754219068,0.18289256810937934,0.00040315032059101696,0.09900914045150509,0.002650092794025521,10
Ireland,2020-07-21,1.1928501026543206,1.581801492535384,0.8020226976241482,1.380759808514497,1.006245657373597,0.18289256810937934,0.00040315032059101696,0.09900914045150509,0.002650092794025521,10
Ireland,2020-07-22,1.157174783115903,1.5501263600652389,0.7569446648339663,1.3437572466486638,0.9705371861230444,0.18289256810937934,0.00040315032059101696,0.09900914045150509,0.002650092794025521,10
Ireland,2020-07-23,1.1417272063927275,1.534205514371307,0.7347883763965721,1.3337824633321707,0.9517726405895631,0.18289256810937934,0.00040315032059101696,0.09900914045150509,0.002650092794025521,10
Ireland,2020-07-24,1.195510310280013,1.588445958463067,0.7923768568080913,1.3815738359777896,1.0086327365337384,0.18289256810937934,0.00040315032059101696,0.09900914045150509,0.002650092794025521,10
Ireland,2020-07-25,1.2563285024571766,1.6493744022658303,0.8521951866291203,1.4446778095036747,1.066329781966006,0.18289256810937934,0.00040315032059101696,0.09900914045150509,0.002650092794025521,10
Ireland,2020-07-26,1.3010094119057016,1.6908615648753669,0.8943450302676592,1.4911501844923896,1.1110146017810623,0.18289256810937934,0.00040315032059101696,0.09900914045150509,0.002650092794025521,10
Ireland,2020-07-27,1.405761445467792,1.7959382974582943,1.009674971210835,1.5924242918865619,1.2206466800392557,0.18289256810937934,0.00040315032059101696,0.09900914045150509,0.002650092794025521,10
Ireland,2020-07-28,1.5854304988498678,1.979627178436376,1.1964994332809513,1.7720988229932377,1.3986076914002235,0.18289256810937934,0.00040315032059101696,0.09900914045150509,0.002650092794025521,10
Ireland,2020-07-29,1.6987846759922949,2.0944583539026977,1.303867145320941,1.8889794862810343,1.5115027101395089,0.18289256810937934,0.00040315032059101696,0.09900914045150509,0.002650092794025521,10
Ireland,2020-07-30,1.9126003651779167,2.350393048280475,1.5031978518102607,2.1137845380146807,1.7103667239567457,0.18289256810937934,0.00040315032059101696,0.09900914045150509,0.002650092794025521,10
Ireland,2020-07-31,1.850141244573671,2.2633690645490976,1.4555744366966898,2.0396414211172385,1.6589011467652832,0.18289256810937934,0.00040315032059101696,0.09900914045150509,0.002650092794025521,10
Ireland,2020-08-01,1.8177979720720379,2.2208353900501554,1.4309991295864368,2.0056538323455673,1.6288039789557915,0.18289256810937934,0.00040315032059101696,0.09900914045150509,0.002650092794025521,10
Ireland,2020-08-02,1.8003949974100903,2.192153835110945,1.4150555298345049,1.985809135065288,1.6157959450565482,0.18289256810937934,0.00040315032059101696,0.09900914045150509,0.002650092794025521,10
Ireland,2020-08-03,1.7723793452219903,2.165623533687172,1.3825704009418551,1.9587385557229187,1.5862277013690795,0.18289256810937934,0.00040315032059101696,0.09900914045150509,0.002650092794025521,10
Ireland,2020-08-04,1.769377753440509,2.165056249378525,1.382132709033148,1.952192540713318,1.5830784122412014,0.18289256810937934,0.00040315032059101696,0.09900914045150509,0.002650092794025521,10
Ireland,2020-08-05,1.80264455255007,2.1982737333891986,1.4117980231585876,1.9882874823203305,1.6190009759840678,0.18289256810937934,0.00040315032059101696,0.09900914045150509,0.002650092794025521,10
Ireland,2020-08-06,1.8657480672976052,2.268777414017997,1.4731473392163692,2.0531954454441474,1.677858323184306,0.18289256810937934,0.00040315032059101696,0.09900914045150509,0.002650092794025521,10
Ireland,2020-08-07,1.9172362776356118,2.332137825667515,1.5197468047152993,2.110994770653604,1.7240818054328018,0.18289256810937934,0.00040315032059101696,0.09900914045150509,0.002650092794025521,10
Ireland,2020-08-08,1.9073633384385285,2.3347636875299482,1.5114921040454443,2.0990386343587515,1.7116991789197078,0.18289256810937934,0.00040315032059101696,0.09900914045150509,0.002650092794025521,10
Ireland,2020-08-09,1.6994380049668727,2.095752302707065,1.3141142936129375,1.886389468703197,1.5134328850216452,0.18289256810937934,0.00040315032059101696,0.09900914045150509,0.002650092794025521,10
Ireland,2020-08-10,1.541663606483183,1.9403802953915945,1.140213167120258,1.728759333693882,1.3577495703920588,0.18289256810937934,0.00040315032059101696,0.09900914045150509,0.002650092794025521,10
Ireland,2020-08-11,1.4434333277461733,1.8324380414643735,1.032227886145345,1.6312045246861877,1.256166437879924,0.18289256810937934,0.00040315032059101696,0.09900914045150509,0.002650092794025521,10
Ireland,2020-08-12,1.4271731929987328,1.8153154011054475,1.0249749006137432,1.6172324599213046,1.238012589214259,0.18289256810937934,0.00040315032059101696,0.09900914045150509,0.002650092794025521,10
Ireland,2020-08-13,1.486241314523608,1.877475844708778,1.0902482367850008,1.6729769228920013,1.2983696991232623,0.18289256810937934,0.00040315032059101696,0.09900914045150509,0.002650092794025521,10
Ireland,2020-08-14,1.5224127604492719,1.9139584885541674,1.129366422992234,1.7083936929772123,1.3369859099569337,0.18289256810937934,0.00040315032059101696,0.09900914045150509,0.002650092794025521,10
Ireland,2020-08-15,1.597545413042094,2.00421721717984,1.2027622251697414,1.787140986472369,1.409126365078249,0.18289256810937934,0.00040315032059101696,0.09900914045150509,0.002650092794025521,10
Ireland,2020-08-16,1.498169725306663,1.8986969223866281,1.1024506059005044,1.6873322324948454,1.3090052863152786,0.18289256810937934,0.00040315032059101696,0.09900914045150509,0.002650092794025521,10
Ireland,2020-08-17,1.456407709616123,1.8555490544790816,1.0563929583835765,1.6448657468079018,1.2653932253542806,0.18289256810937934,0.00040315032059101696,0.09900914045150509,0.002650092794025521,10
Ireland,2020-08-18,1.4817210581915452,1.8819078785898777,1.0818363594020506,1.672380238903474,1.2930285339242853,0.18289256810937934,0.00040315032059101696,0.09900914045150509,0.002650092794025521,10
Ireland,2020-08-19,1.388423859397301,1.7883164854567313,0.9898475195627774,1.5784089198013742,1.2002967946317311,0.18289256810937934,0.00040315032059101696,0.09900914045150509,0.002650092794025521,10
Ireland,2020-08-20,1.3769502355525223,1.7765769668319922,0.9819607101466029,1.5658973998263215,1.1852825739603994,0.18289256810937934,0.00040315032059101696,0.09900914045150509,0.002650092794025521,10
Ireland,2020-08-21,1.3375261188348688,1.7414280283284915,0.9395104068000385,1.5259152330847785,1.1489240129899005,0.18289256810937934,0.00040315032059101696,0.09900914045150509,0.002650092794025521,10
Ireland,2020-08-22,1.338336358382762,1.7344997990099134,0.9464994326963577,1.5266106394558985,1.1487435204440226,0.18289256810937934,0.00040315032059101696,0.09900914045150509,0.002650092794025521,10
Ireland,2020-08-23,1.2862870288085615,1.6796929494758217,0.8843509260236135,1.4730470399247066,1.0990008211697144,0.18289256810937934,0.00040315032059101696,0.09900914045150509,0.002650092794025521,10
Ireland,2020-08-24,1.2926320940471152,1.6863776587862098,0.897487418100162,1.4797744676103701,1.105213175185499,0.18289256810937934,0.00040315032059101696,0.09900914045150509,0.002650092794025521,10
Ireland,2020-08-25,1.2604088489327483,1.6569941088487945,0.8688497668014366,1.445786418726537,1.0740572394362666,0.18289256810937934,0.00040315032059101696,0.09900914045150509,0.002650092794025521,10
Ireland,2020-08-26,1.2626298229811912,1.6528308685213764,0.8750262257143707,1.4481014646736674,1.0776304807908728,0.18289256810937934,0.00040315032059101696,0.09900914045150509,0.002650092794025521,10
Ireland,2020-08-27,1.214987183350318,1.604088457977284,0.8242099881507481,1.4004826056098625,1.0299526749707095,0.18289256810937934,0.00040315032059101696,0.09900914045150509,0.002650092794025521,10
Ireland,2020-08-28,1.1985947399310237,1.5883241360555465,0.7991943617151427,1.3847827190031596,1.013912938682984,0.18289256810937934,0.00040315032059101696,0.09900914045150509,0.002650092794025521,10
Ireland,2020-08-29,1.1718561866208679,1.5635010966443443,0.7734100752820852,1.3608943483976668,0.9859260522398887,0.18289256810937934,0.00040315032059101696,0.09900914045150509,0.002650092794025521,10
Ireland,2020-08-30,1.1227587585313936,1.515769836412868,0.71509397044495,1.3123488936656384,0.9353417529707715,0.18289256810937934,0.00040315032059101696,0.09900914045150509,0.002650092794025521,10
Ireland,2020-08-31,1.146044766152217,1.5363342154557544,0.7389690004009365,1.3335371094527457,0.9595040928623461,0.18289256810937934,0.00040315032059101696,0.09900914045150509,0.002650092794025521,10
Ireland,2020-09-01,1.2327291144042571,1.6246077733504962,0.8408905629143499,1.4191278410880988,1.0446859794043248,0.18289256810937934,0.00040315032059101696,0.09900914045150509,0.002650092794025521,10
Ireland,2020-09-02,1.2129641260350192,1.6075454755929193,0.812535637041635,1.4006468618971846,1.0234030821912683,0.18289256810937934,0.00040315032059101696,0.09900914045150509,0.002650092794025521,10
Ireland,2020-09-03,1.2305111984475212,1.6233438552170094,0.8323426625096233,1.4179269322808072,1.0438099251696857,0.18289256810937934,0.00040315032059101696,0.09900914045150509,0.002650092794025521,10
Ireland,2020-09-04,1.282770074030161,1.6775083539271676,0.890308683859649,1.4686333222898738,1.0972441811100186,0.18289256810937934,0.00040315032059101696,0.09900914045150509,0.002650092794025521,10
Ireland,2020-09-05,1.3674735084921599,1.7694080840583428,0.9746108108148341,1.5528020097719004,1.1822749886025536,0.18289256810937934,0.00040315032059101696,0.09900914045150509,0.002650092794025521,10
Ireland,2020-09-06,1.366247839536118,1.7618390722326274,0.976821109911043,1.5523566530662614,1.1798092198048076,0.18289256810937934,0.00040315032059101696,0.09900914045150509,0.002650092794025521,10
Ireland,2020-09-07,1.37912683561183,1.7720725875745353,0.9866851640672576,1.5639100072058545,1.1939616396541242,0.18289256810937934,0.00040315032059101696,0.09900914045150509,0.002650092794025521,10
Ireland,2020-09-08,1.4443065268440722,1.8512803697888276,1.053749943986222,1.6301618516296852,1.2568609551948806,0.18289256810937934,0.00040315032059101696,0.09900914045150509,0.002650092794025521,10
Ireland,2020-09-09,1.391453486490944,1.7838781630858507,0.9994560642133867,1.576572770102742,1.2069313254769964,0.18289256810937934,0.00040315032059101696,0.09900914045150509,0.002650092794025521,10
Ireland,2020-09-10,1.4165065171569664,1.8074034031182233,1.029534563427271,1.600852848602473,1.2308259522624905,0.18289256810937934,0.00040315032059101696,0.09900914045150509,0.002650092794025521,10
Ireland,2020-09-11,1.4311977743446949,1.8314039996459432,1.0391956655087797,1.618832029318483,1.2461502576154346,0.18289256810937934,0.00040315032059101696,0.09900914045150509,0.002650092794025521,10
Ireland,2020-09-12,1.4344981142510682,1.8308762744708043,1.0415151256558108,1.6218883155752344,1.246366642508066,0.18289256810937934,0.00040315032059101696,0.09900914045150509,0.002650092794025521,10
Ireland,2020-09-13,1.471406123413567,1.8723276233300044,1.0746168164191408,1.657879523212968,1.2847494496945546,0.18289256810937934,0.00040315032059101696,0.09900914045150509,0.002650092794025521,10
Ireland,2020-09-14,1.4788568586379616,1.8809904345295545,1.085120294947214,1.666656348621586,1.292666664649178,0.18289256810937934,0.00040315032059101696,0.09900914045150509,0.002650092794025521,10
Ireland,2020-09-15,1.5028425759488155,1.9045691284978405,1.1068679196278917,1.6915929784093264,1.3149387735324867,0.18289256810937934,0.00040315032059101696,0.09900914045150509,0.002650092794025521,10
Ireland,2020-09-16,1.4562745483825725,1.8480938529734483,1.0647851285218521,1.6439037057954513,1.2687340585235598,0.18289256810937934,0.00040315032059101696,0.09900914045150509,0.002650092794025521,10
Ireland,2020-09-17,1.4202869097767743,1.8125762095154012,1.0295428046729391,1.6063282986217198,1.233104765617763,0.18289256810937934,0.00040315032059101696,0.09900914045150509,0.002650092794025521,10
Ireland,2020-09-18,1.4044142997407676,1.8021352164622506,1.0068920484552528,1.5908767651880946,1.2154560901833653,0.18289256810937934,0.00040315032059101696,0.09900914045150509,0.002650092794025521,10
Ireland,2020-09-19,1.3984088582069376,1.8003751162557995,1.0087950582903915,1.5850667165021897,1.2101631006529707,0.18289256810937934,0.00040315032059101696,0.09900914045150509,0.002650092794025521,10
Ireland,2020-09-20,1.39838265382194,1.7941533706770085,1.0023585378397926,1.5860001736067828,1.21120540201784,0.18289256810937934,0.00040315032059101696,0.09900914045150509,0.002650092794025521,10
Ireland,2020-09-21,1.3451124428939454,1.7441832213045743,0.943880659955411,1.5343012920700287,1.1552795506692104,0.18289256810937934,0.00040315032059101696,0.09900914045150509,0.002650092794025521,10
Ireland,2020-09-22,1.3390881740825606,1.7324670029585878,0.9427930018540336,1.5261790580863894,1.1512741336626058,0.18289256810937934,0.00040315032059101696,0.09900914045150509,0.002650092794025521,10
Ireland,2020-09-23,1.3234980320169407,1.7135117348511852,0.9266571647313828,1.510229667967673,1.1363076362048006,0.18289256810937934,0.00040315032059101696,0.09900914045150509,0.002650092794025521,10
Ireland,2020-09-24,1.3390277233589114,1.729646176022174,0.9428018711385956,1.5272753965973493,1.151881021419875,0.18289256810937934,0.00040315032059101696,0.09900914045150509,0.002650092794025521,10
Ireland,2020-09-25,1.3481839601684342,1.7399775912236937,0.952945680627738,1.5351145864214328,1.1592809408746085,0.18289256810937934,0.00040315032059101696,0.09900914045150509,0.002650092794025521,10
Ireland,2020-09-26,1.3566287011448508,1.7460782641426005,0.9593594944873978,1.5446656108571466,1.1698106286858108,0.18289256810937934,0.00040315032059101696,0.09900914045150509,0.002650092794025521,10
Ireland,2020-09-27,1.3987133159812908,1.792829674073186,0.9994957551371983,1.588057190820094,1.2104294877434223,0.18289256810937934,0.00040315032059101696,0.09900914045150509,0.002650092794025521,10
Ireland,2020-09-28,1.4086569017102468,1.7932743545719403,1.017425842135667,1.5968253941475208,1.2232687435083651,0.18289256810937934,0.00040315032059101696,0.09900914045150509,0.002650092794025521,10
Ireland,2020-09-29,1.413936334272051,1.8067074883075294,1.01715139286228,1.6001798086206702,1.2279541444308029,0.18289256810937934,0.00040315032059101696,0.09900914045150509,0.002650092794025521,10
Ireland,2020-09-30,1.4296770528414204,1.8268510812348158,1.039217494339167,1.6146981010963666,1.2432625645774231,0.18289256810937934,0.00040315032059101696,0.09900914045150509,0.002650092794025521,10
Ireland,2020-10-01,1.4443235230607556,1.8435403209490042,1.050454361821108,1.62967644871973,1.2592958950718938,0.18289256810937934,0.00040315032059101696,0.09900914045150509,0.002650092794025521,10
Ireland,2020-10-02,1.453888639502693,1.847896431337849,1.0646096867779582,1.6400337185978282,1.2674036509383568,0.18289256810937934,0.00040315032059101696,0.09900914045150509,0.002650092794025521,10
Ireland,2020-10-03,1.4614541366422493,1.851221198675285,1.0698384536161993,1.6479984066376332,1.2752343411086198,0.18289256810937934,0.00040315032059101696,0.09900914045150509,0.002650092794025521,10
Ireland,2020-10-04,1.4312222477573195,1.8261452842900652,1.0317201969329028,1.6181096646537267,1.2459733325545468,0.18289256810937934,0.00040315032059101696,0.09900914045150509,0.002650092794025521,10
Ireland,2020-10-05,1.4432903497600558,1.8423716917789554,1.0477497861950231,1.6314267870885666,1.2551360324404437,0.18289256810937934,0.00040315032059101696,0.09900914045150509,0.002650092794025521,10
Ireland,2020-10-06,1.4513648731382247,1.850917503043228,1.0493657211349026,1.6409130366803855,1.2641327951556591,0.18289256810937934,0.00040315032059101696,0.09900914045150509,0.002650092794025521,10
Ireland,2020-10-07,1.4903272425151322,1.88768974191392,1.098336602667916,1.679153437904199,1.3023210157403917,0.18289256810937934,0.00040315032059101696,0.09900914045150509,0.002650092794025521,10
Ireland,2020-10-08,1.5184976554330638,1.9110058536496468,1.1236924880612664,1.7080333486621715,1.3320267746860868,0.18289256810937934,0.00040315032059101696,0.09900914045150509,0.002650092794025521,10
Ireland,2020-10-09,1.5723264760248323,1.96556914280972,1.1814916002032734,1.7568729762054331,1.3848058324388015,0.18289256810937934,0.00040315032059101696,0.09900914045150509,0.002650092794025521,10
Ireland,2020-10-10,1.6347297550399562,2.036794725415765,1.2377789412214983,1.8226018245100701,1.446160512673048,0.18289256810937934,0.00040315032059101696,0.09900914045150509,0.002650092794025521,10
Ireland,2020-10-11,1.626525324337847,2.028436716052027,1.2336196388323075,1.813518962522747,1.437583975521781,0.18289256810937934,0.00040315032059101696,0.09900914045150509,0.002650092794025521,10
Ireland,2020-10-12,1.6159784837344089,2.012324319199451,1.2239402903255194,1.8043036799618313,1.4289896225887837,0.18289256810937934,0.00040315032059101696,0.09900914045150509,0.002650092794025521,10
Ireland,2020-10-13,1.6086542325772193,2.0097410184082665,1.2176954571716898,1.7951214985568944,1.4202028732899243,0.18289256810937934,0.00040315032059101696,0.09900914045150509,0.002650092794025521,10
Ireland,2020-10-14,1.617793529757142,2.0169290477561423,1.2228848874200309,1.8045126710157653,1.4295252620060102,0.18289256810937934,0.00040315032059101696,0.09900914045150509,0.002650092794025521,10
Ireland,2020-10-15,1.6023539146159984,2.0059468612841704,1.2082235335128266,1.7904637901794342,1.4130996840518137,0.18289256810937934,0.00040315032059101696,0.09900914045150509,0.002650092794025521,10
Ireland,2020-10-16,1.558627397390521,1.9583532423536285,1.1655245899828326,1.745703660811081,1.3696969288674978,0.18289256810937934,0.00040315032059101696,0.09900914045150509,0.002650092794025521,10
Ireland,2020-10-17,1.5286875130652091,1.930377338713997,1.1408632167556676,1.7181339092839991,1.3377982765224488,0.18289256810937934,0.00040315032059101696,0.09900914045150509,0.002650092794025521,10
Ireland,2020-10-18,1.4735383491208869,1.870694915431181,1.0852873492418293,1.6625612766325635,1.285034802623347,0.18289256810937934,0.00040315032059101696,0.09900914045150509,0.002650092794025521,10
Ireland,2020-10-19,1.3998970512648314,1.7964589988128816,1.0105856314594273,1.5884900854851969,1.2133254398176163,0.18289256810937934,0.00040315032059101696,0.09900914045150509,0.002650092794025521,10
Ireland,2020-10-20,1.34027656607231,1.7367683072665465,0.9467252651114119,1.530355741296524,1.1513535623671345,0.18289256810937934,0.00040315032059101696,0.09900914045150509,0.002650092794025521,10
Ireland,2020-10-21,1.2649765565092719,1.6597735082047418,0.8740139973941894,1.4515371450036065,1.0802223252752647,0.18289256810937934,0.00040315032059101696,0.09900914045150509,0.002650092794025521,10
Ireland,2020-10-22,1.1856467556772694,1.5816042037599958,0.7946837677918477,1.3733799614731526,0.9986080789711999,0.18289256810937934,0.00040315032059101696,0.09900914045150509,0.002650092794025521,10
Ireland,2020-10-23,1.1079771601183805,1.506059367840958,0.7111870962793833,1.2969663076853477,0.9185618930972442,0.18289256810937934,0.00040315032059101696,0.09900914045150509,0.002650092794025521,10
Ireland,2020-10-24,1.0577029560086932,1.4500410725117425,0.6580536407959503,1.2466684384379565,0.868759741096828,0.18289256810937934,0.00040315032059101696,0.09900914045150509,0.002650092794025521,10
Ireland,2020-10-25,1.0196786105070583,1.4121615355407293,0.6194199459692543,1.2072913299057204,0.8305707886438218,0.18289256810937934,0.00040315032059101696,0.09900914045150509,0.002650092794025521,10
Ireland,2020-10-26,0.9712313468252254,1.3690293320687676,0.5756619997340021,1.1596997347495064,0.7841387640007476,0.18289256810937934,0.00040315032059101696,0.09900914045150509,0.002650092794025521,10
Ireland,2020-10-27,0.91493055702765,1.310366698623186,0.5124965604040381,1.1035395673848003,0.725781329655272,0.18289256810937934,0.00040315032059101696,0.09900914045150509,0.002650092794025521,10
Ireland,2020-10-28,0.8752916071055792,1.2681114377084786,0.47984403932389863,1.06323752612338,0.6882820886672825,0.18289256810937934,0.00040315032059101696,0.09900914045150509,0.002650092794025521,10
Ireland,2020-10-29,0.8480707915691961,1.244257759876767,0.4505759503055653,1.0342113239632682,0.6633191960842062,0.18289256810937934,0.00040315032059101696,0.09900914045150509,0.002650092794025521,10
Ireland,2020-10-30,0.8070089849442199,1.2065538250423018,0.4113611381029474,0.9933002988584836,0.6188194574006045,0.18289256810937934,0.00040315032059101696,0.09900914045150509,0.002650092794025521,10
Ireland,2020-10-31,0.7589937649745016,1.1525371875631114,0.3597509437051365,0.9465630917756368,0.5723142497501461,0.18289256810937934,0.00040315032059101696,0.09900914045150509,0.002650092794025521,10
Ireland,2020-11-01,0.7385976959002836,1.1425914717735821,0.3409714983993791,0.9256094860499202,0.5507413456345833,0.18289256810937934,0.00040315032059101696,0.09900914045150509,0.002650092794025521,10
Ireland,2020-11-02,0.7243955933773258,1.1192014994957262,0.32761125788333945,0.9132976022693903,0.5396061391156959,0.18289256810937934,0.00040315032059101696,0.09900914045150509,0.002650092794025521,10
Ireland,2020-11-03,0.6881364268126716,1.0756655362275633,0.2951402006112187,0.8723251665098843,0.5018991284436061,0.18289256810937934,0.00040315032059101696,0.09900914045150509,0.002650092794025521,10
Ireland,2020-11-04,0.6806265474396497,1.07384612264729,0.285503047398314,0.8658237042554722,0.4964079945219213,0.18289256810937934,0.00040315032059101696,0.09900914045150509,0.002650092794025521,10
Ireland,2020-11-05,0.6819169299903531,1.0781221254197406,0.28980243570699515,0.8674455665273565,0.4962305065124385,0.18289256810937934,0.00040315032059101696,0.09900914045150509,0.002650092794025521,10
Ireland,2020-11-06,0.6727279820956271,1.0600739060714046,0.2869791644134002,0.8573401019177521,0.4882618573162085,0.18289256810937934,0.00040315032059101696,0.09900914045150509,0.002650092794025521,10
Ireland,2020-11-07,0.6564091963573306,1.0439310086203821,0.2656977315854936,0.8415148107252286,0.4697648244225684,0.18289256810937934,0.00040315032059101696,0.09900914045150509,0.002650092794025521,10
Ireland,2020-11-08,0.6581486657029281,1.0516093125473627,0.2670168157836861,0.8431814637500501,0.47485953709630613,0.18289256810937934,0.00040315032059101696,0.09900914045150509,0.002650092794025521,10
Ireland,2020-11-09,0.6416645404056098,1.025174870475827,0.24477422837900842,0.826674818592456,0.456333222406724,0.18289256810937934,0.00040315032059101696,0.09900914045150509,0.002650092794025521,10
Ireland,2020-11-10,0.646398382603056,1.0382718632854264,0.24970689634477816,0.830995067122108,0.4624057193588096,0.18289256810937934,0.00040315032059101696,0.09900914045150509,0.002650092794025521,10
Ireland,2020-11-11,0.6749177319959178,1.0651650150099536,0.2812262163708412,0.859116498204964,0.4903123955107095,0.18289256810937934,0.00040315032059101696,0.09900914045150509,0.002650092794025521,10
Ireland,2020-11-12,0.7065330971248612,1.0965617641597298,0.3162201754517102,0.8926059807871819,0.520531516980868,0.18289256810937934,0.00040315032059101696,0.09900914045150509,0.002650092794025521,10
Ireland,2020-11-13,0.7381913062751317,1.1287371674256979,0.34355072765287575,0.9267774038162764,0.5513990391866177,0.18289256810937934,0.00040315032059101696,0.09900914045150509,0.002650092794025521,10
Ireland,2020-11-14,0.7516619442620083,1.1471939864879923,0.3582978640866056,0.9402088111354214,0.5641707636563245,0.18289256810937934,0.00040315032059101696,0.09900914045150509,0.002650092794025521,10
Ireland,2020-11-15,0.7573148045013027,1.1491494420731898,0.35857856643098507,0.9458552512020071,0.5703000487566876,0.18289256810937934,0.00040315032059101696,0.09900914045150509,0.002650092794025521,10
Ireland,2020-11-16,0.7658752976341191,1.161801786395626,0.3652247111368514,0.9535865016152186,0.5779408997297333,0.18289256810937934,0.00040315032059101696,0.09900914045150509,0.002650092794025521,10
Ireland,2020-11-17,0.7598093286244431,1.1566223463803031,0.36684006450643303,0.948741381236501,0.5714952762106543,0.18289256810937934,0.00040315032059101696,0.09900914045150509,0.002650092794025521,10
Ireland,2020-11-18,0.7598342330380444,1.1573070111706993,0.3654666880266748,0.9473465417150918,0.5735471324691042,0.18289256810937934,0.00040315032059101696,0.09900914045150509,0.002650092794025521,10
Ireland,2020-11-19,0.7601552673291294,1.1535070560236902,0.3645721412319578,0.9488645927389833,0.5717905458719861,0.18289256810937934,0.00040315032059101696,0.09900914045150509,0.002650092794025521,10
Ireland,2020-11-20,0.7470495951284994,1.1387336747137333,0.3498801840721486,0.9347268359911157,0.55947985541564,0.18289256810937934,0.00040315032059101696,0.09900914045150509,0.002650092794025521,10
Ireland,2020-11-21,0.7362726848919761,1.1291621616067724,0.33692151072443854,0.9230443340020447,0.5487023751243978,0.18289256810937934,0.00040315032059101696,0.09900914045150509,0.002650092794025521,10
Ireland,2020-11-22,0.7210271129609982,1.1157306431338256,0.3278400573053578,0.910194945796012,0.5323046149331696,0.18289256810937934,0.00040315032059101696,0.09900914045150509,0.002650092794025521,10
Ireland,2020-11-23,0.7055038671559619,1.1007514477385512,0.307121766943406,0.8940284471165536,0.5174347430793415,0.18289256810937934,0.00040315032059101696,0.09900914045150509,0.002650092794025521,10
Ireland,2020-11-24,0.699801069703486,1.0981437360833717,0.30112908785085024,0.8871628421248947,0.5149671192596077,0.18289256810937934,0.00040315032059101696,0.09900914045150509,0.002650092794025521,10
Ireland,2020-11-25,0.711394554640083,1.102865695031836,0.3123418458551406,0.899634053328479,0.5248859183276922,0.18289256810937934,0.00040315032059101696,0.09900914045150509,0.002650092794025521,10
Ireland,2020-11-26,0.7253725387860268,1.1134995372108183,0.33235665058319075,0.9109861448917292,0.5391987554230997,0.18289256810937934,0.00040315032059101696,0.09900914045150509,0.002650092794025521,10
Ireland,2020-11-27,0.7298394579037595,1.1159059770484898,0.33794553370240754,0.9166372175590065,0.5419147808715377,0.18289256810937934,0.00040315032059101696,0.09900914045150509,0.002650092794025521,10
Ireland,2020-11-28,0.754578694061592,1.1448424301434246,0.3630890784083636,0.9383688098884624,0.5691780533471368,0.18289256810937934,0.00040315032059101696,0.09900914045150509,0.002650092794025521,10
Ireland,2020-11-29,0.7838703404376359,1.174712423996835,0.38608298142030895,0.9696335618169343,0.5972607443911814,0.18289256810937934,0.00040315032059101696,0.09900914045150509,0.002650092794025521,10
Ireland,2020-11-30,0.8016726547033673,1.1946970140937412,0.40879309143355247,0.987946585574006,0.614500405967292,0.18289256810937934,0.00040315032059101696,0.09900914045150509,0.002650092794025521,10
Ireland,2020-12-01,0.8112077858069512,1.206623079198914,0.41403230098121124,0.9979536337089242,0.6229645018990446,0.18289256810937934,0.00040315032059101696,0.09900914045150509,0.002650092794025521,10
Ireland,2020-12-02,0.8251856540066311,1.225880469668569,0.43393493717272424,1.0126551377546218,0.6385349901675768,0.18289256810937934,0.00040315032059101696,0.09900914045150509,0.002650092794025521,10
Ireland,2020-12-03,0.8409913550572075,1.236507411990316,0.44556651701858807,1.0286657577768468,0.6531121618893825,0.18289256810937934,0.00040315032059101696,0.09900914045150509,0.002650092794025521,10
Ireland,2020-12-04,0.8879488423026876,1.2834867283161757,0.498095466689341,1.075083919415437,0.7008045721375975,0.18289256810937934,0.00040315032059101696,0.09900914045150509,0.002650092794025521,10
Ireland,2020-12-05,0.9376007451984636,1.328268957781348,0.5441541576279388,1.1245725395079327,0.7511864861462485,0.18289256810937934,0.00040315032059101696,0.09900914045150509,0.002650092794025521,10
Ireland,2020-12-06,0.9298160605441127,1.319275908819019,0.5343903854417984,1.1163040813384788,0.7456066902882243,0.18289256810937934,0.00040315032059101696,0.09900914045150509,0.002650092794025521,10
Ireland,2020-12-07,0.9186947610843537,1.308639735410654,0.521601322109408,1.1067975502200127,0.7320120745645251,0.18289256810937934,0.00040315032059101696,0.09900914045150509,0.002650092794025521,10
Ireland,2020-12-08,0.9282974690341094,1.3197057284084248,0.5312475251044149,1.115039724092402,0.7411615075093577,0.18289256810937934,0.00040315032059101696,0.09900914045150509,0.002650092794025521,10
Ireland,2020-12-09,0.9584961164924638,1.345999757532236,0.5567486388571647,1.1475872524222173,0.7689920983075452,0.18289256810937934,0.00040315032059101696,0.09900914045150509,0.002650092794025521,10
Ireland,2020-12-10,1.0117342685676838,1.4005436807970506,0.6093017524884012,1.2001948816057586,0.8266826830013138,0.18289256810937934,0.00040315032059101696,0.09900914045150509,0.002650092794025521,10
Ireland,2020-12-11,1.0607053972957374,1.4505018205344236,0.6624312592870238,1.2480494313499106,0.8734463920848775,0.18289256810937934,0.00040315032059101696,0.09900914045150509,0.002650092794025521,10
Ireland,2020-12-12,1.1075987685479516,1.4997761426307883,0.7154529842832524,1.2956200794301642,0.918669142286383,0.18289256810937934,0.00040315032059101696,0.09900914045150509,0.002650092794025521,10
Ireland,2020-12-13,1.1799689000889968,1.5676840985171068,0.7892313951207317,1.366158088418921,0.9932603493840512,0.18289256810937934,0.00040315032059101696,0.09900914045150509,0.002650092794025521,10
Ireland,2020-12-14,1.2189174414350417,1.6084366494175606,0.8213666595465361,1.405639451975102,1.0318421441044967,0.18289256810937934,0.00040315032059101696,0.09900914045150509,0.002650092794025521,10
Ireland,2020-12-15,1.2924991427237855,1.6787472963815162,0.8995074965926021,1.4773862499116681,1.1061373968105443,0.18289256810937934,0.00040315032059101696,0.09900914045150509,0.002650092794025521,10
Ireland,2020-12-16,1.3850524029000422,1.7769415901066663,0.9895513882787171,1.5698606987812505,1.1984188160230458,0.18289256810937934,0.00040315032059101696,0.09900914045150509,0.002650092794025521,10
Ireland,2020-12-17,1.4748478333835708,1.8654396774422377,1.083166236004848,1.658999944573606,1.2893083761294366,0.18289256810937934,0.00040315032059101696,0.09900914045150509,0.002650092794025521,10
Ireland,2020-12-18,1.5592213296298691,1.9473017872809009,1.1703600746343361,1.7448964705140564,1.3753665185531274,0.18289256810937934,0.00040315032059101696,0.09900914045150509,0.002650092794025521,10
Ireland,2020-12-19,1.6236927100707588,2.0179211959472227,1.2306714205527347,1.8095865371914712,1.4368154594672893,0.18289256810937934,0.00040315032059101696,0.09900914045150509,0.002650092794025521,10
Ireland,2020-12-20,1.7058987534155918,2.1058644206696435,1.31712747635109,1.8936934612464102,1.5175442790587292,0.18289256810937934,0.00040315032059101696,0.09900914045150509,0.002650092794025521,10
Ireland,2020-12-21,1.7502540015374626,2.1512455708056946,1.3585311410484082,1.9370652062727864,1.5638561248554048,0.18289256810937934,0.00040315032059101696,0.09900914045150509,0.002650092794025521,10
Ireland,2020-12-22,1.7941985572026444,2.1929263835031425,1.3951653232057146,1.9803343885395432,1.6073041300344668,0.18289256810937934,0.00040315032059101696,0.09900914045150509,0.002650092794025521,10
Ireland,2020-12-23,1.8024449059272931,2.2032162162968714,1.4079158651812698,1.990086256251439,1.6160633845786398,0.18289256810937934,0.00040315032059101696,0.09900914045150509,0.002650092794025521,10
Ireland,2020-12-24,1.801858239844587,2.1980865040892352,1.4012576860068102,1.9870656641248967,1.6163453062429234,0.18289256810937934,0.00040315032059101696,0.09900914045150509,0.002650092794025521,10
Ireland,2020-12-25,1.8092652309145176,2.2047710255089745,1.410306954109387,1.995741740644971,1.623550496826069,0.18289256810937934,0.00040315032059101696,0.09900914045150509,0.002650092794025521,10
Ireland,2020-12-26,1.821162482443559,2.2156345482651707,1.4302307928215847,2.008820773877428,1.6355426346347224,0.18289256810937934,0.00040315032059101696,0.09900914045150509,0.002650092794025521,10
Ireland,2020-12-27,1.8054334647545844,2.1997572799356693,1.4044438595956228,1.9958021337470915,1.6148164887463132,0.18289256810937934,0.00040315032059101696,0.09900914045150509,0.002650092794025521,10
Ireland,2020-12-28,1.8627781436851956,2.261866056852094,1.4584227340961557,2.0540957495513976,1.6731125453882159,0.18289256810937934,0.00040315032059101696,0.09900914045150509,0.002650092794025521,10
Ireland,2020-12-29,1.9937777087932296,2.3816113549751123,1.597291812828076,2.178583485421474,1.8089370966001392,0.18289256810937934,0.00040315032059101696,0.09900914045150509,0.002650092794025521,10
Ireland,2020-12-30,2.103592236291016,2.495995917729384,1.7087740543203336,2.290024601002126,1.9185708452830712,0.18289256810937934,0.00040315032059101696,0.09900914045150509,0.002650092794025521,10
Ireland,2020-12-31,2.205823936413637,2.607896012628169,1.8096052416594444,2.3962484218158746,2.017199020372918,0.18289256810937934,0.00040315032059101696,0.09900914045150509,0.002650092794025521,10
Ireland,2021-01-01,2.3397809898097854,2.750695850204158,1.9354863125720978,2.531946786230088,2.147722799832661,0.18289256810937934,0.00040315032059101696,0.09900914045150509,0.002650092794025521,10
Ireland,2021-01-02,2.52724444486503,2.9669734053052466,2.1096990050611923,2.7302878767083056,2.3221362738325073,0.18289256810937934,0.00040315032059101696,0.09900914045150509,0.002650092794025521,10
Ireland,2021-01-03,2.6422022237204343,3.1144358105885317,2.195322306638497,2.857253963762551,2.4260647176892087,0.18289256810937934,0.00040315032059101696,0.09900914045150509,0.002650092794025521,10
Ireland,2021-01-04,2.6351960920164332,3.107784160023575,2.186735943124035,2.850192479875079,2.4164896634930906,0.18289256810937934,0.00040315032059101696,0.09900914045150509,0.002650092794025521,10
Ireland,2021-01-05,2.523569473805061,2.978420100042233,2.0948840478533786,2.7327587639969937,2.3131187252475724,0.18289256810937934,0.00040315032059101696,0.09900914045150509,0.002650092794025521,10
Ireland,2021-01-06,2.4115663329848283,2.851452259892347,1.9948723333739464,2.6150773086080816,2.207328027286299,0.18289256810937934,0.00040315032059101696,0.09900914045150509,0.002650092794025521,10
Ireland,2021-01-07,2.218999689000298,2.6366339796760245,1.8123432393517365,2.4126462092507204,2.0241320780056316,0.18289256810937934,0.00040315032059101696,0.09900914045150509,0.002650092794025521,10
Ireland,2021-01-08,2.0308027901513572,2.4370941312360497,1.6344966345574738,2.2208984106302467,1.8379501796297397,0.18289256810937934,0.00040315032059101696,0.09900914045150509,0.002650092794025521,10
Ireland,2021-01-09,1.7996272299645346,2.1910518433921156,1.4054656103189858,1.9867764438901125,1.6138164515001678,0.18289256810937934,0.00040315032059101696,0.09900914045150509,0.002650092794025521,10
Ireland,2021-01-10,1.6179479673749522,2.0092310635774493,1.2232557461622575,1.8055036484572482,1.4311220895201797,0.18289256810937934,0.00040315032059101696,0.09900914045150509,0.002650092794025521,10
Ireland,2021-01-11,1.4239582322898132,1.8136765520745732,1.022624827672902,1.6133845074472881,1.234542785863085,0.18289256810937934,0.00040315032059101696,0.09900914045150509,0.002650092794025521,10
Ireland,2021-01-12,1.255030462459919,1.6502662070789778,0.8426762300487305,1.4455210302365042,1.0632193026133276,0.18289256810937934,0.00040315032059101696,0.09900914045150509,0.002650092794025521,10
Ireland,2021-01-13,1.1379306891973235,1.5359714985250894,0.7262846084998259,1.330956912947376,0.946333151247799,0.18289256810937934,0.00040315032059101696,0.09900914045150509,0.002650092794025521,10
Ireland,2021-01-14,1.0463921886891265,1.4396262937499864,0.6407402911209202,1.2351282185744095,0.8578549489581873,0.18289256810937934,0.00040315032059101696,0.09900914045150509,0.002650092794025521,10
Ireland,2021-01-15,0.9645454285476248,1.3628247934159854,0.5572323255730238,1.154429191460138,0.7753219129005744,0.18289256810937934,0.00040315032059101696,0.09900914045150509,0.002650092794025521,10
Ireland,2021-01-16,0.8907139267916909,1.2917936112281982,0.4825385089397445,1.0821222677700877,0.702761888966745,0.18289256810937934,0.00040315032059101696,0.09900914045150509,0.002650092794025521,10
Ireland,2021-01-17,0.8247101506161583,1.2212189735709107,0.4220322755265218,1.0143597384302179,0.6363456625812661,0.18289256810937934,0.00040315032059101696,0.09900914045150509,0.002650092794025521,10
Ireland,2021-01-18,0.7658091316623812,1.1612414799258843,0.36113319299465185,0.9570623013965789,0.5761673944462106,0.18289256810937934,0.00040315032059101696,0.09900914045150509,0.002650092794025521,10
Ireland,2021-01-19,0.7266975617549867,1.122920136293168,0.3289290444629335,0.9171253811923725,0.5370574418708459,0.18289256810937934,0.00040315032059101696,0.09900914045150509,0.002650092794025521,10
Ireland,2021-01-20,0.7051146483939125,1.0981226429499458,0.30728831090713826,0.8952801092542398,0.5154207047749817,0.18289256810937934,0.00040315032059101696,0.09900914045150509,0.002650092794025521,10
Ireland,2021-01-21,0.6814738757090539,1.0730873050853997,0.2791306394927954,0.8696968883164282,0.49345561093498747,0.18289256810937934,0.00040315032059101696,0.09900914045150509,0.002650092794025521,10
Ireland,2021-01-22,0.6509476885381626,1.0414474813560342,0.2447159590952086,0.8373268665589235,0.4630243911901999,0.18289256810937934,0.00040315032059101696,0.09900914045150509,0.002650092794025521,10
Ireland,2021-01-23,0.6134956450115214,1.0082781233108238,0.21399192190052618,0.8012569117608455,0.4245372000671923,0.18289256810937934,0.00040315032059101696,0.09900914045150509,0.002650092794025521,10
Ireland,2021-01-24,0.5791590358634363,0.976222796366934,0.18580554601295907,0.7677020247138513,0.3899540429429632,0.18289256810937934,0.00040315032059101696,0.09900914045150509,0.002650092794025521,10
Ireland,2021-01-25,0.5548217954961521,0.9572826540319413,0.16034838271916885,0.7455637006861586,0.36635462333876745,0.18289256810937934,0.00040315032059101696,0.09900914045150509,0.002650092794025521,10
Ireland,2021-01-26,0.5402117099842089,0.93729427140732,0.1421273548630826,0.7301555471866176,0.353286058442114,0.18289256810937934,0.00040315032059101696,0.09900914045150509,0.002650092794025521,10
Ireland,2021-01-27,0.5442866173652485,0.9403302387851701,0.1429637935691377,0.7307556625476583,0.3583360552932977,0.18289256810937934,0.00040315032059101696,0.09900914045150509,0.002650092794025521,10
Ireland,2021-01-28,0.5509022495571501,0.9445001409490991,0.1582325560019131,0.7354737865463437,0.36628731710879614,0.18289256810937934,0.00040315032059101696,0.09900914045150509,0.002650092794025521,10
Ireland,2021-01-29,0.5528478563419237,0.9423289041592491,0.16510195401678063,0.7362258013935576,0.3696875375076928,0.18289256810937934,0.00040315032059101696,0.09900914045150509,0.002650092794025521,10
Ireland,2021-01-30,0.5584566236367483,0.9485511597478568,0.16606863791575077,0.7445079155043364,0.37441057312238135,0.18289256810937934,0.00040315032059101696,0.09900914045150509,0.002650092794025521,10
Ireland,2021-01-31,0.5585021120580882,0.9548631135583965,0.15958816539215903,0.7466494606171319,0.37322872490036807,0.18289256810937934,0.00040315032059101696,0.09900914045150509,0.002650092794025521,10
Ireland,2021-02-01,0.5528950436463225,0.9424340757275038,0.15491134759730885,0.7402570224410521,0.3691049614883505,0.18289256810937934,0.00040315032059101696,0.09900914045150509,0.002650092794025521,10
Ireland,2021-02-02,0.5545522627278745,0.9430400905014491,0.1600915007726914,0.7418175011584109,0.36812035497482243,0.18289256810937934,0.00040315032059101696,0.09900914045150509,0.002650092794025521,10
Ireland,2021-02-03,0.5674482947343025,0.963581998339343,0.17166556278391332,0.75391184585755,0.3815766690210065,0.18289256810937934,0.00040315032059101696,0.09900914045150509,0.002650092794025521,10
Ireland,2021-02-04,0.5822196610782822,0.9766503846306213,0.19265034626046373,0.7687114129888772,0.39467406501209656,0.18289256810937934,0.00040315032059101696,0.09900914045150509,0.002650092794025521,10
Ireland,2021-02-05,0.5824769839748714,0.9777217282360032,0.18823387786253398,0.7695393253581393,0.3955630828419785,0.18289256810937934,0.00040315032059101696,0.09900914045150509,0.002650092794025521,10
Ireland,2021-02-06,0.5811754323735383,0.9769426340134046,0.18492306695251992,0.7690300526156277,0.3930280413141881,0.18289256810937934,0.00040315032059101696,0.09900914045150509,0.002650092794025521,10
Ireland,2021-02-07,0.588827468257757,0.9898489745385718,0.18936425036241777,0.7778396358728534,0.3994305729372951,0.18289256810937934,0.00040315032059101696,0.09900914045150509,0.002650092794025521,10
Ireland,2021-02-08,0.5916682672927678,0.9971000209608711,0.1879820022822244,0.7827548511951564,0.4017587740720603,0.18289256810937934,0.00040315032059101696,0.09900914045150509,0.002650092794025521,10
Ireland,2021-02-09,0.6011550318207626,1.0084525877863673,0.19451852044571116,0.793151837711291,0.4063138998347864,0.18289256810937934,0.00040315032059101696,0.09900914045150509,0.002650092794025521,10
Ireland,2021-02-10,0.6307042966000556,1.0440416063773743,0.22529988370388088,0.8240637053104538,0.4352813949544788,0.18289256810937934,0.00040315032059101696,0.09900914045150509,0.002650092794025521,10
Ireland,2021-02-11,0.6503355425147036,1.0720368701107568,0.24270133618257617,0.8475148476185069,0.4518353172901668,0.18289256810937934,0.00040315032059101696,0.09900914045150509,0.002650092794025521,10
Ireland,2021-02-12,0.6708695784427617,1.1073303039049427,0.23864172009127804,0.881750570106905,0.46134685269650766,0.18289256810937934,0.00040315032059101696,0.09900914045150509,0.002650092794025521,10
Ireland,2021-02-13,0.68501144253087,1.15027656562897,0.22375051800915724,0.9071022535182806,0.4634277299570341,0.18289256810937934,0.00040315032059101696,0.09900914045150509,0.002650092794025521,10
Ireland,2021-02-14,0.6804384684654665,1.2088490087005312,0.16286588089582066,0.9280102639842498,0.4326804651147518,0.18289256810937934,0.00040315032059101696,0.09900914045150509,0.002650092794025521,10
Israel,2020-03-14,3.1158306406086953,3.6112366334103383,2.6157859163388277,3.3541177804744096,2.8782432360732213,0.14668846345885317,0.00024238217267003037,0.07782764806832826,0.0026873193109743726,10
Israel,2020-03-15,3.1765691332475585,3.623918221168835,2.72585065874318,3.390563825218507,2.9615666907019143,0.14668846345885317,0.00024238217267003037,0.07782764806832826,0.0026873193109743726,10
Israel,2020-03-16,3.2459324298900887,3.6661863038970686,2.8183782934103303,3.448026859525892,3.043666124266166,0.14668846345885317,0.00024238217267003037,0.07782764806832826,0.0026873193109743726,10
Israel,2020-03-17,3.1938466227523747,3.5922607402008433,2.78814054266973,3.386978644205933,3.0027125007835287,0.14668846345885317,0.00024238217267003037,0.07782764806832826,0.0026873193109743726,10
Israel,2020-03-18,3.227337798733456,3.627681851127086,2.8322798367885493,3.4156802318074715,3.0384392376617,0.14668846345885317,0.00024238217267003037,0.07782764806832826,0.0026873193109743726,10
Israel,2020-03-19,3.259961269955455,3.659535677773568,2.864355258655273,3.447649720728048,3.0708655613055185,0.14668846345885317,0.00024238217267003037,0.07782764806832826,0.0026873193109743726,10
Israel,2020-03-20,3.5080086758093225,3.99960312365061,3.0571629424162072,3.728853199017341,3.2842726498803527,0.14668846345885317,0.00024238217267003037,0.07782764806832826,0.0026873193109743726,10
Israel,2020-03-21,3.3427559452972386,3.7932750619811975,2.9195429002768982,3.547961223830449,3.135297191553318,0.14668846345885317,0.00024238217267003037,0.07782764806832826,0.0026873193109743726,10
Israel,2020-03-22,3.098948082526001,3.512450687289234,2.7038215386273707,3.2907174956446568,2.9081114688403362,0.14668846345885317,0.00024238217267003037,0.07782764806832826,0.0026873193109743726,10
Israel,2020-03-23,2.8151025842494857,3.1975276189171162,2.4329875481175454,2.9997234373834667,2.630256511693654,0.14668846345885317,0.00024238217267003037,0.07782764806832826,0.0026873193109743726,10
Israel,2020-03-24,2.5918645736572437,2.9763754519899184,2.1985856569628677,2.7790563104368173,2.4061575093111767,0.14668846345885317,0.00024238217267003037,0.07782764806832826,0.0026873193109743726,10
Israel,2020-03-25,2.482115867844516,2.8786638258447255,2.0757888805996725,2.673060715915021,2.291540718647851,0.14668846345885317,0.00024238217267003037,0.07782764806832826,0.0026873193109743726,10
Israel,2020-03-26,2.3737047284901127,2.7604213892542777,1.9774623962566291,2.5593672511841232,2.1879800133187017,0.14668846345885317,0.00024238217267003037,0.07782764806832826,0.0026873193109743726,10
Israel,2020-03-27,2.2405576047628353,2.62286796511994,1.8515129286243504,2.422419337463964,2.0592005941993525,0.14668846345885317,0.00024238217267003037,0.07782764806832826,0.0026873193109743726,10
Israel,2020-03-28,2.133363830184441,2.511699945862714,1.7503202111151857,2.314185542992244,1.953590139947151,0.14668846345885317,0.00024238217267003037,0.07782764806832826,0.0026873193109743726,10
Israel,2020-03-29,2.040490135221825,2.4174370843173545,1.659312657269374,2.2193799800901033,1.862322959655767,0.14668846345885317,0.00024238217267003037,0.07782764806832826,0.0026873193109743726,10
Israel,2020-03-30,1.9525006847569344,2.325954071338882,1.5760644488808988,2.129468464699561,1.7748954548423566,0.14668846345885317,0.00024238217267003037,0.07782764806832826,0.0026873193109743726,10
Israel,2020-03-31,1.875151868321195,2.25006367064202,1.5036676453677082,2.0510004418936516,1.6987428823117177,0.14668846345885317,0.00024238217267003037,0.07782764806832826,0.0026873193109743726,10
Israel,2020-04-01,1.763207113212529,2.1375390693399443,1.3862309059098727,1.9409016614086765,1.5856855267637027,0.14668846345885317,0.00024238217267003037,0.07782764806832826,0.0026873193109743726,10
Israel,2020-04-02,1.6418975463193495,2.015108853621707,1.2691219382387375,1.8186007957981842,1.4639878089932141,0.14668846345885317,0.00024238217267003037,0.07782764806832826,0.0026873193109743726,10
Israel,2020-04-03,1.5067830792515222,1.8846216717555015,1.1273746866657575,1.6837647853929179,1.3298245478416386,0.14668846345885317,0.00024238217267003037,0.07782764806832826,0.0026873193109743726,10
Israel,2020-04-04,1.3807646484072065,1.752570530641683,0.9967646751756907,1.5596305001074966,1.2035843667215855,0.14668846345885317,0.00024238217267003037,0.07782764806832826,0.0026873193109743726,10
Israel,2020-04-05,1.285014883133023,1.663510289875791,0.9032868493161726,1.4638230817288662,1.1074392348711903,0.14668846345885317,0.00024238217267003037,0.07782764806832826,0.0026873193109743726,10
Israel,2020-04-06,1.1863847282417823,1.5580857429233212,0.7965376818607779,1.3654324365454418,1.0077237571022346,0.14668846345885317,0.00024238217267003037,0.07782764806832826,0.0026873193109743726,10
Israel,2020-04-07,1.1028178282240182,1.4819387534330308,0.7148044971054801,1.283239399441345,0.921337095697461,0.14668846345885317,0.00024238217267003037,0.07782764806832826,0.0026873193109743726,10
Israel,2020-04-08,1.0420567728385852,1.4242450134217834,0.6552208477639945,1.2218723389109054,0.8606475924534694,0.14668846345885317,0.00024238217267003037,0.07782764806832826,0.0026873193109743726,10
Israel,2020-04-09,1.0012805858710279,1.3754781117011505,0.6148065214154467,1.1801158626653248,0.821591335520935,0.14668846345885317,0.00024238217267003037,0.07782764806832826,0.0026873193109743726,10
Israel,2020-04-10,0.9753889129273372,1.351785093591286,0.5919481170867036,1.1555942585916918,0.7945971164637471,0.14668846345885317,0.00024238217267003037,0.07782764806832826,0.0026873193109743726,10
Israel,2020-04-11,0.9630698484612209,1.3329324907525355,0.5842490089846855,1.142470533507424,0.7833053030733694,0.14668846345885317,0.00024238217267003037,0.07782764806832826,0.0026873193109743726,10
Israel,2020-04-12,0.9599869310882811,1.3347704524144453,0.5803020011512791,1.1375883427049396,0.7813785236954081,0.14668846345885317,0.00024238217267003037,0.07782764806832826,0.0026873193109743726,10
Israel,2020-04-13,0.9272833972484589,1.3081630275691742,0.5478055103195218,1.1048869077050651,0.748726682740728,0.14668846345885317,0.00024238217267003037,0.07782764806832826,0.0026873193109743726,10
Israel,2020-04-14,0.8894794258088429,1.2668618547474102,0.5104716732733295,1.0692905127649968,0.7117975966224721,0.14668846345885317,0.00024238217267003037,0.07782764806832826,0.0026873193109743726,10
Israel,2020-04-15,0.8480666489501963,1.2249532690305474,0.4690437746931465,1.02426261098047,0.6705924327557856,0.14668846345885317,0.00024238217267003037,0.07782764806832826,0.0026873193109743726,10
Israel,2020-04-16,0.8152790888524565,1.1905797465819028,0.43365442932537535,0.9933482087095122,0.6388344709936871,0.14668846345885317,0.00024238217267003037,0.07782764806832826,0.0026873193109743726,10
Israel,2020-04-17,0.7889344150037837,1.160032224925458,0.41285696219226664,0.9646762188961256,0.6118461492972447,0.14668846345885317,0.00024238217267003037,0.07782764806832826,0.0026873193109743726,10
Israel,2020-04-18,0.7677148138314692,1.1408065878878157,0.39638058915103314,0.945096372881,0.5891147623852542,0.14668846345885317,0.00024238217267003037,0.07782764806832826,0.0026873193109743726,10
Israel,2020-04-19,0.7466212031832089,1.1135748993731953,0.3784532360655394,0.9247058941926722,0.5680237840452664,0.14668846345885317,0.00024238217267003037,0.07782764806832826,0.0026873193109743726,10
Israel,2020-04-20,0.7267916624373307,1.0999540540840809,0.3562693796597456,0.9054922802773638,0.5468527526390912,0.14668846345885317,0.00024238217267003037,0.07782764806832826,0.0026873193109743726,10
Israel,2020-04-21,0.7032003882205787,1.074179005360762,0.32812349782210637,0.8807094670908336,0.5255907722911862,0.14668846345885317,0.00024238217267003037,0.07782764806832826,0.0026873193109743726,10
Israel,2020-04-22,0.673995667783041,1.0458646526496562,0.30001756439358906,0.8523095702226039,0.4951638036906528,0.14668846345885317,0.00024238217267003037,0.07782764806832826,0.0026873193109743726,10
Israel,2020-04-23,0.648384708207538,1.0231294219541074,0.2760743182481066,0.8270387314251194,0.47176902266460863,0.14668846345885317,0.00024238217267003037,0.07782764806832826,0.0026873193109743726,10
Israel,2020-04-24,0.6104324982061149,0.9890449839225269,0.2335763918818914,0.7881061092342218,0.4331925995157193,0.14668846345885317,0.00024238217267003037,0.07782764806832826,0.0026873193109743726,10
Israel,2020-04-25,0.5621661982487278,0.9427705802411142,0.18525347084405341,0.7379942365809848,0.383813339308277,0.14668846345885317,0.00024238217267003037,0.07782764806832826,0.0026873193109743726,10
Israel,2020-04-26,0.5195546330458509,0.8957131530155304,0.13793425749026833,0.696831807922919,0.3398240784143831,0.14668846345885317,0.00024238217267003037,0.07782764806832826,0.0026873193109743726,10
Israel,2020-04-27,0.49625203152536546,0.8741050987515377,0.11733872244596322,0.6726813071102379,0.3180196917874627,0.14668846345885317,0.00024238217267003037,0.07782764806832826,0.0026873193109743726,10
Israel,2020-04-28,0.4775500748285707,0.8621631286137976,0.09821227441885161,0.6575210928070014,0.2977157171427077,0.14668846345885317,0.00024238217267003037,0.07782764806832826,0.0026873193109743726,10
Israel,2020-04-29,0.4525356405203045,0.834900998788037,0.07829817851167276,0.6335707371681145,0.2712573139220139,0.14668846345885317,0.00024238217267003037,0.07782764806832826,0.0026873193109743726,10
Israel,2020-04-30,0.4347234939377893,0.8156677455006516,0.05943949440691276,0.6149133152422445,0.2541192497598318,0.14668846345885317,0.00024238217267003037,0.07782764806832826,0.0026873193109743726,10
Israel,2020-05-01,0.4053865697668688,0.7833638262346919,0.0252899607482866,0.5831349568115064,0.22505430840746032,0.14668846345885317,0.00024238217267003037,0.07782764806832826,0.0026873193109743726,10
Israel,2020-05-02,0.37026547945261945,0.7446777921502603,0.0,0.5494721444815065,0.19026803483513177,0.14668846345885317,0.00024238217267003037,0.07782764806832826,0.0026873193109743726,10
Israel,2020-05-03,0.3424527712616223,0.715363230414082,0.0,0.5216618007365121,0.16459716986582484,0.14668846345885317,0.00024238217267003037,0.07782764806832826,0.0026873193109743726,10
Israel,2020-05-04,0.3282578846939035,0.7020811348983527,0.0,0.5076157130250971,0.14955348954713477,0.14668846345885317,0.00024238217267003037,0.07782764806832826,0.0026873193109743726,10
Israel,2020-05-05,0.3195518052953268,0.6965633315949067,0.0,0.4966094145716199,0.13967554469752996,0.14668846345885317,0.00024238217267003037,0.07782764806832826,0.0026873193109743726,10
Israel,2020-05-06,0.3191854972521192,0.6914856926343975,0.0,0.49707450605335546,0.13952921157422482,0.14668846345885317,0.00024238217267003037,0.07782764806832826,0.0026873193109743726,10
Israel,2020-05-07,0.3134808058105709,0.6871462703499703,0.0,0.4917202692236924,0.13566003909796642,0.14668846345885317,0.00024238217267003037,0.07782764806832826,0.0026873193109743726,10
Israel,2020-05-08,0.2997603905013132,0.6727671410839744,0.0,0.47759443055640294,0.12224610029217109,0.14668846345885317,0.00024238217267003037,0.07782764806832826,0.0026873193109743726,10
Israel,2020-05-09,0.2888994339346108,0.6592467914636082,0.0,0.46897327105542674,0.11129059786530959,0.14668846345885317,0.00024238217267003037,0.07782764806832826,0.0026873193109743726,10
Israel,2020-05-10,0.2912891182255939,0.6585976667941043,0.0,0.46918306111986485,0.11365257068918067,0.14668846345885317,0.00024238217267003037,0.07782764806832826,0.0026873193109743726,10
Israel,2020-05-11,0.2949953569367447,0.664810583503102,0.0,0.47370763454750453,0.1181960160666663,0.14668846345885317,0.00024238217267003037,0.07782764806832826,0.0026873193109743726,10
Israel,2020-05-12,0.29557125301172293,0.6735670320400555,0.0,0.47325639803582953,0.11735241371774108,0.14668846345885317,0.00024238217267003037,0.07782764806832826,0.0026873193109743726,10
Israel,2020-05-13,0.3001079344578246,0.674323508732934,0.0,0.47613500361157524,0.12209859708413517,0.14668846345885317,0.00024238217267003037,0.07782764806832826,0.0026873193109743726,10
Israel,2020-05-14,0.29530474003362106,0.6648267606266636,0.0,0.47347092269486557,0.11643090500577691,0.14668846345885317,0.00024238217267003037,0.07782764806832826,0.0026873193109743726,10
Israel,2020-05-15,0.29594842999497795,0.6687599751592616,0.0,0.47571912537333727,0.11546570999518257,0.14668846345885317,0.00024238217267003037,0.07782764806832826,0.0026873193109743726,10
Israel,2020-05-16,0.3072128835307778,0.6822168923099498,0.0,0.4866354836483704,0.12695220772463123,0.14668846345885317,0.00024238217267003037,0.07782764806832826,0.0026873193109743726,10
Israel,2020-05-17,0.3376166904077861,0.7142544666237065,0.0,0.5177586975413663,0.1574758991761538,0.14668846345885317,0.00024238217267003037,0.07782764806832826,0.0026873193109743726,10
Israel,2020-05-18,0.37601172677800054,0.7496251774874996,0.0,0.554670947345687,0.19655226278841065,0.14668846345885317,0.00024238217267003037,0.07782764806832826,0.0026873193109743726,10
Israel,2020-05-19,0.40942280079757865,0.7810916676454616,0.027223046693666264,0.5890396289987015,0.2302828364627425,0.14668846345885317,0.00024238217267003037,0.07782764806832826,0.0026873193109743726,10
Israel,2020-05-20,0.44573261566183875,0.8189327968465238,0.06002207869533438,0.6219058078990493,0.26733242105137756,0.14668846345885317,0.00024238217267003037,0.07782764806832826,0.0026873193109743726,10
Israel,2020-05-21,0.4951340216006649,0.8677665030540992,0.11026187881166538,0.6742140513560403,0.31357112458523206,0.14668846345885317,0.00024238217267003037,0.07782764806832826,0.0026873193109743726,10
Israel,2020-05-22,0.5564534450949445,0.9286719810626838,0.1674868741369263,0.7374683875868857,0.37476136191254783,0.14668846345885317,0.00024238217267003037,0.07782764806832826,0.0026873193109743726,10
Israel,2020-05-23,0.63017233022965,1.005298532873042,0.23956939705954394,0.8106325381831234,0.4503016117744598,0.14668846345885317,0.00024238217267003037,0.07782764806832826,0.0026873193109743726,10
Israel,2020-05-24,0.7420697681637368,1.1146485556281345,0.3546029270672926,0.9212567715337281,0.5639855784520378,0.14668846345885317,0.00024238217267003037,0.07782764806832826,0.0026873193109743726,10
Israel,2020-05-25,0.8868278705891188,1.2619007064333214,0.5002614067811535,1.06623371615828,0.7095542457733223,0.14668846345885317,0.00024238217267003037,0.07782764806832826,0.0026873193109743726,10
Israel,2020-05-26,1.0562381084595296,1.4231259712597988,0.6801470478817968,1.233285089011581,0.8805333023829187,0.14668846345885317,0.00024238217267003037,0.07782764806832826,0.0026873193109743726,10
Israel,2020-05-27,1.203409898326776,1.5824323476791633,0.825728797631994,1.3822658022979186,1.0271955344653174,0.14668846345885317,0.00024238217267003037,0.07782764806832826,0.0026873193109743726,10
Israel,2020-05-28,1.3611758051503355,1.7459493443356175,0.9853637728025232,1.5428461548713863,1.180718007080526,0.14668846345885317,0.00024238217267003037,0.07782764806832826,0.0026873193109743726,10
Israel,2020-05-29,1.4695411781031211,1.8683936851604201,1.0925748643956603,1.6536953496445308,1.2870919648986392,0.14668846345885317,0.00024238217267003037,0.07782764806832826,0.0026873193109743726,10
Israel,2020-05-30,1.4845348918536942,1.8650166166762245,1.1113270916635316,1.66383095787302,1.304197262015113,0.14668846345885317,0.00024238217267003037,0.07782764806832826,0.0026873193109743726,10
Israel,2020-05-31,1.5713656725901863,1.9609317490660234,1.195057452219622,1.7525459951289202,1.3899240980293222,0.14668846345885317,0.00024238217267003037,0.07782764806832826,0.0026873193109743726,10
Israel,2020-06-01,1.638661068766248,2.0279677967486274,1.2566015223331162,1.8206147376877482,1.4581092099194204,0.14668846345885317,0.00024238217267003037,0.07782764806832826,0.0026873193109743726,10
Israel,2020-06-02,1.6803925869870588,2.0634221946491884,1.2988137458737175,1.8626629353051503,1.498457336555141,0.14668846345885317,0.00024238217267003037,0.07782764806832826,0.0026873193109743726,10
Israel,2020-06-03,1.6871706568124765,2.0716310735733643,1.310791455076771,1.8685337294437203,1.5072187581223022,0.14668846345885317,0.00024238217267003037,0.07782764806832826,0.0026873193109743726,10
Israel,2020-06-04,1.7059135230163083,2.089472167738243,1.32823396886283,1.8861671190856177,1.5254345564591105,0.14668846345885317,0.00024238217267003037,0.07782764806832826,0.0026873193109743726,10
Israel,2020-06-05,1.689718517637112,2.0680113284784096,1.315884021348229,1.869726701809828,1.51065898504244,0.14668846345885317,0.00024238217267003037,0.07782764806832826,0.0026873193109743726,10
Israel,2020-06-06,1.6708445856143685,2.05041161031206,1.2950871556691492,1.8503751483977016,1.491150234388389,0.14668846345885317,0.00024238217267003037,0.07782764806832826,0.0026873193109743726,10
Israel,2020-06-07,1.704613289186122,2.082891209751115,1.3285725349099322,1.8833820759580748,1.5255912408556709,0.14668846345885317,0.00024238217267003037,0.07782764806832826,0.0026873193109743726,10
Israel,2020-06-08,1.7329695534443945,2.1201678723531723,1.3571611646497224,1.9126366059253272,1.5527497126752265,0.14668846345885317,0.00024238217267003037,0.07782764806832826,0.0026873193109743726,10
Israel,2020-06-09,1.735572101161631,2.1158042117931313,1.359461650545664,1.9148809472971426,1.5556499253994094,0.14668846345885317,0.00024238217267003037,0.07782764806832826,0.0026873193109743726,10
Israel,2020-06-10,1.7278247743886124,2.1120109925778365,1.3507893649446323,1.9087908954751616,1.5469593430782904,0.14668846345885317,0.00024238217267003037,0.07782764806832826,0.0026873193109743726,10
Israel,2020-06-11,1.6745924502334009,2.053780638854967,1.2969129466295986,1.8575230995802687,1.494701774910331,0.14668846345885317,0.00024238217267003037,0.07782764806832826,0.0026873193109743726,10
Israel,2020-06-12,1.622662671313887,1.9993806254560982,1.2401074840734165,1.8034578801827206,1.4434316775731746,0.14668846345885317,0.00024238217267003037,0.07782764806832826,0.0026873193109743726,10
Israel,2020-06-13,1.5800472491394104,1.951700877490904,1.1992605622355403,1.7594444878383615,1.3992367127915186,0.14668846345885317,0.00024238217267003037,0.07782764806832826,0.0026873193109743726,10
Israel,2020-06-14,1.5714441626556024,1.9465367398221116,1.1888789985759116,1.7526366880079516,1.391293486079152,0.14668846345885317,0.00024238217267003037,0.07782764806832826,0.0026873193109743726,10
Israel,2020-06-15,1.6038403236908745,1.9798749721363917,1.2273737623173688,1.7837524062855712,1.4219445528935437,0.14668846345885317,0.00024238217267003037,0.07782764806832826,0.0026873193109743726,10
Israel,2020-06-16,1.643535994905435,2.0238283266232115,1.2619161436475157,1.8221682631536469,1.4652425859085283,0.14668846345885317,0.00024238217267003037,0.07782764806832826,0.0026873193109743726,10
Israel,2020-06-17,1.6424952328317752,2.016556920602924,1.2620604591607631,1.821223286058802,1.4642717837109755,0.14668846345885317,0.00024238217267003037,0.07782764806832826,0.0026873193109743726,10
Israel,2020-06-18,1.6343892788280703,2.0078107037354447,1.2563419163825953,1.812235840809415,1.4562405868721475,0.14668846345885317,0.00024238217267003037,0.07782764806832826,0.0026873193109743726,10
Israel,2020-06-19,1.6125850740130878,1.9856088972471084,1.2357820133000705,1.791254048207123,1.4343889161392123,0.14668846345885317,0.00024238217267003037,0.07782764806832826,0.0026873193109743726,10
Israel,2020-06-20,1.5797019860102934,1.9568699415451403,1.1981821140533973,1.7584425856510442,1.3974099440986616,0.14668846345885317,0.00024238217267003037,0.07782764806832826,0.0026873193109743726,10
Israel,2020-06-21,1.605877574128736,1.9770338497013566,1.2207704668813022,1.784259006823338,1.4277625227114144,0.14668846345885317,0.00024238217267003037,0.07782764806832826,0.0026873193109743726,10
Israel,2020-06-22,1.6862094960403993,2.061188450203513,1.3100088017343414,1.8624571470481965,1.510022192040633,0.14668846345885317,0.00024238217267003037,0.07782764806832826,0.0026873193109743726,10
Israel,2020-06-23,1.7529658288988479,2.1340380213293737,1.3817830681905978,1.9293635251961105,1.5772658026355426,0.14668846345885317,0.00024238217267003037,0.07782764806832826,0.0026873193109743726,10
Israel,2020-06-24,1.7863127572406114,2.1676924238939446,1.4118360450072176,1.9643173157280038,1.6088932984417847,0.14668846345885317,0.00024238217267003037,0.07782764806832826,0.0026873193109743726,10
Israel,2020-06-25,1.7906378143740331,2.1715377799908793,1.4168492629171867,1.9693589374798814,1.6102596268700413,0.14668846345885317,0.00024238217267003037,0.07782764806832826,0.0026873193109743726,10
Israel,2020-06-26,1.7783676723871744,2.151559023023803,1.4001182351115857,1.9563412275061172,1.6010967036395733,0.14668846345885317,0.00024238217267003037,0.07782764806832826,0.0026873193109743726,10
Israel,2020-06-27,1.7764714956871015,2.1511928285207076,1.4062495723941375,1.9538467539494815,1.5975881711598738,0.14668846345885317,0.00024238217267003037,0.07782764806832826,0.0026873193109743726,10
Israel,2020-06-28,1.8064830701160761,2.180609136971736,1.4394643652974666,1.9842450312785933,1.6277869072731752,0.14668846345885317,0.00024238217267003037,0.07782764806832826,0.0026873193109743726,10
Israel,2020-06-29,1.8820536595183506,2.256883792621171,1.508537149925548,2.058956347369479,1.7043080376777606,0.14668846345885317,0.00024238217267003037,0.07782764806832826,0.0026873193109743726,10
Israel,2020-06-30,1.9179895323749143,2.2997748975300154,1.541272696121031,2.0963037664448443,1.7386384672074187,0.14668846345885317,0.00024238217267003037,0.07782764806832826,0.0026873193109743726,10
Israel,2020-07-01,1.9361431466411847,2.3205938126557815,1.5568949683991076,2.1156408998244087,1.755741343051854,0.14668846345885317,0.00024238217267003037,0.07782764806832826,0.0026873193109743726,10
Israel,2020-07-02,1.9144674781470115,2.297996894299473,1.5370286323296565,2.097524050137049,1.7322810611017423,0.14668846345885317,0.00024238217267003037,0.07782764806832826,0.0026873193109743726,10
Israel,2020-07-03,1.8504585533445563,2.231071516768157,1.4753561403013995,2.0295471737987167,1.6724162873028083,0.14668846345885317,0.00024238217267003037,0.07782764806832826,0.0026873193109743726,10
Israel,2020-07-04,1.7922280519098965,2.1699297437934435,1.4141696240234567,1.9696370397928478,1.6145147639268818,0.14668846345885317,0.00024238217267003037,0.07782764806832826,0.0026873193109743726,10
Israel,2020-07-05,1.7634559141622796,2.140720793261138,1.3875329664919671,1.9410283938570247,1.5864712519938613,0.14668846345885317,0.00024238217267003037,0.07782764806832826,0.0026873193109743726,10
Israel,2020-07-06,1.7605240705851977,2.1437758647185,1.382474171418512,1.9367841660519236,1.5840967353666624,0.14668846345885317,0.00024238217267003037,0.07782764806832826,0.0026873193109743726,10
Israel,2020-07-07,1.7525577999353272,2.134330680274174,1.3817412364775756,1.929774852350042,1.5745897173742738,0.14668846345885317,0.00024238217267003037,0.07782764806832826,0.0026873193109743726,10
Israel,2020-07-08,1.720545802114323,2.094668448335603,1.347343317655917,1.8988081340623917,1.5433274172249771,0.14668846345885317,0.00024238217267003037,0.07782764806832826,0.0026873193109743726,10
Israel,2020-07-09,1.683191774796136,2.067537628832566,1.30473391437426,1.8610786451272185,1.5055984500109498,0.14668846345885317,0.00024238217267003037,0.07782764806832826,0.0026873193109743726,10
Israel,2020-07-10,1.6291076643267477,2.0101376648856846,1.2527455372051186,1.806994393854352,1.4499252126114235,0.14668846345885317,0.00024238217267003037,0.07782764806832826,0.0026873193109743726,10
Israel,2020-07-11,1.575692615428744,1.9520357588137023,1.2026233043344452,1.7543726101051407,1.3968712308302893,0.14668846345885317,0.00024238217267003037,0.07782764806832826,0.0026873193109743726,10
Israel,2020-07-12,1.5460152780189862,1.9193343744259668,1.1648869845099092,1.7244388159725361,1.3671144533088175,0.14668846345885317,0.00024238217267003037,0.07782764806832826,0.0026873193109743726,10
Israel,2020-07-13,1.5361529230877196,1.9123686491774334,1.1632507547404054,1.7158598766733069,1.3581659284811027,0.14668846345885317,0.00024238217267003037,0.07782764806832826,0.0026873193109743726,10
Israel,2020-07-14,1.5092369193342345,1.890870448435673,1.1380502988395251,1.6876079646298394,1.3324739233530416,0.14668846345885317,0.00024238217267003037,0.07782764806832826,0.0026873193109743726,10
Israel,2020-07-15,1.4818236363480968,1.856924517575902,1.1113612927302041,1.6604596273986876,1.3031905425837111,0.14668846345885317,0.00024238217267003037,0.07782764806832826,0.0026873193109743726,10
Israel,2020-07-16,1.4381876537226437,1.815374264378656,1.0664747012205398,1.6156863521074811,1.2605800524802064,0.14668846345885317,0.00024238217267003037,0.07782764806832826,0.0026873193109743726,10
Israel,2020-07-17,1.3791456515948293,1.7538749410087235,1.0042550523726528,1.5604355189576782,1.1993830205993,0.14668846345885317,0.00024238217267003037,0.07782764806832826,0.0026873193109743726,10
Israel,2020-07-18,1.3275129234023528,1.7002839199940951,0.9517003092928119,1.5077810526799356,1.1469500385141576,0.14668846345885317,0.00024238217267003037,0.07782764806832826,0.0026873193109743726,10
Israel,2020-07-19,1.2915382821989523,1.664803242613764,0.9149012157848161,1.468632540664852,1.114798621919084,0.14668846345885317,0.00024238217267003037,0.07782764806832826,0.0026873193109743726,10
Israel,2020-07-20,1.2969655679790284,1.6669255195922599,0.9247511211350555,1.4725401322468066,1.1212225077161628,0.14668846345885317,0.00024238217267003037,0.07782764806832826,0.0026873193109743726,10
Israel,2020-07-21,1.2869118474665173,1.6642803956543917,0.9122873136263547,1.4626286596494145,1.108409835233346,0.14668846345885317,0.00024238217267003037,0.07782764806832826,0.0026873193109743726,10
Israel,2020-07-22,1.2637899985368355,1.6450547238668667,0.8904226886095664,1.4406638490006731,1.0843477122450285,0.14668846345885317,0.00024238217267003037,0.07782764806832826,0.0026873193109743726,10
Israel,2020-07-23,1.2251517949869217,1.6002973056060155,0.851585141737434,1.4046440694919724,1.0477341195147616,0.14668846345885317,0.00024238217267003037,0.07782764806832826,0.0026873193109743726,10
Israel,2020-07-24,1.1756937054834227,1.5544142692278635,0.7952425958840468,1.352433752788116,0.9980706572102138,0.14668846345885317,0.00024238217267003037,0.07782764806832826,0.0026873193109743726,10
Israel,2020-07-25,1.123547716014597,1.5029177541961618,0.746814851517715,1.3002789430426764,0.9440126635505326,0.14668846345885317,0.00024238217267003037,0.07782764806832826,0.0026873193109743726,10
Israel,2020-07-26,1.1034338976117724,1.4805164846692433,0.7259554256121479,1.280243125330394,0.9247489293765554,0.14668846345885317,0.00024238217267003037,0.07782764806832826,0.0026873193109743726,10
Israel,2020-07-27,1.1167390305522844,1.4949760996698251,0.7384211549795028,1.2927388563888031,0.939453011444314,0.14668846345885317,0.00024238217267003037,0.07782764806832826,0.0026873193109743726,10
Israel,2020-07-28,1.1052085366408964,1.479590358654841,0.7290549729626611,1.2817653346138598,0.9278277622872904,0.14668846345885317,0.00024238217267003037,0.07782764806832826,0.0026873193109743726,10
Israel,2020-07-29,1.0732201967037742,1.4502527261082387,0.6992690722462125,1.2512305410111773,0.8955348432609345,0.14668846345885317,0.00024238217267003037,0.07782764806832826,0.0026873193109743726,10
Israel,2020-07-30,1.0292795194974487,1.4031735936698766,0.656303238073262,1.2055639378185221,0.8525623152979994,0.14668846345885317,0.00024238217267003037,0.07782764806832826,0.0026873193109743726,10
Israel,2020-07-31,0.9783800707086777,1.3540094704627559,0.6034312267967894,1.156232277858209,0.8007833644421616,0.14668846345885317,0.00024238217267003037,0.07782764806832826,0.0026873193109743726,10
Israel,2020-08-01,0.9391798590649949,1.3134758947416016,0.5562088384718171,1.118084354995012,0.7624607930243426,0.14668846345885317,0.00024238217267003037,0.07782764806832826,0.0026873193109743726,10
Israel,2020-08-02,0.942762240123998,1.3181187326273778,0.567011070546627,1.120654079476795,0.7637755563535292,0.14668846345885317,0.00024238217267003037,0.07782764806832826,0.0026873193109743726,10
Israel,2020-08-03,0.9814012856781854,1.3510300028253426,0.6060075199441687,1.1613908470803735,0.8036941155120783,0.14668846345885317,0.00024238217267003037,0.07782764806832826,0.0026873193109743726,10
Israel,2020-08-04,0.9979504264805826,1.3680316218502546,0.6239074503473708,1.1766003472763369,0.8182676982342172,0.14668846345885317,0.00024238217267003037,0.07782764806832826,0.0026873193109743726,10
Israel,2020-08-05,1.0008789642749147,1.3733226567798178,0.630050174095518,1.1790501726071336,0.821748762512076,0.14668846345885317,0.00024238217267003037,0.07782764806832826,0.0026873193109743726,10
Israel,2020-08-06,0.9939427828511451,1.3737044951429473,0.6138712426571473,1.174088421003777,0.81470445491046,0.14668846345885317,0.00024238217267003037,0.07782764806832826,0.0026873193109743726,10
Israel,2020-08-07,0.9779302899631145,1.3534401734507973,0.5982757419313706,1.156351658352024,0.7976697974867115,0.14668846345885317,0.00024238217267003037,0.07782764806832826,0.0026873193109743726,10
Israel,2020-08-08,0.948469790597388,1.321835765366968,0.5708839977180854,1.1276532054901467,0.7679027597512886,0.14668846345885317,0.00024238217267003037,0.07782764806832826,0.0026873193109743726,10
Israel,2020-08-09,0.9546752769169795,1.326529530583684,0.575851717410291,1.132882715556278,0.77646295599121,0.14668846345885317,0.00024238217267003037,0.07782764806832826,0.0026873193109743726,10
Israel,2020-08-10,0.9854794548637064,1.3624207610345216,0.6096827741488109,1.1623457036033868,0.8074793457829406,0.14668846345885317,0.00024238217267003037,0.07782764806832826,0.0026873193109743726,10
Israel,2020-08-11,1.0008635733177595,1.381351709765282,0.6300465772119972,1.179744721223182,0.8251777503879464,0.14668846345885317,0.00024238217267003037,0.07782764806832826,0.0026873193109743726,10
Israel,2020-08-12,0.995758657365066,1.3703479143777855,0.6251690842085785,1.1732454120905673,0.8181396098613261,0.14668846345885317,0.00024238217267003037,0.07782764806832826,0.0026873193109743726,10
Israel,2020-08-13,0.9844024165728855,1.3594632345177022,0.6077559961091151,1.1593338615158348,0.8083278258835983,0.14668846345885317,0.00024238217267003037,0.07782764806832826,0.0026873193109743726,10
Israel,2020-08-14,0.9630946362219845,1.330586033266676,0.5896280073544713,1.1403482761384285,0.7863849401808414,0.14668846345885317,0.00024238217267003037,0.07782764806832826,0.0026873193109743726,10
Israel,2020-08-15,0.944273067812189,1.3126170218945674,0.5676077284572942,1.1187091839493806,0.7712755854887956,0.14668846345885317,0.00024238217267003037,0.07782764806832826,0.0026873193109743726,10
Israel,2020-08-16,0.9620400651034867,1.3344370365002418,0.5869462033797822,1.137154975212635,0.7858974030841552,0.14668846345885317,0.00024238217267003037,0.07782764806832826,0.0026873193109743726,10
Israel,2020-08-17,0.9955184245030563,1.3676183368478319,0.6172271006722985,1.1696806703385634,0.8199349639876408,0.14668846345885317,0.00024238217267003037,0.07782764806832826,0.0026873193109743726,10
Israel,2020-08-18,1.0145231957820353,1.3915212618418438,0.641828002421725,1.1917571114907375,0.8394841334878382,0.14668846345885317,0.00024238217267003037,0.07782764806832826,0.0026873193109743726,10
Israel,2020-08-19,1.019853576605853,1.3928596461566927,0.6444635791411424,1.19751003992253,0.8424147929409322,0.14668846345885317,0.00024238217267003037,0.07782764806832826,0.0026873193109743726,10
Israel,2020-08-20,1.0161108407974118,1.388698472526461,0.6377848294117681,1.19565956411121,0.8384289828971,0.14668846345885317,0.00024238217267003037,0.07782764806832826,0.0026873193109743726,10
Israel,2020-08-21,1.013140911445239,1.3849837822638147,0.634263107499835,1.1916301798687725,0.8344913825520894,0.14668846345885317,0.00024238217267003037,0.07782764806832826,0.0026873193109743726,10
Israel,2020-08-22,1.007135461730289,1.376021975697913,0.6330289478719113,1.1869564809010331,0.8263864841367616,0.14668846345885317,0.00024238217267003037,0.07782764806832826,0.0026873193109743726,10
Israel,2020-08-23,1.0426451230304437,1.4121880303210141,0.6675272912567731,1.2200705267406602,0.8649436534666715,0.14668846345885317,0.00024238217267003037,0.07782764806832826,0.0026873193109743726,10
Israel,2020-08-24,1.1071698060563864,1.4800555679229226,0.736861529408267,1.2830372342200809,0.927699558923489,0.14668846345885317,0.00024238217267003037,0.07782764806832826,0.0026873193109743726,10
Israel,2020-08-25,1.1464060422963678,1.5207077888874296,0.7707246592123564,1.323242163533406,0.969686300219727,0.14668846345885317,0.00024238217267003037,0.07782764806832826,0.0026873193109743726,10
Israel,2020-08-26,1.1653905903576374,1.5438068942306975,0.7895438430323434,1.343007411966333,0.9859076256680533,0.14668846345885317,0.00024238217267003037,0.07782764806832826,0.0026873193109743726,10
Israel,2020-08-27,1.1731110546656527,1.548192107557113,0.7961871219502377,1.3499557064328578,0.9932736748588179,0.14668846345885317,0.00024238217267003037,0.07782764806832826,0.0026873193109743726,10
Israel,2020-08-28,1.1677206174174009,1.5385084275109573,0.787888409264475,1.345418791843474,0.9912845043548589,0.14668846345885317,0.00024238217267003037,0.07782764806832826,0.0026873193109743726,10
Israel,2020-08-29,1.1592929116163833,1.5311694523472628,0.7859412842768941,1.3384538301348559,0.9829770868187097,0.14668846345885317,0.00024238217267003037,0.07782764806832826,0.0026873193109743726,10
Israel,2020-08-30,1.196842661980389,1.5712312196447364,0.822319623767588,1.3736301641467,1.019044858972711,0.14668846345885317,0.00024238217267003037,0.07782764806832826,0.0026873193109743726,10
Israel,2020-08-31,1.269084415663582,1.6389798502506148,0.8962012719427476,1.4431066729809907,1.0937573031247538,0.14668846345885317,0.00024238217267003037,0.07782764806832826,0.0026873193109743726,10
Israel,2020-09-01,1.3265510686943678,1.7040936219288507,0.9585369151857084,1.5025422873884882,1.1491407557701367,0.14668846345885317,0.00024238217267003037,0.07782764806832826,0.0026873193109743726,10
Israel,2020-09-02,1.3745991646947278,1.7553683260164625,0.9989042589224211,1.5529404751776839,1.1961538901688376,0.14668846345885317,0.00024238217267003037,0.07782764806832826,0.0026873193109743726,10
Israel,2020-09-03,1.3768528420302082,1.7563161135894831,1.0020144855104418,1.5545978479933775,1.199164683434253,0.14668846345885317,0.00024238217267003037,0.07782764806832826,0.0026873193109743726,10
Israel,2020-09-04,1.3706536844496513,1.7483579881018767,0.9957177537951605,1.5490086103190812,1.1934440344609394,0.14668846345885317,0.00024238217267003037,0.07782764806832826,0.0026873193109743726,10
Israel,2020-09-05,1.362672621512146,1.7374380443949473,0.9897165991683216,1.5407466136212942,1.1851406064466465,0.14668846345885317,0.00024238217267003037,0.07782764806832826,0.0026873193109743726,10
Israel,2020-09-06,1.3988029502227646,1.7706985118650542,1.0233098917409456,1.5762426768992848,1.2216891661385865,0.14668846345885317,0.00024238217267003037,0.07782764806832826,0.0026873193109743726,10
Israel,2020-09-07,1.4535733665004842,1.8351093107341838,1.0739328811380497,1.6320733269669103,1.2738372605641495,0.14668846345885317,0.00024238217267003037,0.07782764806832826,0.0026873193109743726,10
Israel,2020-09-08,1.4861256833805903,1.8722645855839966,1.1090604326468017,1.6633964946337172,1.3081739028051893,0.14668846345885317,0.00024238217267003037,0.07782764806832826,0.0026873193109743726,10
Israel,2020-09-09,1.5027870516446273,1.884692803590189,1.1272778645186625,1.6816480171697707,1.3248066297157899,0.14668846345885317,0.00024238217267003037,0.07782764806832826,0.0026873193109743726,10
Israel,2020-09-10,1.4966874107978805,1.8733700586189543,1.1248073106601644,1.6731185212435054,1.3220153046238254,0.14668846345885317,0.00024238217267003037,0.07782764806832826,0.0026873193109743726,10
Israel,2020-09-11,1.4714511230039466,1.8544526241786734,1.0994751660088107,1.6474825481107311,1.2928889936795056,0.14668846345885317,0.00024238217267003037,0.07782764806832826,0.0026873193109743726,10
Israel,2020-09-12,1.4420623251045854,1.8267756108735673,1.0717165452530728,1.617779992656096,1.2651515878773674,0.14668846345885317,0.00024238217267003037,0.07782764806832826,0.0026873193109743726,10
Israel,2020-09-13,1.4463097615641254,1.8256928221079813,1.070604457829235,1.625152636837858,1.2681665667718305,0.14668846345885317,0.00024238217267003037,0.07782764806832826,0.0026873193109743726,10
Israel,2020-09-14,1.4733649806191824,1.8537672691052536,1.0939473951385794,1.6530031660284006,1.2948077754125353,0.14668846345885317,0.00024238217267003037,0.07782764806832826,0.0026873193109743726,10
Israel,2020-09-15,1.4773330027059963,1.8548313612232836,1.104685784342239,1.6552715312387152,1.2990455334026678,0.14668846345885317,0.00024238217267003037,0.07782764806832826,0.0026873193109743726,10
Israel,2020-09-16,1.4521563372674144,1.8280902062816917,1.0792590724377535,1.6294238939484544,1.2752170619997467,0.14668846345885317,0.00024238217267003037,0.07782764806832826,0.0026873193109743726,10
Israel,2020-09-17,1.428536018734424,1.80330983997743,1.0558007766221684,1.607285123292045,1.249782229788855,0.14668846345885317,0.00024238217267003037,0.07782764806832826,0.0026873193109743726,10
Israel,2020-09-18,1.3918068614558528,1.764433719179685,1.0187092227081478,1.5688243197634513,1.2140615564142336,0.14668846345885317,0.00024238217267003037,0.07782764806832826,0.0026873193109743726,10
Israel,2020-09-19,1.3437198069809808,1.7163739878235147,0.963619028652772,1.5214769967581452,1.167097774409389,0.14668846345885317,0.00024238217267003037,0.07782764806832826,0.0026873193109743726,10
Israel,2020-09-20,1.3236863619012356,1.6905554016614968,0.9472270904838187,1.5025874886208932,1.1461455859256813,0.14668846345885317,0.00024238217267003037,0.07782764806832826,0.0026873193109743726,10
Israel,2020-09-21,1.3522434026623678,1.7284399787369809,0.9795842232536139,1.531470547096799,1.1747919072371293,0.14668846345885317,0.00024238217267003037,0.07782764806832826,0.0026873193109743726,10
Israel,2020-09-22,1.4009580180977266,1.7793397401873339,1.0246645625978028,1.5806054318782268,1.2214156794821454,0.14668846345885317,0.00024238217267003037,0.07782764806832826,0.0026873193109743726,10
Israel,2020-09-23,1.4113229157347553,1.796361593823643,1.0364754107363132,1.5900077162900768,1.2302494919768472,0.14668846345885317,0.00024238217267003037,0.07782764806832826,0.0026873193109743726,10
Israel,2020-09-24,1.3930287320315864,1.7771625954525887,1.0156357292880345,1.5722792548482736,1.2133271844156759,0.14668846345885317,0.00024238217267003037,0.07782764806832826,0.0026873193109743726,10
Israel,2020-09-25,1.335279418199538,1.715340585585067,0.962884420201888,1.5149268054698983,1.1556223333149334,0.14668846345885317,0.00024238217267003037,0.07782764806832826,0.0026873193109743726,10
Israel,2020-09-26,1.2433660554524244,1.6198718253012407,0.8669634505382505,1.4228926901278864,1.0629200563785246,0.14668846345885317,0.00024238217267003037,0.07782764806832826,0.0026873193109743726,10
Israel,2020-09-27,1.1579704966304678,1.5306895399428586,0.7795057590434396,1.3368324656198038,0.9816124966320422,0.14668846345885317,0.00024238217267003037,0.07782764806832826,0.0026873193109743726,10
Israel,2020-09-28,1.1104098605081476,1.4818289634628703,0.7329844878340319,1.290310311313145,0.9338527212664536,0.14668846345885317,0.00024238217267003037,0.07782764806832826,0.0026873193109743726,10
Israel,2020-09-29,1.130414193177709,1.5049198164427033,0.7553537825253196,1.3099571217600285,0.9502492340064752,0.14668846345885317,0.00024238217267003037,0.07782764806832826,0.0026873193109743726,10
Israel,2020-09-30,1.1536400123962414,1.5325939958671218,0.7820473414799641,1.3345144741286226,0.9722111736301242,0.14668846345885317,0.00024238217267003037,0.07782764806832826,0.0026873193109743726,10
Israel,2020-10-01,1.1153878320416029,1.4969012536392436,0.7450134838502049,1.2941693960456417,0.9370787621417439,0.14668846345885317,0.00024238217267003037,0.07782764806832826,0.0026873193109743726,10
Israel,2020-10-02,1.0481963868720598,1.4211007096752397,0.6764962695603132,1.2275540154389744,0.868552815142263,0.14668846345885317,0.00024238217267003037,0.07782764806832826,0.0026873193109743726,10
Israel,2020-10-03,0.9571803595165251,1.3297336482523532,0.582870529447115,1.1352013411368604,0.7782553445772008,0.14668846345885317,0.00024238217267003037,0.07782764806832826,0.0026873193109743726,10
Israel,2020-10-04,0.9052894420454274,1.2793146897175873,0.5287629593106722,1.0834785381131944,0.7259279033079022,0.14668846345885317,0.00024238217267003037,0.07782764806832826,0.0026873193109743726,10
Israel,2020-10-05,0.8811319797326354,1.2562896342300183,0.5038689161877319,1.0592281080490253,0.7031128574426464,0.14668846345885317,0.00024238217267003037,0.07782764806832826,0.0026873193109743726,10
Israel,2020-10-06,0.8350687297042487,1.2091740161886502,0.45922573312036086,1.0135866123175417,0.65705158641297,0.14668846345885317,0.00024238217267003037,0.07782764806832826,0.0026873193109743726,10
Israel,2020-10-07,0.7830634431849851,1.1570164133084264,0.40892503693470694,0.9604156969726824,0.6030763604463425,0.14668846345885317,0.00024238217267003037,0.07782764806832826,0.0026873193109743726,10
Israel,2020-10-08,0.7252051669555583,1.0985847467966001,0.3522883703330346,0.9023146089911462,0.5469134911017365,0.14668846345885317,0.00024238217267003037,0.07782764806832826,0.0026873193109743726,10
Israel,2020-10-09,0.6666020439143652,1.0425902366012165,0.2863431592617923,0.8436128604687652,0.488456074664014,0.14668846345885317,0.00024238217267003037,0.07782764806832826,0.0026873193109743726,10
Israel,2020-10-10,0.6099900389935806,0.982584640090552,0.23198393183052068,0.7901592010914711,0.4298034282930381,0.14668846345885317,0.00024238217267003037,0.07782764806832826,0.0026873193109743726,10
Israel,2020-10-11,0.5861418800860996,0.9617316644650138,0.20613763756140502,0.7650857939008487,0.4066220418213208,0.14668846345885317,0.00024238217267003037,0.07782764806832826,0.0026873193109743726,10
Israel,2020-10-12,0.5779570428250612,0.949210798612636,0.2049841110115106,0.7550212676586565,0.40003676633626695,0.14668846345885317,0.00024238217267003037,0.07782764806832826,0.0026873193109743726,10
Israel,2020-10-13,0.5525289578779073,0.9249406813149008,0.17506220358673785,0.7287381127086017,0.37673599084034604,0.14668846345885317,0.00024238217267003037,0.07782764806832826,0.0026873193109743726,10
Israel,2020-10-14,0.5244321807377142,0.9005347868826897,0.14923972699289134,0.7018278048150675,0.34849634029981835,0.14668846345885317,0.00024238217267003037,0.07782764806832826,0.0026873193109743726,10
Israel,2020-10-15,0.4916610146595394,0.8638699706039725,0.11427358038742075,0.6694662716843474,0.3147702652781563,0.14668846345885317,0.00024238217267003037,0.07782764806832826,0.0026873193109743726,10
Israel,2020-10-16,0.4647832277763251,0.8447200734206929,0.08211030865641256,0.6449812014167742,0.2856070056782605,0.14668846345885317,0.00024238217267003037,0.07782764806832826,0.0026873193109743726,10
Israel,2020-10-17,0.43638233670386994,0.8099524002656426,0.05676549850856205,0.6161055471347452,0.25753530401296243,0.14668846345885317,0.00024238217267003037,0.07782764806832826,0.0026873193109743726,10
Israel,2020-10-18,0.43456013994683207,0.8137257211769278,0.053809069959058764,0.6133019888216538,0.25561733671239795,0.14668846345885317,0.00024238217267003037,0.07782764806832826,0.0026873193109743726,10
Israel,2020-10-19,0.43953173364229503,0.814429929350088,0.06290347716504952,0.6185556872906788,0.2612295322209831,0.14668846345885317,0.00024238217267003037,0.07782764806832826,0.0026873193109743726,10
Israel,2020-10-20,0.4362730373205864,0.803368187813678,0.06246520321409832,0.6154426582110955,0.2551582985776719,0.14668846345885317,0.00024238217267003037,0.07782764806832826,0.0026873193109743726,10
Israel,2020-10-21,0.4313598133819837,0.8055005231737586,0.0506040698956125,0.6105630508764456,0.2540972524561407,0.14668846345885317,0.00024238217267003037,0.07782764806832826,0.0026873193109743726,10
Israel,2020-10-22,0.422395859283866,0.798870022579066,0.04178477006811743,0.6013631680549145,0.24387262800325216,0.14668846345885317,0.00024238217267003037,0.07782764806832826,0.0026873193109743726,10
Israel,2020-10-23,0.4103765774507818,0.7875508352386714,0.029182490101324676,0.588549414501736,0.23215992977991462,0.14668846345885317,0.00024238217267003037,0.07782764806832826,0.0026873193109743726,10
Israel,2020-10-24,0.4022113344484415,0.7775107745730738,0.02400041120772045,0.5819021615974243,0.22166960573906191,0.14668846345885317,0.00024238217267003037,0.07782764806832826,0.0026873193109743726,10
Israel,2020-10-25,0.4167232789335332,0.7894693370055315,0.03918760390619125,0.597449440730895,0.23639798086039243,0.14668846345885317,0.00024238217267003037,0.07782764806832826,0.0026873193109743726,10
Israel,2020-10-26,0.43598564049379607,0.8143525558472697,0.052177673173045114,0.6129756543193156,0.2572117986054614,0.14668846345885317,0.00024238217267003037,0.07782764806832826,0.0026873193109743726,10
Israel,2020-10-27,0.450910667957081,0.82406111341145,0.07070469814482794,0.6294079079594898,0.273236750659254,0.14668846345885317,0.00024238217267003037,0.07782764806832826,0.0026873193109743726,10
Israel,2020-10-28,0.45843329245377484,0.8343594754084045,0.07981181236153723,0.6371251074501312,0.2808982905010672,0.14668846345885317,0.00024238217267003037,0.07782764806832826,0.0026873193109743726,10
Israel,2020-10-29,0.46790782419589716,0.846803133469234,0.07901830281723565,0.6473430553297241,0.28988083214524396,0.14668846345885317,0.00024238217267003037,0.07782764806832826,0.0026873193109743726,10
Israel,2020-10-30,0.47877609129306087,0.8573877597723684,0.09531628050654772,0.6574098367661837,0.29832338260198865,0.14668846345885317,0.00024238217267003037,0.07782764806832826,0.0026873193109743726,10
Israel,2020-10-31,0.49102378933842084,0.8622411504447932,0.11029295928192273,0.6694381633762084,0.31177859029509936,0.14668846345885317,0.00024238217267003037,0.07782764806832826,0.0026873193109743726,10
Israel,2020-11-01,0.5248679092206201,0.8927920012401597,0.14882201638891313,0.7015472061848007,0.34854954318602127,0.14668846345885317,0.00024238217267003037,0.07782764806832826,0.0026873193109743726,10
Israel,2020-11-02,0.560546102294335,0.9330193716820793,0.186944963212329,0.7380088402610945,0.3830163854964129,0.14668846345885317,0.00024238217267003037,0.07782764806832826,0.0026873193109743726,10
Israel,2020-11-03,0.5868508973652324,0.9555300574304569,0.21616746900185402,0.7639771190168386,0.40769554447585077,0.14668846345885317,0.00024238217267003037,0.07782764806832826,0.0026873193109743726,10
Israel,2020-11-04,0.6001041920255503,0.9763759824712147,0.22552563103261747,0.7764582994314184,0.4232860473975224,0.14668846345885317,0.00024238217267003037,0.07782764806832826,0.0026873193109743726,10
Israel,2020-11-05,0.6070891151933835,0.9813259149310958,0.2304687745894588,0.7836830938227444,0.4270069696729677,0.14668846345885317,0.00024238217267003037,0.07782764806832826,0.0026873193109743726,10
Israel,2020-11-06,0.6202559464445466,0.9950677608318843,0.24656102125569135,0.800933518151786,0.4384155160250418,0.14668846345885317,0.00024238217267003037,0.07782764806832826,0.0026873193109743726,10
Israel,2020-11-07,0.6280419009876883,0.9947612024804858,0.25252961361867976,0.806557395852719,0.44721852268062945,0.14668846345885317,0.00024238217267003037,0.07782764806832826,0.0026873193109743726,10
Israel,2020-11-08,0.667802388507984,1.0444378099520963,0.29496711566997513,0.8441571120793034,0.489589276213951,0.14668846345885317,0.00024238217267003037,0.07782764806832826,0.0026873193109743726,10
Israel,2020-11-09,0.7130685855039647,1.08722008062425,0.34003324703268345,0.8886271339515918,0.5370968244371578,0.14668846345885317,0.00024238217267003037,0.07782764806832826,0.0026873193109743726,10
Israel,2020-11-10,0.751495602836262,1.1301030081214358,0.3780007923850892,0.926876871051691,0.5743977189976088,0.14668846345885317,0.00024238217267003037,0.07782764806832826,0.0026873193109743726,10
Israel,2020-11-11,0.786555059478008,1.1619105738850806,0.4068832487347406,0.9646248028018675,0.6092797858641844,0.14668846345885317,0.00024238217267003037,0.07782764806832826,0.0026873193109743726,10
Israel,2020-11-12,0.814063827050074,1.1880405033360357,0.43968732504092956,0.9933080885499672,0.6364459860471963,0.14668846345885317,0.00024238217267003037,0.07782764806832826,0.0026873193109743726,10
Israel,2020-11-13,0.8261888542709508,1.1990000477326703,0.44785217318909254,1.0030774846660373,0.6494124900550917,0.14668846345885317,0.00024238217267003037,0.07782764806832826,0.0026873193109743726,10
Israel,2020-11-14,0.8302658146672328,1.2016939790148453,0.45615614342172905,1.0072528312026172,0.6528981758091652,0.14668846345885317,0.00024238217267003037,0.07782764806832826,0.0026873193109743726,10
Israel,2020-11-15,0.8716719152901294,1.2433744656713819,0.49660190276049043,1.0493537749463235,0.6948523932512265,0.14668846345885317,0.00024238217267003037,0.07782764806832826,0.0026873193109743726,10
Israel,2020-11-16,0.9201161378235058,1.2928675164897845,0.5439697640034182,1.0992009268109186,0.7430551127348228,0.14668846345885317,0.00024238217267003037,0.07782764806832826,0.0026873193109743726,10
Israel,2020-11-17,0.9482986502128437,1.3198389135488156,0.5786252255330286,1.1255174234546237,0.7708433277476476,0.14668846345885317,0.00024238217267003037,0.07782764806832826,0.0026873193109743726,10
Israel,2020-11-18,0.9658305555520881,1.3375801542901449,0.5926305410537346,1.141226492880939,0.790285739599639,0.14668846345885317,0.00024238217267003037,0.07782764806832826,0.0026873193109743726,10
Israel,2020-11-19,0.9802074160966222,1.3512857775441838,0.6072292228464857,1.1561106160621302,0.8040144094536857,0.14668846345885317,0.00024238217267003037,0.07782764806832826,0.0026873193109743726,10
Israel,2020-11-20,0.9921859348230004,1.36557456675249,0.6173596580942498,1.1694625935636465,0.8149566412656069,0.14668846345885317,0.00024238217267003037,0.07782764806832826,0.0026873193109743726,10
Israel,2020-11-21,1.0040236350875784,1.3787605928011872,0.6321674119147512,1.181353347006194,0.8266790960090482,0.14668846345885317,0.00024238217267003037,0.07782764806832826,0.0026873193109743726,10
Israel,2020-11-22,1.0499056960459776,1.4173960478643501,0.6800829887760628,1.2252778676204406,0.8745928687384901,0.14668846345885317,0.00024238217267003037,0.07782764806832826,0.0026873193109743726,10
Israel,2020-11-23,1.1006792426635403,1.4727620511978796,0.7292259245660564,1.2769203051521134,0.9273345159971493,0.14668846345885317,0.00024238217267003037,0.07782764806832826,0.0026873193109743726,10
Israel,2020-11-24,1.1349589168672083,1.5076976138923794,0.7632264580165136,1.310001661295663,0.9596927168285335,0.14668846345885317,0.00024238217267003037,0.07782764806832826,0.0026873193109743726,10
Israel,2020-11-25,1.170978928644491,1.5372259702073658,0.7974926799005752,1.3449046261286237,0.9959919700422619,0.14668846345885317,0.00024238217267003037,0.07782764806832826,0.0026873193109743726,10
Israel,2020-11-26,1.1898741085732167,1.5621211816149576,0.8180823155509366,1.3644295481515964,1.0155284032633638,0.14668846345885317,0.00024238217267003037,0.07782764806832826,0.0026873193109743726,10
Israel,2020-11-27,1.1962356841364843,1.5662890662842792,0.8286231915480753,1.3712363117167343,1.0196706171797754,0.14668846345885317,0.00024238217267003037,0.07782764806832826,0.0026873193109743726,10
Israel,2020-11-28,1.1994370855990626,1.567124382249915,0.8312650838510094,1.3736554304204809,1.0226739325894636,0.14668846345885317,0.00024238217267003037,0.07782764806832826,0.0026873193109743726,10
Israel,2020-11-29,1.24344841667953,1.6152802512885822,0.8729555251921021,1.4190954943943073,1.069876387190689,0.14668846345885317,0.00024238217267003037,0.07782764806832826,0.0026873193109743726,10
Israel,2020-11-30,1.286556396973337,1.6607338107320653,0.918954072966554,1.4602929682753223,1.1137280654496895,0.14668846345885317,0.00024238217267003037,0.07782764806832826,0.0026873193109743726,10
Israel,2020-12-01,1.3142331486810308,1.6849354884254524,0.9414922388552552,1.4922874291549697,1.1379615574979955,0.14668846345885317,0.00024238217267003037,0.07782764806832826,0.0026873193109743726,10
Israel,2020-12-02,1.3395219410110428,1.7166696300170163,0.9625863471574355,1.5172382404323108,1.1639181256010478,0.14668846345885317,0.00024238217267003037,0.07782764806832826,0.0026873193109743726,10
Israel,2020-12-03,1.3356305661096548,1.7114332071326959,0.9541366130116834,1.5150523958582967,1.1563447874781874,0.14668846345885317,0.00024238217267003037,0.07782764806832826,0.0026873193109743726,10
Israel,2020-12-04,1.3222646374289162,1.6940076381930758,0.9483187063783876,1.501088486281205,1.1425390177969164,0.14668846345885317,0.00024238217267003037,0.07782764806832826,0.0026873193109743726,10
Israel,2020-12-05,1.359835767020999,1.7373589946790169,0.9833128984457228,1.5405296869590717,1.180972715983565,0.14668846345885317,0.00024238217267003037,0.07782764806832826,0.0026873193109743726,10
Israel,2020-12-06,1.3673106116683909,1.7419512983356014,0.9932031632078844,1.5443327116772978,1.190259165537707,0.14668846345885317,0.00024238217267003037,0.07782764806832826,0.0026873193109743726,10
Israel,2020-12-07,1.4029034105961968,1.7769306378063563,1.0274421036640453,1.579205317182827,1.2259752239188153,0.14668846345885317,0.00024238217267003037,0.07782764806832826,0.0026873193109743726,10
Israel,2020-12-08,1.4097433685933358,1.783696052178885,1.0369586944630331,1.5849826502596045,1.2348029179667745,0.14668846345885317,0.00024238217267003037,0.07782764806832826,0.0026873193109743726,10
Israel,2020-12-09,1.4265135517900474,1.7988315960183878,1.057249028488938,1.6009568049772254,1.2512353481440859,0.14668846345885317,0.00024238217267003037,0.07782764806832826,0.0026873193109743726,10
Israel,2020-12-10,1.425226641528281,1.8021694862405961,1.0558138452952452,1.6015208572743935,1.2489098184185163,0.14668846345885317,0.00024238217267003037,0.07782764806832826,0.0026873193109743726,10
Israel,2020-12-11,1.4038640061729506,1.7766949826007625,1.031383181896156,1.581442555833417,1.2258733805843713,0.14668846345885317,0.00024238217267003037,0.07782764806832826,0.0026873193109743726,10
Israel,2020-12-12,1.4416125853904669,1.8103462650058746,1.0663307161200464,1.6192540180928021,1.2651448484192176,0.14668846345885317,0.00024238217267003037,0.07782764806832826,0.0026873193109743726,10
Israel,2020-12-13,1.4401703182149332,1.8143358776318896,1.063635618894605,1.6175378231991122,1.2638692061978234,0.14668846345885317,0.00024238217267003037,0.07782764806832826,0.0026873193109743726,10
Israel,2020-12-14,1.4745685755091755,1.844932277446319,1.1029271869771815,1.6496706641018402,1.298405098631165,0.14668846345885317,0.00024238217267003037,0.07782764806832826,0.0026873193109743726,10
Israel,2020-12-15,1.4965175007975189,1.8671586914917429,1.1238145646961262,1.672987793544209,1.3203603654018754,0.14668846345885317,0.00024238217267003037,0.07782764806832826,0.0026873193109743726,10
Israel,2020-12-16,1.5760547025462244,1.9540904852323757,1.2045516941735317,1.7526048259229152,1.3981056928339894,0.14668846345885317,0.00024238217267003037,0.07782764806832826,0.0026873193109743726,10
Israel,2020-12-17,1.5479565281584051,1.924082219686717,1.1783467249363255,1.7259987010763644,1.3704549892186184,0.14668846345885317,0.00024238217267003037,0.07782764806832826,0.0026873193109743726,10
Israel,2020-12-18,1.511733874880871,1.8827128701687639,1.1376931851761005,1.6889568280654021,1.3343066696161143,0.14668846345885317,0.00024238217267003037,0.07782764806832826,0.0026873193109743726,10
Israel,2020-12-19,1.5013318003859655,1.876730046315302,1.1310800866814024,1.678490129138318,1.3229470753661419,0.14668846345885317,0.00024238217267003037,0.07782764806832826,0.0026873193109743726,10
Israel,2020-12-20,1.4984228394460648,1.8691999435957163,1.1234545236887055,1.6747355472191425,1.322190990937119,0.14668846345885317,0.00024238217267003037,0.07782764806832826,0.0026873193109743726,10
Israel,2020-12-21,1.5387912950100444,1.9172978769078675,1.167257080198324,1.718155345518316,1.3588978733725674,0.14668846345885317,0.00024238217267003037,0.07782764806832826,0.0026873193109743726,10
Israel,2020-12-22,1.561470962205406,1.938730770847307,1.1867918841024732,1.7408866849258862,1.382185461781019,0.14668846345885317,0.00024238217267003037,0.07782764806832826,0.0026873193109743726,10
Israel,2020-12-23,1.5499699595463372,1.9239212854663044,1.169571862229256,1.7293526771233225,1.3703554242232032,0.14668846345885317,0.00024238217267003037,0.07782764806832826,0.0026873193109743726,10
Israel,2020-12-24,1.576441091496228,1.9550408011208875,1.2031179911999743,1.7524575462718086,1.3964655931310257,0.14668846345885317,0.00024238217267003037,0.07782764806832826,0.0026873193109743726,10
Israel,2020-12-25,1.57201985138918,1.9506657060996784,1.196118108144031,1.7533587485294535,1.3908729721024824,0.14668846345885317,0.00024238217267003037,0.07782764806832826,0.0026873193109743726,10
Israel,2020-12-26,1.548845105993519,1.9276232069241814,1.174514789244827,1.7294224945542573,1.3693480756614045,0.14668846345885317,0.00024238217267003037,0.07782764806832826,0.0026873193109743726,10
Israel,2020-12-27,1.5300725843535017,1.9058722529873289,1.1550683929011476,1.7086238212062845,1.3518901963855505,0.14668846345885317,0.00024238217267003037,0.07782764806832826,0.0026873193109743726,10
Israel,2020-12-28,1.5545462194148598,1.935162196084562,1.1883414496893188,1.7330091790267337,1.3747068184665676,0.14668846345885317,0.00024238217267003037,0.07782764806832826,0.0026873193109743726,10
Israel,2020-12-29,1.5461032898566947,1.922890648439785,1.1744694417669799,1.7229745188357946,1.3679142106201516,0.14668846345885317,0.00024238217267003037,0.07782764806832826,0.0026873193109743726,10
Israel,2020-12-30,1.5338550632953787,1.9102465740517947,1.1602067602782522,1.7112921169140645,1.3574051081053402,0.14668846345885317,0.00024238217267003037,0.07782764806832826,0.0026873193109743726,10
Israel,2020-12-31,1.5464644570654364,1.9218659619206946,1.1712413236937336,1.7235337962540198,1.3704209063367867,0.14668846345885317,0.00024238217267003037,0.07782764806832826,0.0026873193109743726,10
Israel,2021-01-01,1.5298924981742563,1.9095964264592307,1.1593304925006054,1.7076597406574248,1.3529831615444021,0.14668846345885317,0.00024238217267003037,0.07782764806832826,0.0026873193109743726,10
Israel,2021-01-02,1.52616579547532,1.900030148923184,1.1509352235892711,1.702411221567866,1.349503422823089,0.14668846345885317,0.00024238217267003037,0.07782764806832826,0.0026873193109743726,10
Israel,2021-01-03,1.517358508361339,1.8906634512411273,1.1415898899692314,1.6964986083092493,1.3401749078500873,0.14668846345885317,0.00024238217267003037,0.07782764806832826,0.0026873193109743726,10
Israel,2021-01-04,1.5020045091492893,1.882420899764503,1.1240906335313159,1.6799088170601695,1.3220134513092174,0.14668846345885317,0.00024238217267003037,0.07782764806832826,0.0026873193109743726,10
Israel,2021-01-05,1.4872748644617642,1.8674024135910523,1.1115040593484649,1.6653353594781426,1.3094044282110362,0.14668846345885317,0.00024238217267003037,0.07782764806832826,0.0026873193109743726,10
Israel,2021-01-06,1.4562677019329149,1.8373773190687124,1.0815025932393454,1.6352793283387972,1.2797297400259091,0.14668846345885317,0.00024238217267003037,0.07782764806832826,0.0026873193109743726,10
Israel,2021-01-07,1.4258837040313044,1.803516268124572,1.0523494556954485,1.6047179428362428,1.249139808896807,0.14668846345885317,0.00024238217267003037,0.07782764806832826,0.0026873193109743726,10
Israel,2021-01-08,1.392042253892063,1.7672249101616504,1.0177970364683568,1.5691817479564938,1.2145104193274134,0.14668846345885317,0.00024238217267003037,0.07782764806832826,0.0026873193109743726,10
Israel,2021-01-09,1.3747043892736668,1.746305604552298,0.9979334665482292,1.5525182206102393,1.1971918108001218,0.14668846345885317,0.00024238217267003037,0.07782764806832826,0.0026873193109743726,10
Israel,2021-01-10,1.3516700664622152,1.7231327142780546,0.9743534586925426,1.528816817446009,1.1743514991547332,0.14668846345885317,0.00024238217267003037,0.07782764806832826,0.0026873193109743726,10
Israel,2021-01-11,1.3553885378939114,1.732730852206764,0.9756530914970523,1.534693083211244,1.1771681039771769,0.14668846345885317,0.00024238217267003037,0.07782764806832826,0.0026873193109743726,10
Israel,2021-01-12,1.3344887878067029,1.7176850367394618,0.9579449068648795,1.511837712421159,1.1571626899592555,0.14668846345885317,0.00024238217267003037,0.07782764806832826,0.0026873193109743726,10
Israel,2021-01-13,1.30437430601512,1.677705287592156,0.9288493649629029,1.4806720947457632,1.1270965339087917,0.14668846345885317,0.00024238217267003037,0.07782764806832826,0.0026873193109743726,10
Israel,2021-01-14,1.2554825848969826,1.6378607540005294,0.8791554717761579,1.4348298656086378,1.0750617403664262,0.14668846345885317,0.00024238217267003037,0.07782764806832826,0.0026873193109743726,10
Israel,2021-01-15,1.194140365685803,1.571018975738959,0.8163180207201917,1.3739556139270364,1.014164539028026,0.14668846345885317,0.00024238217267003037,0.07782764806832826,0.0026873193109743726,10
Israel,2021-01-16,1.1679568180546906,1.5472735873733154,0.7888290938968745,1.344687948819239,0.9875161056999233,0.14668846345885317,0.00024238217267003037,0.07782764806832826,0.0026873193109743726,10
Israel,2021-01-17,1.1369155627345657,1.5131655875858638,0.7614729499205348,1.3134499918108338,0.9607773420837901,0.14668846345885317,0.00024238217267003037,0.07782764806832826,0.0026873193109743726,10
Israel,2021-01-18,1.1048986286369935,1.4762154251960888,0.7317688992827145,1.2790495120369454,0.9288432331206568,0.14668846345885317,0.00024238217267003037,0.07782764806832826,0.0026873193109743726,10
Israel,2021-01-19,1.0880525397675465,1.4592152508238954,0.7151540459991395,1.2647829307034144,0.9100204558365312,0.14668846345885317,0.00024238217267003037,0.07782764806832826,0.0026873193109743726,10
Israel,2021-01-20,1.07469340841557,1.4461199421046562,0.7027953799812977,1.2504608004084075,0.8985652430480467,0.14668846345885317,0.00024238217267003037,0.07782764806832826,0.0026873193109743726,10
Israel,2021-01-21,1.0347832601286386,1.4110301572532562,0.6633608278357945,1.2122691649697355,0.855903370903867,0.14668846345885317,0.00024238217267003037,0.07782764806832826,0.0026873193109743726,10
Israel,2021-01-22,1.0008586102663488,1.3688882261269306,0.6229677305494351,1.1778692682881666,0.8226919832618368,0.14668846345885317,0.00024238217267003037,0.07782764806832826,0.0026873193109743726,10
Israel,2021-01-23,0.9807710127652023,1.35234145858868,0.6017708625896199,1.1580755355249452,0.8025155663780208,0.14668846345885317,0.00024238217267003037,0.07782764806832826,0.0026873193109743726,10
Israel,2021-01-24,0.9850480773662258,1.3573946118634068,0.603524864454908,1.1638330741915928,0.8047514088564333,0.14668846345885317,0.00024238217267003037,0.07782764806832826,0.0026873193109743726,10
Israel,2021-01-25,1.026804404927402,1.4098760753864135,0.6500818175271063,1.204891597798271,0.8470742698779972,0.14668846345885317,0.00024238217267003037,0.07782764806832826,0.0026873193109743726,10
Israel,2021-01-26,0.9630295811527185,1.3407528489372609,0.5846216279071691,1.1427964492175506,0.7845424251956223,0.14668846345885317,0.00024238217267003037,0.07782764806832826,0.0026873193109743726,10
Israel,2021-01-27,0.9345459560218347,1.3156498415207378,0.5552652708116014,1.1146262636049582,0.7543614992230917,0.14668846345885317,0.00024238217267003037,0.07782764806832826,0.0026873193109743726,10
Israel,2021-01-28,0.9316023944852138,1.306764165240713,0.552834374109433,1.1090547568018214,0.7528850589039845,0.14668846345885317,0.00024238217267003037,0.07782764806832826,0.0026873193109743726,10
Israel,2021-01-29,0.9184557505463269,1.2910474652077932,0.5454358554130605,1.0967085722170062,0.7387913320752093,0.14668846345885317,0.00024238217267003037,0.07782764806832826,0.0026873193109743726,10
Israel,2021-01-30,0.9191160924697884,1.2909064980619316,0.5462659223372575,1.098202479041856,0.740492618033551,0.14668846345885317,0.00024238217267003037,0.07782764806832826,0.0026873193109743726,10
Israel,2021-01-31,0.93795854875817,1.3098307875169484,0.5572908500968112,1.117474915202222,0.7587577005658019,0.14668846345885317,0.00024238217267003037,0.07782764806832826,0.0026873193109743726,10
Israel,2021-02-01,0.9759485679846923,1.3526511302550093,0.6036564476959999,1.1549635033491379,0.7959307509491915,0.14668846345885317,0.00024238217267003037,0.07782764806832826,0.0026873193109743726,10
Israel,2021-02-02,0.9823759385266463,1.3550222538961152,0.6079251362456268,1.1615748132417998,0.8047272110034918,0.14668846345885317,0.00024238217267003037,0.07782764806832826,0.0026873193109743726,10
Israel,2021-02-03,0.9751030437250137,1.3508616711172121,0.6010821000158509,1.153431022855386,0.7978700121099997,0.14668846345885317,0.00024238217267003037,0.07782764806832826,0.0026873193109743726,10
Israel,2021-02-04,0.9398861999497713,1.3201920722510696,0.5611907103431392,1.1189668822602148,0.76036922448832,0.14668846345885317,0.00024238217267003037,0.07782764806832826,0.0026873193109743726,10
Israel,2021-02-05,0.904899626001124,1.279869770299598,0.5249834952826451,1.087035882797948,0.7247289344652972,0.14668846345885317,0.00024238217267003037,0.07782764806832826,0.0026873193109743726,10
Israel,2021-02-06,0.879830523374036,1.2601824643214181,0.49871825954999294,1.0599009512946336,0.698857711665702,0.14668846345885317,0.00024238217267003037,0.07782764806832826,0.0026873193109743726,10
Israel,2021-02-07,0.8682714022654145,1.2460699792142493,0.4852448756954739,1.0484636719074092,0.6880445046244442,0.14668846345885317,0.00024238217267003037,0.07782764806832826,0.0026873193109743726,10
Israel,2021-02-08,0.8494246375858404,1.2370253105794164,0.46105192253610516,1.0312823907946094,0.6686544482237471,0.14668846345885317,0.00024238217267003037,0.07782764806832826,0.0026873193109743726,10
Israel,2021-02-09,0.8415512204200044,1.2302170210702705,0.4547014746465312,1.0213793303553858,0.6586587793350163,0.14668846345885317,0.00024238217267003037,0.07782764806832826,0.0026873193109743726,10
Israel,2021-02-10,0.8129663397144169,1.2043407495977694,0.42036613758710184,0.9962597219375323,0.6293238593151187,0.14668846345885317,0.00024238217267003037,0.07782764806832826,0.0026873193109743726,10
Israel,2021-02-11,0.7751609864443918,1.1755247614592024,0.3717988296649455,0.9650167242110442,0.5843549802055307,0.14668846345885317,0.00024238217267003037,0.07782764806832826,0.0026873193109743726,10
Israel,2021-02-12,0.7363158791835558,1.1509679730838793,0.31858306720366414,0.9351452261092004,0.5352372070360456,0.14668846345885317,0.00024238217267003037,0.07782764806832826,0.0026873193109743726,10
Israel,2021-02-13,0.702597208013451,1.1564821450997267,0.2523500205254595,0.9173554181850097,0.4845824221933076,0.14668846345885317,0.00024238217267003037,0.07782764806832826,0.0026873193109743726,10
Israel,2021-02-14,0.6848156147454303,1.1832563681282844,0.17930323623398547,0.923004440116811,0.444924455915521,0.14668846345885317,0.00024238217267003037,0.07782764806832826,0.0026873193109743726,10
Italy,2020-02-24,4.543944720311032,4.887821524779192,4.20631874319105,4.704124434315068,4.383299803557561,0.4430864204822917,0.0002730409376840992,0.19385781435360244,0.0008118287671983824,10
Italy,2020-02-25,4.501072015151693,4.8008649206431375,4.206485145606546,4.643206131066541,4.36037148464483,0.4430864204822917,0.0002730409376840992,0.19385781435360244,0.0008118287671983824,10
Italy,2020-02-26,4.487367937847491,4.769775726331597,4.20604571167282,4.622222304510216,4.353510175986593,0.4430864204822917,0.0002730409376840992,0.19385781435360244,0.0008118287671983824,10
Italy,2020-02-27,4.455427830919978,4.739576148105844,4.17807943384061,4.588139961515774,4.320896340496317,0.4430864204822917,0.0002730409376840992,0.19385781435360244,0.0008118287671983824,10
Italy,2020-02-28,4.277840614153113,4.546259707741882,4.0115135166135225,4.403873203912255,4.150597268477197,0.4430864204822917,0.0002730409376840992,0.19385781435360244,0.0008118287671983824,10
Italy,2020-02-29,4.112613650649991,4.373615174452391,3.855410170548619,4.23606108722677,3.9890432503645767,0.4430864204822917,0.0002730409376840992,0.19385781435360244,0.0008118287671983824,10
Italy,2020-03-01,4.106643347472161,4.391038082479804,3.8370662390543155,4.238208353342015,3.9733421182446973,0.4430864204822917,0.0002730409376840992,0.19385781435360244,0.0008118287671983824,10
Italy,2020-03-02,3.675275837416354,3.936650698411827,3.4130588327271933,3.7989000158999975,3.5499166448899717,0.4430864204822917,0.0002730409376840992,0.19385781435360244,0.0008118287671983824,10
Italy,2020-03-03,3.4706645786745756,3.73394670252266,3.2000358716676454,3.5991424221625783,3.340390208869426,0.4430864204822917,0.0002730409376840992,0.19385781435360244,0.0008118287671983824,10
Italy,2020-03-04,3.364608932951898,3.6251214091230217,3.0960770316404926,3.491653584310884,3.239224252062983,0.4430864204822917,0.0002730409376840992,0.19385781435360244,0.0008118287671983824,10
Italy,2020-03-05,3.304555123322281,3.5582712842747553,3.044654705539071,3.428285174250813,3.181281627434813,0.4430864204822917,0.0002730409376840992,0.19385781435360244,0.0008118287671983824,10
Italy,2020-03-06,3.231520193818059,3.4872992780890035,2.9706784749009847,3.351900645633723,3.1097259614426584,0.4430864204822917,0.0002730409376840992,0.19385781435360244,0.0008118287671983824,10
Italy,2020-03-07,3.2518723916605947,3.5093540251670854,2.996093511688282,3.3741165834646893,3.130344322696897,0.4430864204822917,0.0002730409376840992,0.19385781435360244,0.0008118287671983824,10
Italy,2020-03-08,3.174471190903082,3.433289865530442,2.916254963382822,3.297103786954265,3.0506153051040505,0.4430864204822917,0.0002730409376840992,0.19385781435360244,0.0008118287671983824,10
Italy,2020-03-09,3.02941133301949,3.2846504725495875,2.773234127742175,3.151062010746919,2.907743794163382,0.4430864204822917,0.0002730409376840992,0.19385781435360244,0.0008118287671983824,10
Italy,2020-03-10,2.815011507033452,3.070951869420193,2.5499192522462524,2.9391736793720993,2.6904065995457396,0.4430864204822917,0.0002730409376840992,0.19385781435360244,0.0008118287671983824,10
Italy,2020-03-11,2.8573522961851334,3.1175303571458874,2.600808260036443,2.979254638163522,2.734735956357266,0.4430864204822917,0.0002730409376840992,0.19385781435360244,0.0008118287671983824,10
Italy,2020-03-12,2.801334926094781,3.0609704160412083,2.544568741927371,2.925207529289002,2.678540722340319,0.4430864204822917,0.0002730409376840992,0.19385781435360244,0.0008118287671983824,10
Italy,2020-03-13,2.6873596543787244,2.942328154108485,2.4322977404367085,2.8099134158519896,2.564750570534021,0.4430864204822917,0.0002730409376840992,0.19385781435360244,0.0008118287671983824,10
Italy,2020-03-14,2.6142496571979814,2.8712259696351214,2.359280359986543,2.7364398305743025,2.492231624302151,0.4430864204822917,0.0002730409376840992,0.19385781435360244,0.0008118287671983824,10
Italy,2020-03-15,2.4765017676211922,2.7351551131835983,2.2212023705223842,2.59857884168345,2.355883770813848,0.4430864204822917,0.0002730409376840992,0.19385781435360244,0.0008118287671983824,10
Italy,2020-03-16,2.3252786898607534,2.5779703006519794,2.0683385553622475,2.4477966236269646,2.20294956219849,0.4430864204822917,0.0002730409376840992,0.19385781435360244,0.0008118287671983824,10
Italy,2020-03-17,2.2407268677108476,2.4961157214579863,1.9845931921190267,2.362535802835467,2.1199875010503515,0.4430864204822917,0.0002730409376840992,0.19385781435360244,0.0008118287671983824,10
Italy,2020-03-18,2.2076256962831438,2.4636030768438193,1.9473539013264243,2.3291611653024713,2.086890792694627,0.4430864204822917,0.0002730409376840992,0.19385781435360244,0.0008118287671983824,10
Italy,2020-03-19,2.187853674820251,2.4493471025036393,1.9287345107635416,2.308742100807654,2.064843831977513,0.4430864204822917,0.0002730409376840992,0.19385781435360244,0.0008118287671983824,10
Italy,2020-03-20,2.1220096272386457,2.381677186672663,1.8619639826827,2.2461979879330753,1.9977638061491498,0.4430864204822917,0.0002730409376840992,0.19385781435360244,0.0008118287671983824,10
Italy,2020-03-21,2.004547739692809,2.263549698491027,1.747501774791941,2.1261870331657615,1.8821833458661588,0.4430864204822917,0.0002730409376840992,0.19385781435360244,0.0008118287671983824,10
Italy,2020-03-22,1.8316390978526695,2.0874306328028287,1.5738126003208275,1.9537676296685373,1.70963225192224,0.4430864204822917,0.0002730409376840992,0.19385781435360244,0.0008118287671983824,10
Italy,2020-03-23,1.6808712677639972,1.9401668301953356,1.4205331334778561,1.8038030878334566,1.5579522059740447,0.4430864204822917,0.0002730409376840992,0.19385781435360244,0.0008118287671983824,10
Italy,2020-03-24,1.5862846635672438,1.8463103019469829,1.3270515541740318,1.710388525792715,1.4622051674713685,0.4430864204822917,0.0002730409376840992,0.19385781435360244,0.0008118287671983824,10
Italy,2020-03-25,1.5123265087709823,1.7708431658840895,1.250997614166233,1.635180258112351,1.3893212848109653,0.4430864204822917,0.0002730409376840992,0.19385781435360244,0.0008118287671983824,10
Italy,2020-03-26,1.4630804839532845,1.715469432367204,1.2056156488259555,1.5849935408686662,1.3408563409777254,0.4430864204822917,0.0002730409376840992,0.19385781435360244,0.0008118287671983824,10
Italy,2020-03-27,1.3886945097312988,1.6427519558315118,1.1331826016395625,1.510919170774478,1.266622509381123,0.4430864204822917,0.0002730409376840992,0.19385781435360244,0.0008118287671983824,10
Italy,2020-03-28,1.305430625073321,1.5621233211484395,1.0461215801423944,1.429660456790829,1.1819780987585744,0.4430864204822917,0.0002730409376840992,0.19385781435360244,0.0008118287671983824,10
Italy,2020-03-29,1.20852096562351,1.468913932659216,0.9497503520770353,1.3310967060395096,1.0861485614046362,0.4430864204822917,0.0002730409376840992,0.19385781435360244,0.0008118287671983824,10
Italy,2020-03-30,1.1167209866279177,1.3740268992949707,0.8580175227183837,1.2383592746389824,0.9927176242089741,0.4430864204822917,0.0002730409376840992,0.19385781435360244,0.0008118287671983824,10
Italy,2020-03-31,1.0702905492799077,1.3245608891963954,0.8100773401522148,1.1932580449700474,0.9461165910922854,0.4430864204822917,0.0002730409376840992,0.19385781435360244,0.0008118287671983824,10
Italy,2020-04-01,1.0536021398935758,1.305610156117584,0.7997493696439398,1.1759630627448887,0.9316089302567239,0.4430864204822917,0.0002730409376840992,0.19385781435360244,0.0008118287671983824,10
Italy,2020-04-02,1.0322331213676799,1.2860947445031687,0.7765897039024899,1.1534135333193745,0.9101084427024654,0.4430864204822917,0.0002730409376840992,0.19385781435360244,0.0008118287671983824,10
Italy,2020-04-03,1.0096926640178918,1.2643244271087872,0.753354062170023,1.1322025229835249,0.8865807895150073,0.4430864204822917,0.0002730409376840992,0.19385781435360244,0.0008118287671983824,10
Italy,2020-04-04,0.9856917971552667,1.238372310559717,0.7266622401550066,1.108630151476549,0.8631935046621689,0.4430864204822917,0.0002730409376840992,0.19385781435360244,0.0008118287671983824,10
Italy,2020-04-05,0.9465914100407471,1.2012520873784334,0.6898242964068431,1.0686360049144124,0.8245060942855497,0.4430864204822917,0.0002730409376840992,0.19385781435360244,0.0008118287671983824,10
Italy,2020-04-06,0.9049430853356641,1.163590754344946,0.6473881964723738,1.0278823825035521,0.7818717386977808,0.4430864204822917,0.0002730409376840992,0.19385781435360244,0.0008118287671983824,10
Italy,2020-04-07,0.8849365425525373,1.1422015106658414,0.6263069085403358,1.0070777713485561,0.7631042178211374,0.4430864204822917,0.0002730409376840992,0.19385781435360244,0.0008118287671983824,10
Italy,2020-04-08,0.9029508034548679,1.1599786953084987,0.648073974965623,1.0245596089609759,0.7795814649773124,0.4430864204822917,0.0002730409376840992,0.19385781435360244,0.0008118287671983824,10
Italy,2020-04-09,0.9221218137992201,1.1740605355892517,0.668976323492311,1.0429119108045732,0.801082517268535,0.4430864204822917,0.0002730409376840992,0.19385781435360244,0.0008118287671983824,10
Italy,2020-04-10,0.9253705933089539,1.1821820656335251,0.6698665504175847,1.0461741061729304,0.8056541843322123,0.4430864204822917,0.0002730409376840992,0.19385781435360244,0.0008118287671983824,10
Italy,2020-04-11,0.9275706253241103,1.185779096805305,0.6710083909841968,1.0493469833939655,0.805348048709004,0.4430864204822917,0.0002730409376840992,0.19385781435360244,0.0008118287671983824,10
Italy,2020-04-12,0.8948958717428283,1.15095210975075,0.6368071955548784,1.017427793985579,0.7732374310910952,0.4430864204822917,0.0002730409376840992,0.19385781435360244,0.0008118287671983824,10
Italy,2020-04-13,0.8493707489085525,1.1087347929941966,0.5878326696579681,0.9724280918528895,0.7282858787631088,0.4430864204822917,0.0002730409376840992,0.19385781435360244,0.0008118287671983824,10
Italy,2020-04-14,0.8236956779176619,1.0794800269208737,0.5691596320085002,0.94548060270711,0.7017769141309022,0.4430864204822917,0.0002730409376840992,0.19385781435360244,0.0008118287671983824,10
Italy,2020-04-15,0.8195971110747288,1.0744379181237427,0.5668481154663174,0.9421183201426541,0.6980088289643736,0.4430864204822917,0.0002730409376840992,0.19385781435360244,0.0008118287671983824,10
Italy,2020-04-16,0.8445590193232839,1.1013690651829278,0.5850486478208037,0.9680599624197729,0.722906025475166,0.4430864204822917,0.0002730409376840992,0.19385781435360244,0.0008118287671983824,10
Italy,2020-04-17,0.8442508761740426,1.1049434581225233,0.5865498975726884,0.9671888866559227,0.7219701623911746,0.4430864204822917,0.0002730409376840992,0.19385781435360244,0.0008118287671983824,10
Italy,2020-04-18,0.8321975101214465,1.0934924944392548,0.5744208874310966,0.9542554815344046,0.7094151235983226,0.4430864204822917,0.0002730409376840992,0.19385781435360244,0.0008118287671983824,10
Italy,2020-04-19,0.806379479684601,1.064490246505844,0.5483731770648959,0.9281903185850725,0.6831158775720693,0.4430864204822917,0.0002730409376840992,0.19385781435360244,0.0008118287671983824,10
Italy,2020-04-20,0.7804730508117972,1.0375245923058787,0.5213513432755343,0.9026408790069761,0.6590429014189261,0.4430864204822917,0.0002730409376840992,0.19385781435360244,0.0008118287671983824,10
Italy,2020-04-21,0.789109790299301,1.0468089848044293,0.5287449345318007,0.9098326925969455,0.6666678830388462,0.4430864204822917,0.0002730409376840992,0.19385781435360244,0.0008118287671983824,10
Italy,2020-04-22,0.802922806516548,1.0642279409490052,0.541027537825405,0.9252079133157286,0.6798236385435917,0.4430864204822917,0.0002730409376840992,0.19385781435360244,0.0008118287671983824,10
Italy,2020-04-23,0.785789733530479,1.0472930584617424,0.5274659232857205,0.9080872346537516,0.6629391146845871,0.4430864204822917,0.0002730409376840992,0.19385781435360244,0.0008118287671983824,10
Italy,2020-04-24,0.7733970037994796,1.0344562590093629,0.514277023279053,0.8962212500924477,0.6505218579416484,0.4430864204822917,0.0002730409376840992,0.19385781435360244,0.0008118287671983824,10
Italy,2020-04-25,0.7387000264878028,0.9988593729611897,0.48309454636458393,0.8614158756861943,0.6145380118986088,0.4430864204822917,0.0002730409376840992,0.19385781435360244,0.0008118287671983824,10
Italy,2020-04-26,0.7114640122686532,0.9661261761492751,0.4519394600351385,0.8328710346284498,0.5894381415705563,0.4430864204822917,0.0002730409376840992,0.19385781435360244,0.0008118287671983824,10
Italy,2020-04-27,0.682750038558665,0.9395263672973388,0.42948411466619296,0.8036178096089192,0.5610586587538255,0.4430864204822917,0.0002730409376840992,0.19385781435360244,0.0008118287671983824,10
Italy,2020-04-28,0.6811192260268725,0.9399198154932298,0.4225262132866868,0.8020669914571864,0.5575777338616283,0.4430864204822917,0.0002730409376840992,0.19385781435360244,0.0008118287671983824,10
Italy,2020-04-29,0.676386540696266,0.9332338220999878,0.4188440964611738,0.7975946909412849,0.5532034663735674,0.4430864204822917,0.0002730409376840992,0.19385781435360244,0.0008118287671983824,10
Italy,2020-04-30,0.6660056088949524,0.924286609459045,0.40822802304389616,0.7894772406370196,0.5427206327318342,0.4430864204822917,0.0002730409376840992,0.19385781435360244,0.0008118287671983824,10
Italy,2020-05-01,0.6569208085153961,0.9059372201939379,0.40281227874407033,0.7792007123904486,0.5354873864358698,0.4430864204822917,0.0002730409376840992,0.19385781435360244,0.0008118287671983824,10
Italy,2020-05-02,0.6369210662047915,0.8920917685609012,0.3797232451040575,0.7604487102065063,0.5132048163508826,0.4430864204822917,0.0002730409376840992,0.19385781435360244,0.0008118287671983824,10
Italy,2020-05-03,0.6024572998769726,0.8597345885051475,0.3461024606032356,0.7242488719807061,0.48056936900085157,0.4430864204822917,0.0002730409376840992,0.19385781435360244,0.0008118287671983824,10
Italy,2020-05-04,0.5802861571306139,0.8368983500839333,0.323024289093393,0.7014452944452747,0.4588927450411159,0.4430864204822917,0.0002730409376840992,0.19385781435360244,0.0008118287671983824,10
Italy,2020-05-05,0.5733606859791975,0.8313053288501082,0.3192738407672904,0.6938532465946087,0.45368749580194534,0.4430864204822917,0.0002730409376840992,0.19385781435360244,0.0008118287671983824,10
Italy,2020-05-06,0.5882932613147387,0.8423361114285415,0.32848386352618175,0.7118231847192593,0.4656479608574655,0.4430864204822917,0.0002730409376840992,0.19385781435360244,0.0008118287671983824,10
Italy,2020-05-07,0.591275399266734,0.8504659164300858,0.3341659665909439,0.7139476768631969,0.4686309392615501,0.4430864204822917,0.0002730409376840992,0.19385781435360244,0.0008118287671983824,10
Italy,2020-05-08,0.5828280224104168,0.8430105388433404,0.32181395574063965,0.7059902163193341,0.45892066765929607,0.4430864204822917,0.0002730409376840992,0.19385781435360244,0.0008118287671983824,10
Italy,2020-05-09,0.5624570486793048,0.821623127567007,0.30532606396561535,0.6846289421212453,0.43982145302854414,0.4430864204822917,0.0002730409376840992,0.19385781435360244,0.0008118287671983824,10
Italy,2020-05-10,0.5462677131190793,0.8027413751713321,0.2906031171200092,0.667521247845974,0.4258518527417178,0.4430864204822917,0.0002730409376840992,0.19385781435360244,0.0008118287671983824,10
Italy,2020-05-11,0.5533279125231206,0.8069976695707197,0.29629551001804166,0.6761508373059877,0.43234612894855884,0.4430864204822917,0.0002730409376840992,0.19385781435360244,0.0008118287671983824,10
Italy,2020-05-12,0.5885922136383042,0.8470210257302573,0.3319797887324354,0.7101901353937692,0.467135956573691,0.4430864204822917,0.0002730409376840992,0.19385781435360244,0.0008118287671983824,10
Italy,2020-05-13,0.575533000039044,0.8305745355958059,0.3194453460521778,0.6972529647358655,0.4533152677482162,0.4430864204822917,0.0002730409376840992,0.19385781435360244,0.0008118287671983824,10
Italy,2020-05-14,0.5720256810033193,0.8262692313014028,0.3150551533835012,0.6925289324849517,0.45063241209211635,0.4430864204822917,0.0002730409376840992,0.19385781435360244,0.0008118287671983824,10
Italy,2020-05-15,0.5568769891058167,0.8149881152649399,0.3021109396813897,0.6773424934968182,0.43540645849573045,0.4430864204822917,0.0002730409376840992,0.19385781435360244,0.0008118287671983824,10
Italy,2020-05-16,0.5507046433884318,0.8035404259107284,0.29420225643327147,0.671294223263351,0.4291543240554434,0.4430864204822917,0.0002730409376840992,0.19385781435360244,0.0008118287671983824,10
Italy,2020-05-17,0.531656509529598,0.7883749503412392,0.2761993876533494,0.6545833623855855,0.40935221190632853,0.4430864204822917,0.0002730409376840992,0.19385781435360244,0.0008118287671983824,10
Italy,2020-05-18,0.5228988339376299,0.7803639235585605,0.2687819245075308,0.6451716608194252,0.3994781719121894,0.4430864204822917,0.0002730409376840992,0.19385781435360244,0.0008118287671983824,10
Italy,2020-05-19,0.5496115707590086,0.8051141037219669,0.29286732795763815,0.6701704217823797,0.42765379353329913,0.4430864204822917,0.0002730409376840992,0.19385781435360244,0.0008118287671983824,10
Italy,2020-05-20,0.5549788859303372,0.8067413801705294,0.29689788506716674,0.6764387289342106,0.4344017434186802,0.4430864204822917,0.0002730409376840992,0.19385781435360244,0.0008118287671983824,10
Italy,2020-05-21,0.5573429563021182,0.8126063154026003,0.3014865427921155,0.6796087110383956,0.43617255181975156,0.4430864204822917,0.0002730409376840992,0.19385781435360244,0.0008118287671983824,10
Italy,2020-05-22,0.5601738126976095,0.8185204139489538,0.3035572542311167,0.6818668059860515,0.43817760191558197,0.4430864204822917,0.0002730409376840992,0.19385781435360244,0.0008118287671983824,10
Italy,2020-05-23,0.555059965016751,0.8128567661057904,0.2932316120229086,0.6771295784634184,0.4324454000113904,0.4430864204822917,0.0002730409376840992,0.19385781435360244,0.0008118287671983824,10
Italy,2020-05-24,0.5339159876806087,0.7939652179314072,0.2729253348209194,0.6554970975573524,0.4112632368662442,0.4430864204822917,0.0002730409376840992,0.19385781435360244,0.0008118287671983824,10
Italy,2020-05-25,0.5147626004952993,0.7726708508380307,0.2531240199675536,0.6371158129664631,0.3918164203760981,0.4430864204822917,0.0002730409376840992,0.19385781435360244,0.0008118287671983824,10
Italy,2020-05-26,0.5330374587625165,0.7925454007650018,0.2711077235969812,0.6567936913464818,0.4095785113845566,0.4430864204822917,0.0002730409376840992,0.19385781435360244,0.0008118287671983824,10
Italy,2020-05-27,0.5687650979487848,0.8259567539124528,0.3114600196592118,0.690655141622015,0.44730837258758327,0.4430864204822917,0.0002730409376840992,0.19385781435360244,0.0008118287671983824,10
Italy,2020-05-28,0.580779038405821,0.8350104800958682,0.3256166323145886,0.7016779330689725,0.45957343828219,0.4430864204822917,0.0002730409376840992,0.19385781435360244,0.0008118287671983824,10
Italy,2020-05-29,0.565395604051286,0.818732068182824,0.31231448374558024,0.6863652867034685,0.444840386618371,0.4430864204822917,0.0002730409376840992,0.19385781435360244,0.0008118287671983824,10
Italy,2020-05-30,0.5349313099372008,0.7883602810455388,0.27847785938538006,0.6552545184617401,0.41453893385868623,0.4430864204822917,0.0002730409376840992,0.19385781435360244,0.0008118287671983824,10
Italy,2020-05-31,0.5029903783949926,0.7565008192371886,0.2481941129795735,0.6245227241693925,0.38135327427213084,0.4430864204822917,0.0002730409376840992,0.19385781435360244,0.0008118287671983824,10
Italy,2020-06-01,0.48078465194551545,0.7331233624121422,0.2207041621440884,0.6025031073711498,0.35946444357790786,0.4430864204822917,0.0002730409376840992,0.19385781435360244,0.0008118287671983824,10
Italy,2020-06-02,0.494970147221255,0.7516079706569081,0.2422437166360566,0.6167921456089681,0.3717162550913856,0.4430864204822917,0.0002730409376840992,0.19385781435360244,0.0008118287671983824,10
Italy,2020-06-03,0.5099111474585071,0.7682681793212314,0.25135824762599257,0.6324585859392116,0.38691294998336834,0.4430864204822917,0.0002730409376840992,0.19385781435360244,0.0008118287671983824,10
Italy,2020-06-04,0.5217721998711307,0.7770493644410355,0.26154890212937343,0.6442649153030846,0.40100878588061906,0.4430864204822917,0.0002730409376840992,0.19385781435360244,0.0008118287671983824,10
Italy,2020-06-05,0.576844637587102,0.8381934558530713,0.31877160540076566,0.700258061092766,0.4548869503313089,0.4430864204822917,0.0002730409376840992,0.19385781435360244,0.0008118287671983824,10
Italy,2020-06-06,0.5578390955476897,0.8168108331875503,0.30159237066018796,0.6799600702063842,0.43405312439481525,0.4430864204822917,0.0002730409376840992,0.19385781435360244,0.0008118287671983824,10
Italy,2020-06-07,0.5506287741322751,0.8054360753739944,0.29028409847572667,0.6747009563499112,0.42888301853124955,0.4430864204822917,0.0002730409376840992,0.19385781435360244,0.0008118287671983824,10
Italy,2020-06-08,0.57437767964835,0.8319213135638454,0.31301305614184427,0.6970552427559451,0.451063254085308,0.4430864204822917,0.0002730409376840992,0.19385781435360244,0.0008118287671983824,10
Italy,2020-06-09,0.5982092463906843,0.8546475521497471,0.339781351370932,0.7195574586470705,0.4770201266503089,0.4430864204822917,0.0002730409376840992,0.19385781435360244,0.0008118287671983824,10
Italy,2020-06-10,0.6183925325583786,0.8757059304240365,0.3628648035997104,0.7389360528808508,0.4961847319087891,0.4430864204822917,0.0002730409376840992,0.19385781435360244,0.0008118287671983824,10
Italy,2020-06-11,0.6685398531153146,0.9259886424162348,0.409889575630932,0.7894437285426765,0.5464942760265387,0.4430864204822917,0.0002730409376840992,0.19385781435360244,0.0008118287671983824,10
Italy,2020-06-12,0.6737579530219486,0.9293243601883706,0.4174253773438339,0.7970207394541959,0.5510388883524324,0.4430864204822917,0.0002730409376840992,0.19385781435360244,0.0008118287671983824,10
Italy,2020-06-13,0.7321137610565013,0.9940283802600596,0.47063581884694483,0.8550183662729969,0.6085033564985053,0.4430864204822917,0.0002730409376840992,0.19385781435360244,0.0008118287671983824,10
Italy,2020-06-14,0.759940495730902,1.0208101172355442,0.5001546311947904,0.8833720182092505,0.6379415540715878,0.4430864204822917,0.0002730409376840992,0.19385781435360244,0.0008118287671983824,10
Italy,2020-06-15,0.7653597110398447,1.0240202167800259,0.503527617059179,0.8914281707734177,0.6400238846417373,0.4430864204822917,0.0002730409376840992,0.19385781435360244,0.0008118287671983824,10
Italy,2020-06-16,0.7668787762808946,1.0293597905525387,0.5076834522557185,0.8897586857718931,0.6420692383789173,0.4430864204822917,0.0002730409376840992,0.19385781435360244,0.0008118287671983824,10
Italy,2020-06-17,0.8068723099078042,1.0734468516672422,0.537647454348537,0.9342492229702646,0.6794935376266954,0.4430864204822917,0.0002730409376840992,0.19385781435360244,0.0008118287671983824,10
Italy,2020-06-18,0.8259364206484102,1.1057465554089838,0.5450004763543981,0.959577158408587,0.690781526910461,0.4430864204822917,0.0002730409376840992,0.19385781435360244,0.0008118287671983824,10
Italy,2020-06-19,0.8245068828797866,1.1377167708272813,0.5125927979801318,0.9731134085729657,0.6765881544756387,0.4430864204822917,0.0002730409376840992,0.19385781435360244,0.0008118287671983824,10
Italy,2020-06-20,0.8213960584958533,1.1323793836434608,0.5105856368230254,0.9687259202980418,0.6728742198118369,0.4430864204822917,0.0002730409376840992,0.19385781435360244,0.0008118287671983824,10
Italy,2020-06-21,0.819699661773584,1.0983507673410315,0.5368600514327506,0.9531324938465693,0.6864799481549966,0.4430864204822917,0.0002730409376840992,0.19385781435360244,0.0008118287671983824,10
Italy,2020-06-22,0.8353655490881975,1.1015399946238007,0.5639122453314108,0.9617930465179538,0.7087187875069374,0.4430864204822917,0.0002730409376840992,0.19385781435360244,0.0008118287671983824,10
Italy,2020-06-23,0.8728950084456749,1.1310385300764605,0.6120946106835814,0.996987630218262,0.7498088437383184,0.4430864204822917,0.0002730409376840992,0.19385781435360244,0.0008118287671983824,10
Italy,2020-06-24,1.0048876173202532,1.2802319036044707,0.7399614826775268,1.1334530375855816,0.8776962220341965,0.4430864204822917,0.0002730409376840992,0.19385781435360244,0.0008118287671983824,10
Italy,2020-06-25,0.9281128342487761,1.1900900785505757,0.6669199212170551,1.0529007174071279,0.8026924794393177,0.4430864204822917,0.0002730409376840992,0.19385781435360244,0.0008118287671983824,10
Italy,2020-06-26,0.845093602687315,1.1025262473146467,0.5829017207374436,0.9687822420693114,0.7223445851840706,0.4430864204822917,0.0002730409376840992,0.19385781435360244,0.0008118287671983824,10
Italy,2020-06-27,0.7616195782691897,1.0210285867535238,0.49992801960661226,0.8857945247114014,0.6386737205630397,0.4430864204822917,0.0002730409376840992,0.19385781435360244,0.0008118287671983824,10
Italy,2020-06-28,0.7135679859121656,0.9681823956577144,0.45308745713272847,0.8373902978245478,0.5914996089179574,0.4430864204822917,0.0002730409376840992,0.19385781435360244,0.0008118287671983824,10
Italy,2020-06-29,0.6856126607340782,0.943910528129857,0.42530401392526074,0.8086268050788414,0.5635432243106124,0.4430864204822917,0.0002730409376840992,0.19385781435360244,0.0008118287671983824,10
Italy,2020-06-30,0.7003140828440275,0.9590038359877306,0.4417612458826896,0.8228544980941883,0.5768306567395849,0.4430864204822917,0.0002730409376840992,0.19385781435360244,0.0008118287671983824,10
Italy,2020-07-01,0.7458873316900743,1.00440286256926,0.4894748187879837,0.8676954407755378,0.6237369123415457,0.4430864204822917,0.0002730409376840992,0.19385781435360244,0.0008118287671983824,10
Italy,2020-07-02,0.7930926096633909,1.051705696825933,0.5361777902914524,0.9150641231742331,0.6719963799863569,0.4430864204822917,0.0002730409376840992,0.19385781435360244,0.0008118287671983824,10
Italy,2020-07-03,0.8328018319262753,1.0903466035446066,0.5762732061081203,0.9551956404826417,0.7114191763568778,0.4430864204822917,0.0002730409376840992,0.19385781435360244,0.0008118287671983824,10
Italy,2020-07-04,0.8538298304848436,1.1085010373605233,0.5996864030497535,0.9767986053470309,0.7306738497371421,0.4430864204822917,0.0002730409376840992,0.19385781435360244,0.0008118287671983824,10
Italy,2020-07-05,0.8483968903118106,1.1036105326145533,0.5907211084075683,0.9703827678496599,0.7252453270842865,0.4430864204822917,0.0002730409376840992,0.19385781435360244,0.0008118287671983824,10
Italy,2020-07-06,0.8508595023575913,1.105543872907485,0.5955883514081272,0.9717156802756852,0.7289787616715304,0.4430864204822917,0.0002730409376840992,0.19385781435360244,0.0008118287671983824,10
Italy,2020-07-07,0.8423368429368853,1.1002728236074606,0.5820648522249705,0.9647715042463086,0.7199735119648053,0.4430864204822917,0.0002730409376840992,0.19385781435360244,0.0008118287671983824,10
Italy,2020-07-08,0.8826301211624565,1.1423949494552073,0.6217830872092218,1.0052494281727153,0.7611316436684554,0.4430864204822917,0.0002730409376840992,0.19385781435360244,0.0008118287671983824,10
Italy,2020-07-09,0.9260485679758917,1.186597150860023,0.6690782471714514,1.0487338351437259,0.8036209729210644,0.4430864204822917,0.0002730409376840992,0.19385781435360244,0.0008118287671983824,10
Italy,2020-07-10,0.9581343973259251,1.2189005774019008,0.6975270922716963,1.0811304646955218,0.8367808714369626,0.4430864204822917,0.0002730409376840992,0.19385781435360244,0.0008118287671983824,10
Italy,2020-07-11,0.9308505774869087,1.1859468361638288,0.674535463561166,1.0527978191002316,0.8092052455918415,0.4430864204822917,0.0002730409376840992,0.19385781435360244,0.0008118287671983824,10
Italy,2020-07-12,0.9203651026757991,1.176855808022612,0.6646484944703733,1.0426806438045546,0.7982056651358,0.4430864204822917,0.0002730409376840992,0.19385781435360244,0.0008118287671983824,10
Italy,2020-07-13,0.8818326582434772,1.1389059587264307,0.6238349089592521,1.0039527250825198,0.7585398994481737,0.4430864204822917,0.0002730409376840992,0.19385781435360244,0.0008118287671983824,10
Italy,2020-07-14,0.8649189724858187,1.1237631645407689,0.6039215673338205,0.9883242555931925,0.741856623478858,0.4430864204822917,0.0002730409376840992,0.19385781435360244,0.0008118287671983824,10
Italy,2020-07-15,0.9123537487862438,1.165158201004907,0.6541798619224233,1.0353666119000888,0.791225566136609,0.4430864204822917,0.0002730409376840992,0.19385781435360244,0.0008118287671983824,10
Italy,2020-07-16,0.9827351720896557,1.2393784994978418,0.7269575573537406,1.1051454319178757,0.8597713080511231,0.4430864204822917,0.0002730409376840992,0.19385781435360244,0.0008118287671983824,10
Italy,2020-07-17,1.023209250749449,1.2850997702502867,0.7672502039873754,1.1450893119023393,0.901446516287737,0.4430864204822917,0.0002730409376840992,0.19385781435360244,0.0008118287671983824,10
Italy,2020-07-18,1.0419135703252211,1.2994331550238627,0.7863197625966978,1.1630725933142814,0.9198775703338739,0.4430864204822917,0.0002730409376840992,0.19385781435360244,0.0008118287671983824,10
Italy,2020-07-19,1.0315619941330654,1.2892231129307006,0.7780084619776306,1.1530556357150483,0.91017165373074,0.4430864204822917,0.0002730409376840992,0.19385781435360244,0.0008118287671983824,10
Italy,2020-07-20,1.0202910026284195,1.276514309670239,0.7615645026386212,1.1430712976484436,0.8992317802517643,0.4430864204822917,0.0002730409376840992,0.19385781435360244,0.0008118287671983824,10
Italy,2020-07-21,1.0321429944965306,1.2897909645948737,0.7728682534512014,1.1545220096977753,0.909370499452679,0.4430864204822917,0.0002730409376840992,0.19385781435360244,0.0008118287671983824,10
Italy,2020-07-22,1.1245285192855392,1.3791562815775311,0.8677696675596681,1.2467180490547334,1.0040663657530249,0.4430864204822917,0.0002730409376840992,0.19385781435360244,0.0008118287671983824,10
Italy,2020-07-23,1.1680505302610782,1.4271068142235435,0.9112334533236717,1.2904812813714435,1.0457293699569095,0.4430864204822917,0.0002730409376840992,0.19385781435360244,0.0008118287671983824,10
Italy,2020-07-24,1.1549952780729371,1.4107221387056537,0.8975374970108161,1.2771135930892188,1.033270846891556,0.4430864204822917,0.0002730409376840992,0.19385781435360244,0.0008118287671983824,10
Italy,2020-07-25,1.1443885059979457,1.4016580608282792,0.8852642901538572,1.2660766595489257,1.022977515597577,0.4430864204822917,0.0002730409376840992,0.19385781435360244,0.0008118287671983824,10
Italy,2020-07-26,1.1146496116348688,1.3680207925901222,0.8604622851871679,1.2353752103054172,0.993064910509843,0.4430864204822917,0.0002730409376840992,0.19385781435360244,0.0008118287671983824,10
Italy,2020-07-27,1.0849290286117967,1.3440966333250057,0.8269516695439273,1.2058437412164846,0.963643283965365,0.4430864204822917,0.0002730409376840992,0.19385781435360244,0.0008118287671983824,10
Italy,2020-07-28,1.1236679272559276,1.3829147357927045,0.8636364939794026,1.2451042886953299,1.0019199990195011,0.4430864204822917,0.0002730409376840992,0.19385781435360244,0.0008118287671983824,10
Italy,2020-07-29,1.2057835325941013,1.4663093201296942,0.9502617558196912,1.3281485638166037,1.0828355350126206,0.4430864204822917,0.0002730409376840992,0.19385781435360244,0.0008118287671983824,10
Italy,2020-07-30,1.2689070955336204,1.529126863372503,1.0118200097929284,1.391450339945249,1.1455264134771213,0.4430864204822917,0.0002730409376840992,0.19385781435360244,0.0008118287671983824,10
Italy,2020-07-31,1.2543713518864479,1.5180082053921393,0.9979755984253189,1.3774233794580881,1.1302914523684187,0.4430864204822917,0.0002730409376840992,0.19385781435360244,0.0008118287671983824,10
Italy,2020-08-01,1.182923829671606,1.4394628722377554,0.9274059706374299,1.305409112066855,1.0604637964714716,0.4430864204822917,0.0002730409376840992,0.19385781435360244,0.0008118287671983824,10
Italy,2020-08-02,1.118671659155286,1.3787712849251326,0.858582700699145,1.240231604028571,0.9953649556986981,0.4430864204822917,0.0002730409376840992,0.19385781435360244,0.0008118287671983824,10
Italy,2020-08-03,1.0929038164521465,1.351935131795959,0.8288520542974926,1.2174086861158313,0.9685989632023243,0.4430864204822917,0.0002730409376840992,0.19385781435360244,0.0008118287671983824,10
Italy,2020-08-04,1.1574096513874343,1.4151964797795489,0.8942153969920746,1.2806920613287478,1.0346926805540408,0.4430864204822917,0.0002730409376840992,0.19385781435360244,0.0008118287671983824,10
Italy,2020-08-05,1.2971876107924656,1.5563248900532454,1.0421157595745785,1.420783308640141,1.1746949277701322,0.4430864204822917,0.0002730409376840992,0.19385781435360244,0.0008118287671983824,10
Italy,2020-08-06,1.382474249505856,1.6414322816126874,1.123544636359473,1.5062407776662714,1.2600435945130077,0.4430864204822917,0.0002730409376840992,0.19385781435360244,0.0008118287671983824,10
Italy,2020-08-07,1.4351415531518696,1.6989033448078719,1.171215157087584,1.5594816703127783,1.3109289383036102,0.4430864204822917,0.0002730409376840992,0.19385781435360244,0.0008118287671983824,10
Italy,2020-08-08,1.3736186929398264,1.6322210331505247,1.1105269393691084,1.496565201182166,1.2505711920254605,0.4430864204822917,0.0002730409376840992,0.19385781435360244,0.0008118287671983824,10
Italy,2020-08-09,1.3544845732681383,1.6153863453085133,1.0951662431720866,1.477423457691602,1.229925682942006,0.4430864204822917,0.0002730409376840992,0.19385781435360244,0.0008118287671983824,10
Italy,2020-08-10,1.302441211345953,1.562519499422664,1.0396356850841253,1.4276115388382515,1.17792229419072,0.4430864204822917,0.0002730409376840992,0.19385781435360244,0.0008118287671983824,10
Italy,2020-08-11,1.3460685082435158,1.6049006117753701,1.0851665227607685,1.4689613058815352,1.2237144461046954,0.4430864204822917,0.0002730409376840992,0.19385781435360244,0.0008118287671983824,10
Italy,2020-08-12,1.394114856130837,1.6488958315020041,1.137042230008137,1.515170659265288,1.2728076498022325,0.4430864204822917,0.0002730409376840992,0.19385781435360244,0.0008118287671983824,10
Italy,2020-08-13,1.4281233422321007,1.6853989659548922,1.1739788411333436,1.5484746939361234,1.3069966945343579,0.4430864204822917,0.0002730409376840992,0.19385781435360244,0.0008118287671983824,10
Italy,2020-08-14,1.4405059250919665,1.6966118957034537,1.1863674982626242,1.5606520845788996,1.3194248659768186,0.4430864204822917,0.0002730409376840992,0.19385781435360244,0.0008118287671983824,10
Italy,2020-08-15,1.4223592818772526,1.6785577601023318,1.1654202909891969,1.544606087444544,1.2998200977143317,0.4430864204822917,0.0002730409376840992,0.19385781435360244,0.0008118287671983824,10
Italy,2020-08-16,1.357787806807747,1.6183200569145924,1.0969979973373065,1.4788523820165185,1.235749508191996,0.4430864204822917,0.0002730409376840992,0.19385781435360244,0.0008118287671983824,10
Italy,2020-08-17,1.324927889260796,1.5833207051706963,1.0568890898575274,1.4504728289066862,1.20032956084925,0.4430864204822917,0.0002730409376840992,0.19385781435360244,0.0008118287671983824,10
Italy,2020-08-18,1.397461773812264,1.654973880788915,1.131378480810996,1.521144452201129,1.274387226965913,0.4430864204822917,0.0002730409376840992,0.19385781435360244,0.0008118287671983824,10
Italy,2020-08-19,1.5464406545639098,1.8004387910929012,1.2934131471057484,1.666400526742608,1.4263869168913337,0.4430864204822917,0.0002730409376840992,0.19385781435360244,0.0008118287671983824,10
Italy,2020-08-20,1.6847814540797574,1.9482531432755903,1.424688931021181,1.8068341571532842,1.5621798324070024,0.4430864204822917,0.0002730409376840992,0.19385781435360244,0.0008118287671983824,10
Italy,2020-08-21,1.7678532445924304,2.0349406300200488,1.5085080589220206,1.8908539140049032,1.6433873635081586,0.4430864204822917,0.0002730409376840992,0.19385781435360244,0.0008118287671983824,10
Italy,2020-08-22,1.8039506405297376,2.0727916338815966,1.544907656356179,1.9279657951494955,1.6765218812077567,0.4430864204822917,0.0002730409376840992,0.19385781435360244,0.0008118287671983824,10
Italy,2020-08-23,1.789371573019481,2.0553247047888394,1.5312714135668557,1.9131817338406043,1.6649463945465681,0.4430864204822917,0.0002730409376840992,0.19385781435360244,0.0008118287671983824,10
Italy,2020-08-24,1.7105907079098952,1.9665439167470655,1.4540228540909994,1.8326792452076681,1.5877429188739964,0.4430864204822917,0.0002730409376840992,0.19385781435360244,0.0008118287671983824,10
Italy,2020-08-25,1.6723341780041237,1.9285424363830814,1.418321629841432,1.7940121038330936,1.5499380525171502,0.4430864204822917,0.0002730409376840992,0.19385781435360244,0.0008118287671983824,10
Italy,2020-08-26,1.705950361627567,1.9644201143169555,1.4520061587295119,1.8288723057052605,1.5814288345693546,0.4430864204822917,0.0002730409376840992,0.19385781435360244,0.0008118287671983824,10
Italy,2020-08-27,1.684527366639864,1.9438710762642555,1.4318781017673683,1.8083446436028967,1.5617042147925235,0.4430864204822917,0.0002730409376840992,0.19385781435360244,0.0008118287671983824,10
Italy,2020-08-28,1.6296498620265578,1.891168958934367,1.371907389965716,1.751652761081779,1.5079007646600457,0.4430864204822917,0.0002730409376840992,0.19385781435360244,0.0008118287671983824,10
Italy,2020-08-29,1.5461065217528998,1.8064529193726226,1.2926969719811905,1.6672488265133878,1.4246946839125507,0.4430864204822917,0.0002730409376840992,0.19385781435360244,0.0008118287671983824,10
Italy,2020-08-30,1.4476117491160607,1.7046436274521632,1.191757803885356,1.568300276060485,1.3270274660597587,0.4430864204822917,0.0002730409376840992,0.19385781435360244,0.0008118287671983824,10
Italy,2020-08-31,1.3452740725504313,1.6025803787207824,1.0813594859920301,1.467606851374439,1.22200963742414,0.4430864204822917,0.0002730409376840992,0.19385781435360244,0.0008118287671983824,10
Italy,2020-09-01,1.3062943381390615,1.5628722843662655,1.0469763584868195,1.4295398207357708,1.182856247344381,0.4430864204822917,0.0002730409376840992,0.19385781435360244,0.0008118287671983824,10
Italy,2020-09-02,1.3292755147613051,1.5894462976159565,1.0694432534352982,1.451851855397691,1.2072591817794796,0.4430864204822917,0.0002730409376840992,0.19385781435360244,0.0008118287671983824,10
Italy,2020-09-03,1.347167581867353,1.6057424807308722,1.085713910086508,1.4710787392898184,1.2245415724155428,0.4430864204822917,0.0002730409376840992,0.19385781435360244,0.0008118287671983824,10
Italy,2020-09-04,1.360060115831375,1.6221676747435319,1.0983211246234457,1.4832321270972462,1.2380619570752007,0.4430864204822917,0.0002730409376840992,0.19385781435360244,0.0008118287671983824,10
Italy,2020-09-05,1.320106458108288,1.5799388107625545,1.06288063549187,1.4424874737531406,1.1976754453400726,0.4430864204822917,0.0002730409376840992,0.19385781435360244,0.0008118287671983824,10
Italy,2020-09-06,1.2423948041534838,1.4997295317887085,0.9848995873333724,1.3651150201047408,1.1199783311814713,0.4430864204822917,0.0002730409376840992,0.19385781435360244,0.0008118287671983824,10
Italy,2020-09-07,1.1943480533338109,1.4523219300344379,0.9360465027023086,1.3181790378439044,1.0721405802335278,0.4430864204822917,0.0002730409376840992,0.19385781435360244,0.0008118287671983824,10
Italy,2020-09-08,1.1886849997703597,1.4471409932550419,0.9345733523175952,1.3113827196436425,1.0657386016893475,0.4430864204822917,0.0002730409376840992,0.19385781435360244,0.0008118287671983824,10
Italy,2020-09-09,1.1907300168474273,1.4507774706660914,0.930967684539719,1.3145925253560655,1.0687330298855917,0.4430864204822917,0.0002730409376840992,0.19385781435360244,0.0008118287671983824,10
Italy,2020-09-10,1.1929490570112589,1.4469910684584464,0.934586206505951,1.316812388254565,1.0699653060195269,0.4430864204822917,0.0002730409376840992,0.19385781435360244,0.0008118287671983824,10
Italy,2020-09-11,1.1751572428672452,1.431552495895956,0.9173004318447597,1.2974163458026533,1.0535677825867171,0.4430864204822917,0.0002730409376840992,0.19385781435360244,0.0008118287671983824,10
Italy,2020-09-12,1.1374030508468915,1.3937293091603746,0.8811590263722913,1.2591129885261085,1.0171453748159376,0.4430864204822917,0.0002730409376840992,0.19385781435360244,0.0008118287671983824,10
Italy,2020-09-13,1.097812209514332,1.3562564768247363,0.8406928861209058,1.2198868294097092,0.9753666554075673,0.4430864204822917,0.0002730409376840992,0.19385781435360244,0.0008118287671983824,10
Italy,2020-09-14,1.0574627969108106,1.3158993012278475,0.7988577088840281,1.1793589238452364,0.9357751574009174,0.4430864204822917,0.0002730409376840992,0.19385781435360244,0.0008118287671983824,10
Italy,2020-09-15,1.0721301970391486,1.3302114093786912,0.8120362477172192,1.1951918155679682,0.949597059774379,0.4430864204822917,0.0002730409376840992,0.19385781435360244,0.0008118287671983824,10
Italy,2020-09-16,1.112193755665216,1.373805335444772,0.8541392557143894,1.2358357165139493,0.9890614824225157,0.4430864204822917,0.0002730409376840992,0.19385781435360244,0.0008118287671983824,10
Italy,2020-09-17,1.150408446914996,1.4147324037090518,0.8877119715178752,1.2755641357474141,1.026476109744041,0.4430864204822917,0.0002730409376840992,0.19385781435360244,0.0008118287671983824,10
Italy,2020-09-18,1.1756336269119405,1.4387751786161256,0.9133294024668365,1.3001285489001277,1.0527319815712652,0.4430864204822917,0.0002730409376840992,0.19385781435360244,0.0008118287671983824,10
Italy,2020-09-19,1.1542247829901566,1.4072714619772007,0.8942076077709942,1.2768592720654515,1.0318604772612292,0.4430864204822917,0.0002730409376840992,0.19385781435360244,0.0008118287671983824,10
Italy,2020-09-20,1.1283095563955665,1.3878414389521836,0.8695899379806488,1.250570450473297,1.0061454592081005,0.4430864204822917,0.0002730409376840992,0.19385781435360244,0.0008118287671983824,10
Italy,2020-09-21,1.104128663706612,1.361844899972196,0.8453775961628349,1.2262025116752349,0.9820228030173703,0.4430864204822917,0.0002730409376840992,0.19385781435360244,0.0008118287671983824,10
Italy,2020-09-22,1.1101984621058438,1.3700831322514917,0.8498336883341413,1.233764921044564,0.9881737076367967,0.4430864204822917,0.0002730409376840992,0.19385781435360244,0.0008118287671983824,10
Italy,2020-09-23,1.1417461055255673,1.3983207433769913,0.8816162058503177,1.2649054998399007,1.0182436556656818,0.4430864204822917,0.0002730409376840992,0.19385781435360244,0.0008118287671983824,10
Italy,2020-09-24,1.171120784868728,1.429278969187325,0.9120290631270802,1.2927386753986103,1.0477734709445499,0.4430864204822917,0.0002730409376840992,0.19385781435360244,0.0008118287671983824,10
Italy,2020-09-25,1.1888193076510274,1.4490836974432686,0.9335563589210059,1.3113642044109382,1.0667765905228201,0.4430864204822917,0.0002730409376840992,0.19385781435360244,0.0008118287671983824,10
Italy,2020-09-26,1.185618283386308,1.4434426601343873,0.9278283209556298,1.3087997310116926,1.0633511704543996,0.4430864204822917,0.0002730409376840992,0.19385781435360244,0.0008118287671983824,10
Italy,2020-09-27,1.1740636309985555,1.4312730615781668,0.9171608789514493,1.2972967906404018,1.049701462711655,0.4430864204822917,0.0002730409376840992,0.19385781435360244,0.0008118287671983824,10
Italy,2020-09-28,1.1703706061830461,1.4307752363570454,0.9102876647204765,1.292839902998422,1.0478309368546956,0.4430864204822917,0.0002730409376840992,0.19385781435360244,0.0008118287671983824,10
Italy,2020-09-29,1.209937507807298,1.4660695333265081,0.9504409255239511,1.3331686564792542,1.08630638514737,0.4430864204822917,0.0002730409376840992,0.19385781435360244,0.0008118287671983824,10
Italy,2020-09-30,1.2778815163258672,1.5338202577549631,1.013632585732792,1.400960957783398,1.1558213649502225,0.4430864204822917,0.0002730409376840992,0.19385781435360244,0.0008118287671983824,10
Italy,2020-10-01,1.367694291285921,1.6264740594442892,1.11088011912238,1.4906021627757526,1.2458661436474947,0.4430864204822917,0.0002730409376840992,0.19385781435360244,0.0008118287671983824,10
Italy,2020-10-02,1.4128742946679005,1.6702098779613346,1.1568985513938683,1.534329732648333,1.2913630602084687,0.4430864204822917,0.0002730409376840992,0.19385781435360244,0.0008118287671983824,10
Italy,2020-10-03,1.4493016295886851,1.7074855848283843,1.1953587296423005,1.5698310684188066,1.326755313345278,0.4430864204822917,0.0002730409376840992,0.19385781435360244,0.0008118287671983824,10
Italy,2020-10-04,1.4554813728224558,1.7109429554570734,1.1962946175840774,1.5781927058880756,1.3329773561677865,0.4430864204822917,0.0002730409376840992,0.19385781435360244,0.0008118287671983824,10
Italy,2020-10-05,1.479376676494428,1.7344733082489385,1.2180593028801707,1.6027530076286487,1.3561216518643584,0.4430864204822917,0.0002730409376840992,0.19385781435360244,0.0008118287671983824,10
Italy,2020-10-06,1.5641959432182624,1.8215132807109242,1.3055911375021276,1.6857174970973787,1.4419944320152556,0.4430864204822917,0.0002730409376840992,0.19385781435360244,0.0008118287671983824,10
Italy,2020-10-07,1.6925087971389905,1.9536261950141944,1.4354708180724747,1.8152334813594697,1.5705481134519517,0.4430864204822917,0.0002730409376840992,0.19385781435360244,0.0008118287671983824,10
Italy,2020-10-08,1.8003157802537606,2.063644000471016,1.5441297812974262,1.9236574536244277,1.6767445812022075,0.4430864204822917,0.0002730409376840992,0.19385781435360244,0.0008118287671983824,10
Italy,2020-10-09,1.868379687493161,2.132731048113282,1.611441134723163,1.991818072700278,1.7450262135819798,0.4430864204822917,0.0002730409376840992,0.19385781435360244,0.0008118287671983824,10
Italy,2020-10-10,1.8751450754242829,2.134782475576592,1.6155788710675438,1.9970951551135177,1.7531118003826438,0.4430864204822917,0.0002730409376840992,0.19385781435360244,0.0008118287671983824,10
Italy,2020-10-11,1.8377763052510618,2.09541128326999,1.580283861524117,1.9585399398658685,1.7167555985566674,0.4430864204822917,0.0002730409376840992,0.19385781435360244,0.0008118287671983824,10
Italy,2020-10-12,1.8103213716783346,2.0647904730925433,1.5504483674639076,1.9332301783963086,1.6881352323638539,0.4430864204822917,0.0002730409376840992,0.19385781435360244,0.0008118287671983824,10
Italy,2020-10-13,1.8587180723926455,2.1169599267843635,1.6007343793094273,1.9813859743881488,1.7360184919359725,0.4430864204822917,0.0002730409376840992,0.19385781435360244,0.0008118287671983824,10
Italy,2020-10-14,1.932920201290259,2.1910581268423988,1.6745800989123396,2.0551460216939397,1.8103967284898146,0.4430864204822917,0.0002730409376840992,0.19385781435360244,0.0008118287671983824,10
Italy,2020-10-15,1.9931755405022136,2.2533681549157425,1.7410336619150066,2.115493648524354,1.8701360058868388,0.4430864204822917,0.0002730409376840992,0.19385781435360244,0.0008118287671983824,10
Italy,2020-10-16,2.0186864737526564,2.2758576761061637,1.7605907336192614,2.14247887560984,1.8960152396611023,0.4430864204822917,0.0002730409376840992,0.19385781435360244,0.0008118287671983824,10
Italy,2020-10-17,2.0052122236614798,2.2636275027553157,1.7494663218167312,2.1268640144378015,1.8834454612768639,0.4430864204822917,0.0002730409376840992,0.19385781435360244,0.0008118287671983824,10
Italy,2020-10-18,1.9608008780757509,2.212501177530911,1.709251819380912,2.080439672477812,1.8398072460520325,0.4430864204822917,0.0002730409376840992,0.19385781435360244,0.0008118287671983824,10
Italy,2020-10-19,1.8943481490719778,2.1476629135325185,1.643344626035648,2.015098688629622,1.7726495857610212,0.4430864204822917,0.0002730409376840992,0.19385781435360244,0.0008118287671983824,10
Italy,2020-10-20,1.9049317097790988,2.157821677725539,1.6502218805480704,2.0251604949064634,1.7836608666135074,0.4430864204822917,0.0002730409376840992,0.19385781435360244,0.0008118287671983824,10
Italy,2020-10-21,1.964828541689423,2.223676979606016,1.7084667370740039,2.085011301715155,1.843138287695903,0.4430864204822917,0.0002730409376840992,0.19385781435360244,0.0008118287671983824,10
Italy,2020-10-22,1.9831849796500445,2.2430409571457126,1.729439954275486,2.1037997324867375,1.8621383810376275,0.4430864204822917,0.0002730409376840992,0.19385781435360244,0.0008118287671983824,10
Italy,2020-10-23,1.9852312305361117,2.2428870558244114,1.7333473611142594,2.107434559150472,1.863101951245789,0.4430864204822917,0.0002730409376840992,0.19385781435360244,0.0008118287671983824,10
Italy,2020-10-24,1.9457612101382085,2.2038973461676097,1.6895399485943423,2.0694755527993722,1.8235567114936084,0.4430864204822917,0.0002730409376840992,0.19385781435360244,0.0008118287671983824,10
Italy,2020-10-25,1.8889488743640312,2.143938660563847,1.6341566902667841,2.011444298413278,1.767096954856747,0.4430864204822917,0.0002730409376840992,0.19385781435360244,0.0008118287671983824,10
Italy,2020-10-26,1.8159989214941514,2.0730872008850127,1.5597930367796857,1.937332195484599,1.6938469312739928,0.4430864204822917,0.0002730409376840992,0.19385781435360244,0.0008118287671983824,10
Italy,2020-10-27,1.810930759211832,2.063138985588175,1.5571469478076443,1.9323177014690247,1.6903967491137637,0.4430864204822917,0.0002730409376840992,0.19385781435360244,0.0008118287671983824,10
Italy,2020-10-28,1.8109517308675698,2.06684293934574,1.5562805515552154,1.9332028105206973,1.6891379016142478,0.4430864204822917,0.0002730409376840992,0.19385781435360244,0.0008118287671983824,10
Italy,2020-10-29,1.7971967141605933,2.056876677855928,1.5385907649882073,1.9215136627404799,1.6758650824309214,0.4430864204822917,0.0002730409376840992,0.19385781435360244,0.0008118287671983824,10
Italy,2020-10-30,1.7715474173403198,2.0319319927536226,1.5149309151505368,1.8934750755044687,1.6492786172826601,0.4430864204822917,0.0002730409376840992,0.19385781435360244,0.0008118287671983824,10
Italy,2020-10-31,1.7033100534398864,1.961394406096931,1.447493596734198,1.822265587253701,1.5843039363739622,0.4430864204822917,0.0002730409376840992,0.19385781435360244,0.0008118287671983824,10
Italy,2020-11-01,1.607666318326038,1.8648027566634773,1.3549134537189151,1.7288633830202285,1.4858528551684365,0.4430864204822917,0.0002730409376840992,0.19385781435360244,0.0008118287671983824,10
Italy,2020-11-02,1.5133210156432295,1.7712917663530778,1.254439848601414,1.6362855363008135,1.3913426405110327,0.4430864204822917,0.0002730409376840992,0.19385781435360244,0.0008118287671983824,10
Italy,2020-11-03,1.4939062027257173,1.749752294033713,1.2319543647736029,1.6173529682296057,1.372801572977677,0.4430864204822917,0.0002730409376840992,0.19385781435360244,0.0008118287671983824,10
Italy,2020-11-04,1.4894378048833863,1.7440954500460197,1.2347008515206945,1.6110100049009066,1.3700781425818143,0.4430864204822917,0.0002730409376840992,0.19385781435360244,0.0008118287671983824,10
Italy,2020-11-05,1.4908785332861132,1.7468875806439956,1.2337232541794256,1.6128892069597807,1.3698881099322917,0.4430864204822917,0.0002730409376840992,0.19385781435360244,0.0008118287671983824,10
Italy,2020-11-06,1.4743775265652834,1.7352260742242338,1.218597170055303,1.5969740498664016,1.3520748123736421,0.4430864204822917,0.0002730409376840992,0.19385781435360244,0.0008118287671983824,10
Italy,2020-11-07,1.4265676516935235,1.6827360187918674,1.1676480076170122,1.5492228894291427,1.3027568033780663,0.4430864204822917,0.0002730409376840992,0.19385781435360244,0.0008118287671983824,10
Italy,2020-11-08,1.3420084201256122,1.5992047841534336,1.0841215002514177,1.4641470579845284,1.2192524244446878,0.4430864204822917,0.0002730409376840992,0.19385781435360244,0.0008118287671983824,10
Italy,2020-11-09,1.2771138000197442,1.5325153624215067,1.0157529494960638,1.400475196282835,1.153084775722046,0.4430864204822917,0.0002730409376840992,0.19385781435360244,0.0008118287671983824,10
Italy,2020-11-10,1.274734669964035,1.5311724325509974,1.0174781042363756,1.397336600133487,1.1516659513249567,0.4430864204822917,0.0002730409376840992,0.19385781435360244,0.0008118287671983824,10
Italy,2020-11-11,1.2637700158028475,1.5233519299101141,1.0067783053194543,1.3848137797968905,1.1419376370775685,0.4430864204822917,0.0002730409376840992,0.19385781435360244,0.0008118287671983824,10
Italy,2020-11-12,1.2632266556588985,1.5189707776066896,1.0056945831596757,1.3852859074344872,1.1418858178614038,0.4430864204822917,0.0002730409376840992,0.19385781435360244,0.0008118287671983824,10
Italy,2020-11-13,1.2458915307477088,1.5036516092099994,0.991264955953519,1.3667801916314384,1.1240891511808997,0.4430864204822917,0.0002730409376840992,0.19385781435360244,0.0008118287671983824,10
Italy,2020-11-14,1.1950976634748667,1.4506123814483534,0.9388327963079541,1.3171085124032755,1.073341272199967,0.4430864204822917,0.0002730409376840992,0.19385781435360244,0.0008118287671983824,10
Italy,2020-11-15,1.1390552931677782,1.3951617311546363,0.8805325618511154,1.2610940100928671,1.0184053802755102,0.4430864204822917,0.0002730409376840992,0.19385781435360244,0.0008118287671983824,10
Italy,2020-11-16,1.0899375554000763,1.3489992609599517,0.8306275406977611,1.2113170100697572,0.9666099713833675,0.4430864204822917,0.0002730409376840992,0.19385781435360244,0.0008118287671983824,10
Italy,2020-11-17,1.0807960692975163,1.3442751609834303,0.8209457225689849,1.202226043704127,0.9586683434583001,0.4430864204822917,0.0002730409376840992,0.19385781435360244,0.0008118287671983824,10
Italy,2020-11-18,1.0779225767519396,1.3351510660578525,0.8178230126319166,1.2020536235321497,0.9555868237701767,0.4430864204822917,0.0002730409376840992,0.19385781435360244,0.0008118287671983824,10
Italy,2020-11-19,1.069523969280865,1.3291946311871583,0.8102377460579013,1.19272029322604,0.9463632972113543,0.4430864204822917,0.0002730409376840992,0.19385781435360244,0.0008118287671983824,10
Italy,2020-11-20,1.0443387633410959,1.3026986933903384,0.7888317379171917,1.1687432426869089,0.9211571795743058,0.4430864204822917,0.0002730409376840992,0.19385781435360244,0.0008118287671983824,10
Italy,2020-11-21,0.9966266451008116,1.2542678191013965,0.7403702265488794,1.1200187932270012,0.8730216868398852,0.4430864204822917,0.0002730409376840992,0.19385781435360244,0.0008118287671983824,10
Italy,2020-11-22,0.9326841167764708,1.190985325726764,0.6736729208351402,1.0548017538403929,0.8093155928664273,0.4430864204822917,0.0002730409376840992,0.19385781435360244,0.0008118287671983824,10
Italy,2020-11-23,0.8818627909545753,1.13639886265597,0.6249757393336544,1.0032000397880407,0.7592623420622862,0.4430864204822917,0.0002730409376840992,0.19385781435360244,0.0008118287671983824,10
Italy,2020-11-24,0.8613365191501139,1.118680128017607,0.6009710422787184,0.9829159281281736,0.7407854234622094,0.4430864204822917,0.0002730409376840992,0.19385781435360244,0.0008118287671983824,10
Italy,2020-11-25,0.8649036245837188,1.1237493355134835,0.6058999354460377,0.9879796560452228,0.7426894103991464,0.4430864204822917,0.0002730409376840992,0.19385781435360244,0.0008118287671983824,10
Italy,2020-11-26,0.8713618645702746,1.1242091174315703,0.6136055446138972,0.993531674127263,0.7490725667446112,0.4430864204822917,0.0002730409376840992,0.19385781435360244,0.0008118287671983824,10
Italy,2020-11-27,0.8580512285888224,1.1176984183705208,0.6023617369407739,0.9802042170045446,0.7350934406483405,0.4430864204822917,0.0002730409376840992,0.19385781435360244,0.0008118287671983824,10
Italy,2020-11-28,0.8262073697631597,1.0799337930662896,0.568293262362443,0.9490090333758436,0.7031395489919987,0.4430864204822917,0.0002730409376840992,0.19385781435360244,0.0008118287671983824,10
Italy,2020-11-29,0.7853330487282902,1.0449833485656632,0.5270983941764713,0.9092878506634575,0.6620492176756766,0.4430864204822917,0.0002730409376840992,0.19385781435360244,0.0008118287671983824,10
Italy,2020-11-30,0.7582632076793326,1.0191546066146595,0.49821757406218836,0.8808372526446513,0.6348340034658637,0.4430864204822917,0.0002730409376840992,0.19385781435360244,0.0008118287671983824,10
Italy,2020-12-01,0.7669612690724923,1.0249544899884457,0.507863485645146,0.8883364854976745,0.6448865895483739,0.4430864204822917,0.0002730409376840992,0.19385781435360244,0.0008118287671983824,10
Italy,2020-12-02,0.7846426553660704,1.0426902637471303,0.5254291967564386,0.9068469469438923,0.6612700312687532,0.4430864204822917,0.0002730409376840992,0.19385781435360244,0.0008118287671983824,10
Italy,2020-12-03,0.8042637862359602,1.0634617530905817,0.5468497634152405,0.9279354055563319,0.6824112159582738,0.4430864204822917,0.0002730409376840992,0.19385781435360244,0.0008118287671983824,10
Italy,2020-12-04,0.8060465183061999,1.0658298384959686,0.5509171399100514,0.92923627066698,0.6837448995310709,0.4430864204822917,0.0002730409376840992,0.19385781435360244,0.0008118287671983824,10
Italy,2020-12-05,0.7816758739123968,1.0397902785640125,0.5192876962165134,0.9049306929269929,0.6587369168764912,0.4430864204822917,0.0002730409376840992,0.19385781435360244,0.0008118287671983824,10
Italy,2020-12-06,0.750709473121633,1.0093097250976524,0.4907666362232733,0.8738204181373549,0.628359576292058,0.4430864204822917,0.0002730409376840992,0.19385781435360244,0.0008118287671983824,10
Italy,2020-12-07,0.7165921003614464,0.9756202781463656,0.4576367393746086,0.8401003837276179,0.5925531144686299,0.4430864204822917,0.0002730409376840992,0.19385781435360244,0.0008118287671983824,10
Italy,2020-12-08,0.7129185820706452,0.9734374539660035,0.45609849778979705,0.8349668147332324,0.589992257638245,0.4430864204822917,0.0002730409376840992,0.19385781435360244,0.0008118287671983824,10
Italy,2020-12-09,0.7215328551459638,0.9853574940271191,0.4635509285071433,0.8440632950739113,0.5967961695606253,0.4430864204822917,0.0002730409376840992,0.19385781435360244,0.0008118287671983824,10
Italy,2020-12-10,0.7630852990232889,1.0207324957029489,0.5048924662288128,0.8863097220143369,0.6400011417876535,0.4430864204822917,0.0002730409376840992,0.19385781435360244,0.0008118287671983824,10
Italy,2020-12-11,0.7978139004484963,1.0563198838085956,0.535632513735413,0.921539117988875,0.6757115833423891,0.4430864204822917,0.0002730409376840992,0.19385781435360244,0.0008118287671983824,10
Italy,2020-12-12,0.816021530607879,1.0756443990063698,0.5584793928025974,0.9373210301211484,0.6954834790461426,0.4430864204822917,0.0002730409376840992,0.19385781435360244,0.0008118287671983824,10
Italy,2020-12-13,0.8067909950950043,1.0639104127977412,0.5529922884829765,0.9293138609535988,0.6850390655943501,0.4430864204822917,0.0002730409376840992,0.19385781435360244,0.0008118287671983824,10
Italy,2020-12-14,0.7855466076393449,1.0421614147904597,0.5321430170509545,0.9075629884209003,0.6645076071326899,0.4430864204822917,0.0002730409376840992,0.19385781435360244,0.0008118287671983824,10
Italy,2020-12-15,0.8042291258719618,1.0627096225837513,0.5474212861197641,0.92540353423317,0.6846521428261568,0.4430864204822917,0.0002730409376840992,0.19385781435360244,0.0008118287671983824,10
Italy,2020-12-16,0.8331633077802125,1.0931710559655345,0.5744902513505068,0.95661555572678,0.7106002972783619,0.4430864204822917,0.0002730409376840992,0.19385781435360244,0.0008118287671983824,10
Italy,2020-12-17,0.8458801849356851,1.1079497586433655,0.5862418053543044,0.9694009599781302,0.7226033352078202,0.4430864204822917,0.0002730409376840992,0.19385781435360244,0.0008118287671983824,10
Italy,2020-12-18,0.835120413647954,1.090048778263334,0.5782925845223764,0.9556847785073773,0.7151043494112144,0.4430864204822917,0.0002730409376840992,0.19385781435360244,0.0008118287671983824,10
Italy,2020-12-19,0.8282840544383872,1.082763189276568,0.570624619905157,0.9495560956848025,0.7062400306500175,0.4430864204822917,0.0002730409376840992,0.19385781435360244,0.0008118287671983824,10
Italy,2020-12-20,0.8134813951033837,1.0689694354192103,0.558520387633306,0.9360626768948389,0.6911188986246057,0.4430864204822917,0.0002730409376840992,0.19385781435360244,0.0008118287671983824,10
Italy,2020-12-21,0.7955741764188607,1.05179003416026,0.540534882236513,0.9190027565042098,0.6729611775465141,0.4430864204822917,0.0002730409376840992,0.19385781435360244,0.0008118287671983824,10
Italy,2020-12-22,0.8153927513861583,1.072356702401741,0.5569462111938296,0.93726544826691,0.6928633309356618,0.4430864204822917,0.0002730409376840992,0.19385781435360244,0.0008118287671983824,10
Italy,2020-12-23,0.8446756748187618,1.1020452173402742,0.5863279432749894,0.9676829666520339,0.7214353618476541,0.4430864204822917,0.0002730409376840992,0.19385781435360244,0.0008118287671983824,10
Italy,2020-12-24,0.8771315191809811,1.1319898145198386,0.619907681126049,0.9982824147568032,0.7550437729241392,0.4430864204822917,0.0002730409376840992,0.19385781435360244,0.0008118287671983824,10
Italy,2020-12-25,0.8710918034523951,1.1283639901063063,0.6118283767649773,0.9935079562182478,0.7496373751020995,0.4430864204822917,0.0002730409376840992,0.19385781435360244,0.0008118287671983824,10
Italy,2020-12-26,0.8130797763664787,1.066776508795393,0.5576754893625089,0.9354171665357863,0.6906261981276094,0.4430864204822917,0.0002730409376840992,0.19385781435360244,0.0008118287671983824,10
Italy,2020-12-27,0.7937860548812287,1.0518108093726235,0.5331979908834954,0.9152375089347691,0.6712512203192141,0.4430864204822917,0.0002730409376840992,0.19385781435360244,0.0008118287671983824,10
Italy,2020-12-28,0.821798926698931,1.0789482962083066,0.5619384788669526,0.9448245106886409,0.6984670616134514,0.4430864204822917,0.0002730409376840992,0.19385781435360244,0.0008118287671983824,10
Italy,2020-12-29,0.9001432442436208,1.1569605731745525,0.6445252875273002,1.023244398863922,0.7774839112002263,0.4430864204822917,0.0002730409376840992,0.19385781435360244,0.0008118287671983824,10
Italy,2020-12-30,1.0079178920847087,1.2670331799085799,0.7550979477472567,1.1303374713863001,0.885793815128333,0.4430864204822917,0.0002730409376840992,0.19385781435360244,0.0008118287671983824,10
Italy,2020-12-31,1.0934161345325268,1.3564018393321975,0.8337373897904273,1.2187317029792526,0.969929847184159,0.4430864204822917,0.0002730409376840992,0.19385781435360244,0.0008118287671983824,10
Italy,2021-01-01,1.0832857505642088,1.3434664709199207,0.8260119216111983,1.2071046432130288,0.959973665954128,0.4430864204822917,0.0002730409376840992,0.19385781435360244,0.0008118287671983824,10
Italy,2021-01-02,1.0094793486492353,1.2680699360507603,0.7495564083086907,1.1294953651132318,0.8884659254434197,0.4430864204822917,0.0002730409376840992,0.19385781435360244,0.0008118287671983824,10
Italy,2021-01-03,0.9877874851189761,1.2403426063185357,0.7283595241240295,1.1097808239061873,0.8664907744956222,0.4430864204822917,0.0002730409376840992,0.19385781435360244,0.0008118287671983824,10
Italy,2021-01-04,0.9833919099859342,1.2408776788873404,0.7240632856173128,1.107135741200583,0.8596819886683528,0.4430864204822917,0.0002730409376840992,0.19385781435360244,0.0008118287671983824,10
Italy,2021-01-05,1.0339397300936959,1.2886787975793879,0.7734907783566238,1.156339572755442,0.9119350790096941,0.4430864204822917,0.0002730409376840992,0.19385781435360244,0.0008118287671983824,10
Italy,2021-01-06,1.0877997698100539,1.3473555099437107,0.8325435115213231,1.2100242749339352,0.9653529093799451,0.4430864204822917,0.0002730409376840992,0.19385781435360244,0.0008118287671983824,10
Italy,2021-01-07,1.0946876118251336,1.351734908450799,0.8406931327714025,1.2172872541826252,0.971767555534389,0.4430864204822917,0.0002730409376840992,0.19385781435360244,0.0008118287671983824,10
Italy,2021-01-08,1.086367793546291,1.3420217349707217,0.8301568641075684,1.2085237200786145,0.9634815044567359,0.4430864204822917,0.0002730409376840992,0.19385781435360244,0.0008118287671983824,10
Italy,2021-01-09,1.0770768967105515,1.3338027817342422,0.8222171853590746,1.1988118209966878,0.9548707255329791,0.4430864204822917,0.0002730409376840992,0.19385781435360244,0.0008118287671983824,10
Italy,2021-01-10,1.036848318580689,1.2946065329994325,0.7787339106263299,1.1581601014574299,0.9155033446319925,0.4430864204822917,0.0002730409376840992,0.19385781435360244,0.0008118287671983824,10
Italy,2021-01-11,0.9781960437075361,1.229566722960048,0.7222355978669277,1.0987504121631206,0.8559200235871085,0.4430864204822917,0.0002730409376840992,0.19385781435360244,0.0008118287671983824,10
Italy,2021-01-12,0.962555169180591,1.2201830646738356,0.7064924638214418,1.085183456354918,0.8393120943689076,0.4430864204822917,0.0002730409376840992,0.19385781435360244,0.0008118287671983824,10
Italy,2021-01-13,0.964581846564794,1.2198252511460588,0.7097351779486158,1.0865451474280332,0.8417981412328659,0.4430864204822917,0.0002730409376840992,0.19385781435360244,0.0008118287671983824,10
Italy,2021-01-14,0.9638843489466848,1.2223587675167054,0.709164440575142,1.084346540462692,0.8414450628915667,0.4430864204822917,0.0002730409376840992,0.19385781435360244,0.0008118287671983824,10
Italy,2021-01-15,0.9402697120423134,1.1920634658165759,0.6839302735302082,1.0622186668738487,0.8191692481058324,0.4430864204822917,0.0002730409376840992,0.19385781435360244,0.0008118287671983824,10
Italy,2021-01-16,0.9050914135316634,1.1576471257480845,0.6500833100645955,1.026888245747119,0.782779402416931,0.4430864204822917,0.0002730409376840992,0.19385781435360244,0.0008118287671983824,10
Italy,2021-01-17,0.851513332829149,1.1065131323829347,0.5927346804952487,0.9739983787953685,0.7297313488250099,0.4430864204822917,0.0002730409376840992,0.19385781435360244,0.0008118287671983824,10
Italy,2021-01-18,0.8122902711199047,1.0677722551591842,0.5564697247568304,0.9337113669038738,0.6897818137481617,0.4430864204822917,0.0002730409376840992,0.19385781435360244,0.0008118287671983824,10
Italy,2021-01-19,0.8218135725083893,1.0754824669411616,0.5642811993491438,0.9431189640262903,0.7001782773853664,0.4430864204822917,0.0002730409376840992,0.19385781435360244,0.0008118287671983824,10
Italy,2021-01-20,0.8559656764092114,1.1109957066269123,0.5979950049514711,0.9791668896740776,0.7351238132353108,0.4430864204822917,0.0002730409376840992,0.19385781435360244,0.0008118287671983824,10
Italy,2021-01-21,0.8769331369912019,1.1327824377248867,0.6240126946713697,0.9984693356074436,0.7567439078840915,0.4430864204822917,0.0002730409376840992,0.19385781435360244,0.0008118287671983824,10
Italy,2021-01-22,0.8808952825397366,1.1356998026742318,0.626991941776374,1.0026816650316226,0.7572725428414471,0.4430864204822917,0.0002730409376840992,0.19385781435360244,0.0008118287671983824,10
Italy,2021-01-23,0.8736081269785285,1.1337172921619778,0.6161878730645074,0.9945110829054015,0.7511230915045257,0.4430864204822917,0.0002730409376840992,0.19385781435360244,0.0008118287671983824,10
Italy,2021-01-24,0.8547262236706714,1.1102633351131097,0.5987070971967369,0.9773440664038707,0.7323761923374164,0.4430864204822917,0.0002730409376840992,0.19385781435360244,0.0008118287671983824,10
Italy,2021-01-25,0.8455515903650188,1.103588267003346,0.5855805126937209,0.9673023047620066,0.7249342195542832,0.4430864204822917,0.0002730409376840992,0.19385781435360244,0.0008118287671983824,10
Italy,2021-01-26,0.8813986962217208,1.138713353484388,0.6225845236082901,1.0020648974083974,0.7609889756477961,0.4430864204822917,0.0002730409376840992,0.19385781435360244,0.0008118287671983824,10
Italy,2021-01-27,0.9353038685788042,1.1934871823049467,0.6796524101822345,1.0582179265207015,0.8129243054584139,0.4430864204822917,0.0002730409376840992,0.19385781435360244,0.0008118287671983824,10
Italy,2021-01-28,0.9467393663652168,1.20405218796442,0.6886803527532404,1.0678846765667782,0.8251580395345446,0.4430864204822917,0.0002730409376840992,0.19385781435360244,0.0008118287671983824,10
Italy,2021-01-29,0.9364714583487784,1.1950917080940502,0.6805929566483582,1.0576328184068684,0.8157848990507042,0.4430864204822917,0.0002730409376840992,0.19385781435360244,0.0008118287671983824,10
Italy,2021-01-30,0.9132777655789686,1.1690409877805614,0.6571998041120317,1.0369627074520191,0.7913581999608266,0.4430864204822917,0.0002730409376840992,0.19385781435360244,0.0008118287671983824,10
Italy,2021-01-31,0.8829975036465167,1.141340639042217,0.6225361608291107,1.0089439037792725,0.7589807426222619,0.4430864204822917,0.0002730409376840992,0.19385781435360244,0.0008118287671983824,10
Italy,2021-02-01,0.862226301635913,1.1202605484500647,0.5996691712685678,0.9853160596799637,0.7390454173290253,0.4430864204822917,0.0002730409376840992,0.19385781435360244,0.0008118287671983824,10
Italy,2021-02-02,0.8924432412255404,1.1494160977846355,0.63765495005409,1.0142745699200795,0.7692719807009871,0.4430864204822917,0.0002730409376840992,0.19385781435360244,0.0008118287671983824,10
Italy,2021-02-03,0.9480612677801259,1.2044549934744881,0.6885169751194536,1.0709390756601227,0.824240935147583,0.4430864204822917,0.0002730409376840992,0.19385781435360244,0.0008118287671983824,10
Italy,2021-02-04,0.9809103679430259,1.2387053066007052,0.7249280998657665,1.1057748331261892,0.8572118008498446,0.4430864204822917,0.0002730409376840992,0.19385781435360244,0.0008118287671983824,10
Italy,2021-02-05,0.991740108883493,1.2461476082710718,0.7356355127889032,1.1119965494436146,0.8705684510700689,0.4430864204822917,0.0002730409376840992,0.19385781435360244,0.0008118287671983824,10
Italy,2021-02-06,0.976315977591478,1.2329409355156264,0.721455420013823,1.0980211060981953,0.8534338712309442,0.4430864204822917,0.0002730409376840992,0.19385781435360244,0.0008118287671983824,10
Italy,2021-02-07,0.9455296276602891,1.2064770962605549,0.6866136679581559,1.0688290894559422,0.8224323693258648,0.4430864204822917,0.0002730409376840992,0.19385781435360244,0.0008118287671983824,10
Italy,2021-02-08,0.9219373489999781,1.1779306691761642,0.6615496266860245,1.0441483855553464,0.8001766091188958,0.4430864204822917,0.0002730409376840992,0.19385781435360244,0.0008118287671983824,10
Italy,2021-02-09,0.9552083212178063,1.2146699165197576,0.6982585559774215,1.077462412805954,0.831559604990638,0.4430864204822917,0.0002730409376840992,0.19385781435360244,0.0008118287671983824,10
Italy,2021-02-10,1.005933914290742,1.2661129188982,0.7472925773380756,1.128539553445287,0.8819565440798911,0.4430864204822917,0.0002730409376840992,0.19385781435360244,0.0008118287671983824,10
Italy,2021-02-11,1.0424426427579907,1.3121968166372187,0.7743469643458004,1.168201106985474,0.9161111895927377,0.4430864204822917,0.0002730409376840992,0.19385781435360244,0.0008118287671983824,10
Italy,2021-02-12,1.040590635415656,1.3139145239250358,0.770057980872967,1.1684695268521261,0.9120204870029724,0.4430864204822917,0.0002730409376840992,0.19385781435360244,0.0008118287671983824,10
Italy,2021-02-13,1.0245842118092996,1.3126287973912767,0.7355679820999396,1.1628545081650656,0.8875773615803477,0.4430864204822917,0.0002730409376840992,0.19385781435360244,0.0008118287671983824,10
Italy,2021-02-14,1.0001082388723068,1.3266510807331955,0.6703300283714213,1.156866628921723,0.8447932208458815,0.4430864204822917,0.0002730409376840992,0.19385781435360244,0.0008118287671983824,10
Jamaica,2020-04-16,1.1908643150021625,1.7597359388953042,0.669517519402393,1.446056754405089,0.9331129303537437,0.014676544183068076,0.01254048798322005,0.019684028784161006,0.006163218021214542,10
Jamaica,2020-04-17,1.183434784789124,1.71901696877178,0.6869206947681752,1.4264913829198018,0.9382874636433903,0.014676544183068076,0.01254048798322005,0.019684028784161006,0.006163218021214542,10
Jamaica,2020-04-18,1.2010350346767216,1.7199576914393329,0.7219218512184294,1.4400771640024228,0.9623463134102579,0.014676544183068076,0.01254048798322005,0.019684028784161006,0.006163218021214542,10
Jamaica,2020-04-19,1.2099631167816163,1.7150294231069305,0.747365638278034,1.4430975695673314,0.9769335593732649,0.014676544183068076,0.01254048798322005,0.019684028784161006,0.006163218021214542,10
Jamaica,2020-04-20,1.2277958071998512,1.7372297428257069,0.7735342793081467,1.4598746965914056,0.9950813307210437,0.014676544183068076,0.01254048798322005,0.019684028784161006,0.006163218021214542,10
Jamaica,2020-04-21,1.1921862888150947,1.6720546531524234,0.7559623400389459,1.4097374731849248,0.9720744172949565,0.014676544183068076,0.01254048798322005,0.019684028784161006,0.006163218021214542,10
Jamaica,2020-04-22,1.181228277953103,1.6617308416464667,0.7508833430643072,1.3957335686042587,0.9651429422663877,0.014676544183068076,0.01254048798322005,0.019684028784161006,0.006163218021214542,10
Jamaica,2020-04-23,1.1805005183396522,1.657936248497711,0.754241837337338,1.3929102263841773,0.9654040064338744,0.014676544183068076,0.01254048798322005,0.019684028784161006,0.006163218021214542,10
Jamaica,2020-04-24,1.1692004127104934,1.6373699734503524,0.7516988004858266,1.379522622590136,0.9554179799347319,0.014676544183068076,0.01254048798322005,0.019684028784161006,0.006163218021214542,10
Jamaica,2020-04-25,1.1420845494618344,1.5970057976395378,0.730067433287624,1.3487422068635755,0.9349425537549318,0.014676544183068076,0.01254048798322005,0.019684028784161006,0.006163218021214542,10
Jamaica,2020-04-26,1.1174995666812146,1.5774105760294315,0.7137906946578298,1.3203597744733466,0.9140384580670493,0.014676544183068076,0.01254048798322005,0.019684028784161006,0.006163218021214542,10
Jamaica,2020-04-27,1.064466271842477,1.4994313356884539,0.6654422333762211,1.2603885011401719,0.8684161720031309,0.014676544183068076,0.01254048798322005,0.019684028784161006,0.006163218021214542,10
Jamaica,2020-04-28,1.0178748932547481,1.4440717355862507,0.6215564933852529,1.2074492702942625,0.8281164803275278,0.014676544183068076,0.01254048798322005,0.019684028784161006,0.006163218021214542,10
Jamaica,2020-04-29,0.992049417275801,1.4129751695931434,0.5986743456878373,1.1809222008718632,0.8030130841212328,0.014676544183068076,0.01254048798322005,0.019684028784161006,0.006163218021214542,10
Jamaica,2020-04-30,0.949896944517065,1.3681386263437258,0.5553231964338681,1.1364535017788318,0.7635728326327506,0.014676544183068076,0.01254048798322005,0.019684028784161006,0.006163218021214542,10
Jamaica,2020-05-01,0.8980826061577846,1.299987074304838,0.4940307424143635,1.0846465852238327,0.7143884731883339,0.014676544183068076,0.01254048798322005,0.019684028784161006,0.006163218021214542,10
Jamaica,2020-05-02,0.855176645257953,1.2499484776719019,0.4463749864688048,1.041101149521664,0.6716118454546425,0.014676544183068076,0.01254048798322005,0.019684028784161006,0.006163218021214542,10
Jamaica,2020-05-03,0.7942121118036584,1.186801740931556,0.3725591710063114,0.9832312905978989,0.607827532594587,0.014676544183068076,0.01254048798322005,0.019684028784161006,0.006163218021214542,10
Jamaica,2020-05-04,0.74200982521817,1.1356611737423388,0.30795369704900066,0.9342547591838423,0.5517919681456702,0.014676544183068076,0.01254048798322005,0.019684028784161006,0.006163218021214542,10
Jamaica,2020-05-05,0.7026635639668457,1.097870465576245,0.2614447586935883,0.8982014453527377,0.5096663406053094,0.014676544183068076,0.01254048798322005,0.019684028784161006,0.006163218021214542,10
Jamaica,2020-05-06,0.6737138445552195,1.0666538340936353,0.22515394929349997,0.8693387655734566,0.4776952113233569,0.014676544183068076,0.01254048798322005,0.019684028784161006,0.006163218021214542,10
Jamaica,2020-05-07,0.6522101540726708,1.0437510383752913,0.20590216860717003,0.850333042035994,0.458607271413892,0.014676544183068076,0.01254048798322005,0.019684028784161006,0.006163218021214542,10
Jamaica,2020-05-08,0.6284082283865262,1.0197744513293845,0.1770273183166461,0.8276324648868828,0.4312117091458082,0.014676544183068076,0.01254048798322005,0.019684028784161006,0.006163218021214542,10
Jamaica,2020-05-09,0.6118988938996905,1.010802249884417,0.16272347427454004,0.8129922959872516,0.410583144267739,0.014676544183068076,0.01254048798322005,0.019684028784161006,0.006163218021214542,10
Jamaica,2020-05-10,0.6055174879219605,0.9982753001344722,0.1522042112785642,0.8060905455593683,0.40662305938747356,0.014676544183068076,0.01254048798322005,0.019684028784161006,0.006163218021214542,10
Jamaica,2020-05-11,0.5898798506205897,0.9870675108932582,0.13422028451813017,0.7911573535055054,0.38808385939620516,0.014676544183068076,0.01254048798322005,0.019684028784161006,0.006163218021214542,10
Jamaica,2020-05-12,0.5795501059396281,0.9805955527389415,0.11753121978312175,0.7826242864825436,0.3778168911525084,0.014676544183068076,0.01254048798322005,0.019684028784161006,0.006163218021214542,10
Jamaica,2020-05-13,0.5751759378491743,0.9757234421010161,0.1102437120853551,0.778322274973722,0.37435571696752756,0.014676544183068076,0.01254048798322005,0.019684028784161006,0.006163218021214542,10
Jamaica,2020-05-14,0.5779538443488987,0.9745723548302989,0.12232875855847791,0.7804927642137927,0.37651864705607596,0.014676544183068076,0.01254048798322005,0.019684028784161006,0.006163218021214542,10
Jamaica,2020-05-15,0.5901495754378268,0.9832236687529318,0.1427714717531552,0.7909237817695263,0.3897354733457189,0.014676544183068076,0.01254048798322005,0.019684028784161006,0.006163218021214542,10
Jamaica,2020-05-16,0.6080012171891396,0.9998533364327755,0.17272655997850883,0.8036687920042451,0.41186940719474774,0.014676544183068076,0.01254048798322005,0.019684028784161006,0.006163218021214542,10
Jamaica,2020-05-17,0.6230309180433911,1.0110117404052352,0.19111336812602864,0.8168767883047668,0.43172372506867374,0.014676544183068076,0.01254048798322005,0.019684028784161006,0.006163218021214542,10
Jamaica,2020-05-18,0.639640993994457,1.0276578895044997,0.21727143036530472,0.8308892009593176,0.4490196639283963,0.014676544183068076,0.01254048798322005,0.019684028784161006,0.006163218021214542,10
Jamaica,2020-05-19,0.6685969176169896,1.0598951947284305,0.24914937910447554,0.8571002449560774,0.4811304070377699,0.014676544183068076,0.01254048798322005,0.019684028784161006,0.006163218021214542,10
Jamaica,2020-05-20,0.7096862921628443,1.1047514067861928,0.30943040438666003,0.8934549935380385,0.5225742080797282,0.014676544183068076,0.01254048798322005,0.019684028784161006,0.006163218021214542,10
Jamaica,2020-05-21,0.7329983815142166,1.127256835832449,0.33694445526646555,0.9189575323366306,0.5481505943273149,0.014676544183068076,0.01254048798322005,0.019684028784161006,0.006163218021214542,10
Jamaica,2020-05-22,0.7540920197792076,1.1545746751625925,0.3560538527550524,0.9400574290008444,0.568197277665047,0.014676544183068076,0.01254048798322005,0.019684028784161006,0.006163218021214542,10
Jamaica,2020-05-23,0.756981334706584,1.1589371570199514,0.3594201747516801,0.9393209200084278,0.5708816841303292,0.014676544183068076,0.01254048798322005,0.019684028784161006,0.006163218021214542,10
Jamaica,2020-05-24,0.75455255035093,1.153526463227172,0.3570976058035016,0.9381529810049715,0.5701873799880607,0.014676544183068076,0.01254048798322005,0.019684028784161006,0.006163218021214542,10
Jamaica,2020-05-25,0.7621823930356006,1.1526444113342,0.3668106088927894,0.9461065775453549,0.5784476426269363,0.014676544183068076,0.01254048798322005,0.019684028784161006,0.006163218021214542,10
Jamaica,2020-05-26,0.7706785907114411,1.1704651782270283,0.3710421545842977,0.9555005230670278,0.5845153565379593,0.014676544183068076,0.01254048798322005,0.019684028784161006,0.006163218021214542,10
Jamaica,2020-05-27,0.7645687320072534,1.1623006647098595,0.3646795361369163,0.9481891741023454,0.5799936198852506,0.014676544183068076,0.01254048798322005,0.019684028784161006,0.006163218021214542,10
Jamaica,2020-05-28,0.7576960766500416,1.1512843050537884,0.3494469990318735,0.9443607303454781,0.571087954662583,0.014676544183068076,0.01254048798322005,0.019684028784161006,0.006163218021214542,10
Jamaica,2020-05-29,0.7654095532102703,1.1569638876724613,0.35904463307937096,0.9480640672267937,0.5799057033072341,0.014676544183068076,0.01254048798322005,0.019684028784161006,0.006163218021214542,10
Jamaica,2020-05-30,0.7640483897115378,1.1525337079432174,0.35329731042776213,0.949103684580118,0.5796242361431903,0.014676544183068076,0.01254048798322005,0.019684028784161006,0.006163218021214542,10
Jamaica,2020-05-31,0.7554034923669919,1.1432410398807054,0.3352400329092472,0.9424530382759793,0.5694307734329365,0.014676544183068076,0.01254048798322005,0.019684028784161006,0.006163218021214542,10
Jamaica,2020-06-01,0.7438969980333153,1.132879380482566,0.3218162749654859,0.9365005337677117,0.5533340555353885,0.014676544183068076,0.01254048798322005,0.019684028784161006,0.006163218021214542,10
Jamaica,2020-06-02,0.7377122103449434,1.1226749234879914,0.3038500309761858,0.9301948166401238,0.5461089579402623,0.014676544183068076,0.01254048798322005,0.019684028784161006,0.006163218021214542,10
Jamaica,2020-06-03,0.7381901115566856,1.1295221527125734,0.2979201295779619,0.9317585782511596,0.5458826100019993,0.014676544183068076,0.01254048798322005,0.019684028784161006,0.006163218021214542,10
Jamaica,2020-06-04,0.7501443642158778,1.1417415503233248,0.312490600104254,0.9437838578420996,0.5565712748730854,0.014676544183068076,0.01254048798322005,0.019684028784161006,0.006163218021214542,10
Jamaica,2020-06-05,0.7741829065824193,1.16366689215986,0.34535785058012314,0.9669149355823092,0.5817926421195692,0.014676544183068076,0.01254048798322005,0.019684028784161006,0.006163218021214542,10
Jamaica,2020-06-06,0.7918538493550547,1.17966268203436,0.36299303076067624,0.9840927318838204,0.6016124866383834,0.014676544183068076,0.01254048798322005,0.019684028784161006,0.006163218021214542,10
Jamaica,2020-06-07,0.8197229867501858,1.2062180021519588,0.39305825627765745,1.0100721275615294,0.6336716671233626,0.014676544183068076,0.01254048798322005,0.019684028784161006,0.006163218021214542,10
Jamaica,2020-06-08,0.8532681095962487,1.2406829124349716,0.4361197912638486,1.039669456673826,0.6687860831778543,0.014676544183068076,0.01254048798322005,0.019684028784161006,0.006163218021214542,10
Jamaica,2020-06-09,0.8970920606929839,1.2898857274511437,0.49335632945748287,1.0813098591580974,0.7139722643664308,0.014676544183068076,0.01254048798322005,0.019684028784161006,0.006163218021214542,10
Jamaica,2020-06-10,0.9209173477141295,1.3167429136064737,0.5163777817529145,1.1056925842937217,0.7381456821771364,0.014676544183068076,0.01254048798322005,0.019684028784161006,0.006163218021214542,10
Jamaica,2020-06-11,0.9626689187111381,1.3594253781653354,0.5646107780886854,1.1458207941950038,0.7789232328664852,0.014676544183068076,0.01254048798322005,0.019684028784161006,0.006163218021214542,10
Jamaica,2020-06-12,0.9856976675020191,1.3901760947274482,0.590696558857816,1.1698553709973452,0.8013096514852351,0.014676544183068076,0.01254048798322005,0.019684028784161006,0.006163218021214542,10
Jamaica,2020-06-13,1.0113439396322645,1.4134659845226312,0.6187932901866642,1.1952040750308173,0.8259901874552573,0.014676544183068076,0.01254048798322005,0.019684028784161006,0.006163218021214542,10
Jamaica,2020-06-14,1.0501096879555314,1.456305200659722,0.6600181892563006,1.2350325183840085,0.8633281488078315,0.014676544183068076,0.01254048798322005,0.019684028784161006,0.006163218021214542,10
Jamaica,2020-06-15,1.098035395445788,1.5197342619621654,0.7110290075166165,1.2858695061315482,0.9082287390747128,0.014676544183068076,0.01254048798322005,0.019684028784161006,0.006163218021214542,10
Jamaica,2020-06-16,1.1408379493620122,1.5729867584264388,0.7550675280559929,1.333759316814432,0.9480706370203688,0.014676544183068076,0.01254048798322005,0.019684028784161006,0.006163218021214542,10
Jamaica,2020-06-17,1.2075807138059236,1.6743485547869343,0.8140045683099136,1.406094320513852,1.0050236309283098,0.014676544183068076,0.01254048798322005,0.019684028784161006,0.006163218021214542,10
Jamaica,2020-06-18,1.264717398592075,1.770863350595696,0.8566131358691962,1.4747863383007327,1.0510912224245705,0.014676544183068076,0.01254048798322005,0.019684028784161006,0.006163218021214542,10
Jamaica,2020-06-19,1.270964272376052,1.7674324649829987,0.8615934217610453,1.4808235754717678,1.059281646185248,0.014676544183068076,0.01254048798322005,0.019684028784161006,0.006163218021214542,10
Jamaica,2020-06-20,1.2317314683349174,1.6902340209046662,0.8389373745357457,1.4287766252489322,1.0336535388545902,0.014676544183068076,0.01254048798322005,0.019684028784161006,0.006163218021214542,10
Jamaica,2020-06-21,1.1998948948090256,1.6424639742584277,0.8142686690267826,1.390069221930868,1.0090153173801102,0.014676544183068076,0.01254048798322005,0.019684028784161006,0.006163218021214542,10
Jamaica,2020-06-22,1.1845564734157663,1.6093271774588642,0.7998425239758005,1.3704261075230542,0.9951218979724564,0.014676544183068076,0.01254048798322005,0.019684028784161006,0.006163218021214542,10
Jamaica,2020-06-23,1.1661697271478564,1.578007783527267,0.7791850324871497,1.3493825392136771,0.981843871934056,0.014676544183068076,0.01254048798322005,0.019684028784161006,0.006163218021214542,10
Jamaica,2020-06-24,1.1512933640564107,1.5572023004839122,0.7657529354440901,1.3347844608107464,0.9654470494705395,0.014676544183068076,0.01254048798322005,0.019684028784161006,0.006163218021214542,10
Jamaica,2020-06-25,1.1269590392697235,1.5351544673052033,0.7302026248177969,1.3101059749966262,0.9416996069965966,0.014676544183068076,0.01254048798322005,0.019684028784161006,0.006163218021214542,10
Jamaica,2020-06-26,1.1014125605168232,1.4987416095516892,0.7023957031470217,1.2835954216983267,0.9199658629743379,0.014676544183068076,0.01254048798322005,0.019684028784161006,0.006163218021214542,10
Jamaica,2020-06-27,1.089762202792888,1.4756109381877676,0.6877444041698075,1.2724903715925446,0.909155316185478,0.014676544183068076,0.01254048798322005,0.019684028784161006,0.006163218021214542,10
Jamaica,2020-06-28,1.0829897872628742,1.4660154106058898,0.6835833733369538,1.2646231063408586,0.9020016846369069,0.014676544183068076,0.01254048798322005,0.019684028784161006,0.006163218021214542,10
Jamaica,2020-06-29,1.073351034473164,1.4571844166331407,0.6651436968044526,1.255122159371949,0.8927603424741175,0.014676544183068076,0.01254048798322005,0.019684028784161006,0.006163218021214542,10
Jamaica,2020-06-30,1.0772671736660184,1.4689556060284428,0.672597607462539,1.2592985336611575,0.8961873278489344,0.014676544183068076,0.01254048798322005,0.019684028784161006,0.006163218021214542,10
Jamaica,2020-07-01,1.0842346187079037,1.4726990146106058,0.6843037655733646,1.2657537385507107,0.9037998764778739,0.014676544183068076,0.01254048798322005,0.019684028784161006,0.006163218021214542,10
Jamaica,2020-07-02,1.0908955861670864,1.4842911061802835,0.6929503444442783,1.2714665079049714,0.9076402052994407,0.014676544183068076,0.01254048798322005,0.019684028784161006,0.006163218021214542,10
Jamaica,2020-07-03,1.0849368282241514,1.4773683189030626,0.683063180720547,1.265954014375621,0.9038484349185327,0.014676544183068076,0.01254048798322005,0.019684028784161006,0.006163218021214542,10
Jamaica,2020-07-04,1.076403026616923,1.4689200852063484,0.6718595926858095,1.2579381687595148,0.8950533433456159,0.014676544183068076,0.01254048798322005,0.019684028784161006,0.006163218021214542,10
Jamaica,2020-07-05,1.0623042688564301,1.4564152335972855,0.6485532497039794,1.2450389299148306,0.879104879942496,0.014676544183068076,0.01254048798322005,0.019684028784161006,0.006163218021214542,10
Jamaica,2020-07-06,1.0527001718836417,1.4474440182418518,0.637920330614024,1.2376177995288156,0.8658586561012358,0.014676544183068076,0.01254048798322005,0.019684028784161006,0.006163218021214542,10
Jamaica,2020-07-07,1.0454486603640023,1.4331207884055477,0.6322958841458645,1.2316035179917662,0.8581753647249771,0.014676544183068076,0.01254048798322005,0.019684028784161006,0.006163218021214542,10
Jamaica,2020-07-08,1.0253837712172655,1.4088540674259236,0.5987580862328961,1.2140434816072083,0.8347255623878129,0.014676544183068076,0.01254048798322005,0.019684028784161006,0.006163218021214542,10
Jamaica,2020-07-09,1.0055200907633113,1.3921095957142346,0.5614581018780151,1.199703257864481,0.8096778942371683,0.014676544183068076,0.01254048798322005,0.019684028784161006,0.006163218021214542,10
Jamaica,2020-07-10,0.9957941848951154,1.3840604164046129,0.5366003937712476,1.1954711058805263,0.7967509379327908,0.014676544183068076,0.01254048798322005,0.019684028784161006,0.006163218021214542,10
Jamaica,2020-07-11,1.0036752824491435,1.3975409718013283,0.5410798977963472,1.2011929656274403,0.8064013579205238,0.014676544183068076,0.01254048798322005,0.019684028784161006,0.006163218021214542,10
Jamaica,2020-07-12,1.0111760026524497,1.4083626896005441,0.5457545139979023,1.2121793521178397,0.812103011554469,0.014676544183068076,0.01254048798322005,0.019684028784161006,0.006163218021214542,10
Jamaica,2020-07-13,1.0360598097469287,1.4286611835011989,0.5774926611651352,1.237110854707923,0.8375772850703829,0.014676544183068076,0.01254048798322005,0.019684028784161006,0.006163218021214542,10
Jamaica,2020-07-14,1.0745388792762856,1.4636050685243236,0.6290289436814598,1.268116041664487,0.8787649466327265,0.014676544183068076,0.01254048798322005,0.019684028784161006,0.006163218021214542,10
Jamaica,2020-07-15,1.117933317637633,1.502004165996147,0.6881642666702995,1.3054688083409047,0.9284970312445393,0.014676544183068076,0.01254048798322005,0.019684028784161006,0.006163218021214542,10
Jamaica,2020-07-16,1.1780052054341212,1.5634690740154462,0.7645812655313615,1.3617968795822968,0.992905191185827,0.014676544183068076,0.01254048798322005,0.019684028784161006,0.006163218021214542,10
Jamaica,2020-07-17,1.249089999063582,1.6463123917029907,0.8512583568536696,1.4289946543999086,1.0655414879346372,0.014676544183068076,0.01254048798322005,0.019684028784161006,0.006163218021214542,10
Jamaica,2020-07-18,1.3284748985136396,1.7532811040788223,0.9414874908484343,1.5135410452950353,1.1388746782315426,0.014676544183068076,0.01254048798322005,0.019684028784161006,0.006163218021214542,10
Jamaica,2020-07-19,1.3974803757698677,1.8637337371666982,1.0051288561222433,1.588773226050825,1.1994937536085306,0.014676544183068076,0.01254048798322005,0.019684028784161006,0.006163218021214542,10
Jamaica,2020-07-20,1.409162550101798,1.8581859023165752,1.0185648940888519,1.601025515595342,1.2153860449367364,0.014676544183068076,0.01254048798322005,0.019684028784161006,0.006163218021214542,10
Jamaica,2020-07-21,1.3697385917060112,1.7853274524404292,0.9800232121758162,1.5538878952285788,1.1838772962948063,0.014676544183068076,0.01254048798322005,0.019684028784161006,0.006163218021214542,10
Jamaica,2020-07-22,1.3553660922680375,1.7609731586950879,0.9609942100304398,1.5398577928727468,1.1719064786659494,0.014676544183068076,0.01254048798322005,0.019684028784161006,0.006163218021214542,10
Jamaica,2020-07-23,1.3472213226125305,1.741632985660279,0.9527940565759453,1.5286551371019912,1.1643804076327857,0.014676544183068076,0.01254048798322005,0.019684028784161006,0.006163218021214542,10
Jamaica,2020-07-24,1.349014344423147,1.7397599677446776,0.9502810412197498,1.5286156599123635,1.168449240094282,0.014676544183068076,0.01254048798322005,0.019684028784161006,0.006163218021214542,10
Jamaica,2020-07-25,1.343041030019764,1.7337237601250566,0.9385771200267166,1.5258517527159554,1.162390788466689,0.014676544183068076,0.01254048798322005,0.019684028784161006,0.006163218021214542,10
Jamaica,2020-07-26,1.3424662082661318,1.7351183722822916,0.9336930526864012,1.5264064294701143,1.1600900555691904,0.014676544183068076,0.01254048798322005,0.019684028784161006,0.006163218021214542,10
Jamaica,2020-07-27,1.3527054744474116,1.7410211998974472,0.9393203718743913,1.5357464967493608,1.1734935113748861,0.014676544183068076,0.01254048798322005,0.019684028784161006,0.006163218021214542,10
Jamaica,2020-07-28,1.3530429624962876,1.7396507149441023,0.9341984361964767,1.537854458816181,1.170429459801964,0.014676544183068076,0.01254048798322005,0.019684028784161006,0.006163218021214542,10
Jamaica,2020-07-29,1.3734113591075134,1.7585453311885209,0.9556505814933558,1.5580557058147728,1.1910556129683498,0.014676544183068076,0.01254048798322005,0.019684028784161006,0.006163218021214542,10
Jamaica,2020-07-30,1.4161901791778029,1.8092860370902448,1.007489232367018,1.597388109747975,1.2354064901071655,0.014676544183068076,0.01254048798322005,0.019684028784161006,0.006163218021214542,10
Jamaica,2020-07-31,1.4595696640413642,1.8614838750192613,1.063951403502852,1.6417344718960662,1.278098255153487,0.014676544183068076,0.01254048798322005,0.019684028784161006,0.006163218021214542,10
Jamaica,2020-08-01,1.483096868660514,1.8780404953855176,1.0940858563891545,1.662770406901773,1.3022342762208985,0.014676544183068076,0.01254048798322005,0.019684028784161006,0.006163218021214542,10
Jamaica,2020-08-02,1.5214968891404697,1.920962674881841,1.1313759191619768,1.7046020951005927,1.3407928707782315,0.014676544183068076,0.01254048798322005,0.019684028784161006,0.006163218021214542,10
Jamaica,2020-08-03,1.555523180023878,1.9636807307449438,1.169223885040336,1.7388771279087336,1.3700297825267662,0.014676544183068076,0.01254048798322005,0.019684028784161006,0.006163218021214542,10
Jamaica,2020-08-04,1.5888883267375986,2.001452012210107,1.2055496342230114,1.774541280093186,1.4022796950809306,0.014676544183068076,0.01254048798322005,0.019684028784161006,0.006163218021214542,10
Jamaica,2020-08-05,1.6138597896996123,2.0299946570115033,1.230911722937921,1.8004625632814544,1.4259370567521599,0.014676544183068076,0.01254048798322005,0.019684028784161006,0.006163218021214542,10
Jamaica,2020-08-06,1.6519368396723224,2.0835204817435957,1.2660492995951942,1.841533339598488,1.458742755357606,0.014676544183068076,0.01254048798322005,0.019684028784161006,0.006163218021214542,10
Jamaica,2020-08-07,1.6508524430734661,2.079255443628554,1.261159626746466,1.8386413215082178,1.4613727990567709,0.014676544183068076,0.01254048798322005,0.019684028784161006,0.006163218021214542,10
Jamaica,2020-08-08,1.6257054760170828,2.0338845413815876,1.2372433529239812,1.810584847299384,1.4416022465646252,0.014676544183068076,0.01254048798322005,0.019684028784161006,0.006163218021214542,10
Jamaica,2020-08-09,1.6090321205290337,2.0092332499869636,1.2158520577736578,1.7925791121169963,1.4264768963519823,0.014676544183068076,0.01254048798322005,0.019684028784161006,0.006163218021214542,10
Jamaica,2020-08-10,1.5917322324425958,1.9864553822258202,1.184355126118865,1.7773057370170149,1.408363609936252,0.014676544183068076,0.01254048798322005,0.019684028784161006,0.006163218021214542,10
Jamaica,2020-08-11,1.5934510171474092,1.9850065892417135,1.1830300455801104,1.7803278279791024,1.408519857640738,0.014676544183068076,0.01254048798322005,0.019684028784161006,0.006163218021214542,10
Jamaica,2020-08-12,1.6015875632648153,1.991496867750953,1.182648974171524,1.7911806758516988,1.4147853506320818,0.014676544183068076,0.01254048798322005,0.019684028784161006,0.006163218021214542,10
Jamaica,2020-08-13,1.613219616543963,2.0030370955184322,1.1917938833306647,1.8026086252747022,1.4267528262350033,0.014676544183068076,0.01254048798322005,0.019684028784161006,0.006163218021214542,10
Jamaica,2020-08-14,1.6457749119498006,2.042181100258572,1.229847291445262,1.8348723228867263,1.4594132510043227,0.014676544183068076,0.01254048798322005,0.019684028784161006,0.006163218021214542,10
Jamaica,2020-08-15,1.6945035646772757,2.0949535530131183,1.2893068116637263,1.8816852435940856,1.5081147066921066,0.014676544183068076,0.01254048798322005,0.019684028784161006,0.006163218021214542,10
Jamaica,2020-08-16,1.7758632611087157,2.1970411127920917,1.3833604647146012,1.9651366245197628,1.5859790679693746,0.014676544183068076,0.01254048798322005,0.019684028784161006,0.006163218021214542,10
Jamaica,2020-08-17,1.8393353538369006,2.271050898756746,1.442718647458248,2.0351174054358405,1.6422615276098864,0.014676544183068076,0.01254048798322005,0.019684028784161006,0.006163218021214542,10
Jamaica,2020-08-18,1.9168117695184572,2.385514939811764,1.4929025777528329,2.127117599804575,1.7068273553229443,0.014676544183068076,0.01254048798322005,0.019684028784161006,0.006163218021214542,10
Jamaica,2020-08-19,2.0080348469409075,2.5347019904455994,1.5493008953554048,2.240953937000176,1.773737756451515,0.014676544183068076,0.01254048798322005,0.019684028784161006,0.006163218021214542,10
Jamaica,2020-08-20,2.0753646527761322,2.66556194796295,1.5797681201953122,2.3317201613387057,1.8149048491356494,0.014676544183068076,0.01254048798322005,0.019684028784161006,0.006163218021214542,10
Jamaica,2020-08-21,2.0734874521232634,2.6491613389495483,1.576914820284205,2.32520763691711,1.817913605808207,0.014676544183068076,0.01254048798322005,0.019684028784161006,0.006163218021214542,10
Jamaica,2020-08-22,2.0720029214977296,2.644535420097884,1.573075389190511,2.3248769832275853,1.8176268854782616,0.014676544183068076,0.01254048798322005,0.019684028784161006,0.006163218021214542,10
Jamaica,2020-08-23,2.1139850061541807,2.729935197637654,1.5881523907588426,2.3869632500051043,1.8395222777714724,0.014676544183068076,0.01254048798322005,0.019684028784161006,0.006163218021214542,10
Jamaica,2020-08-24,2.059779136042102,2.6301078416635013,1.5644447461639752,2.312795965003282,1.8055063045495134,0.014676544183068076,0.01254048798322005,0.019684028784161006,0.006163218021214542,10
Jamaica,2020-08-25,2.0074400417630986,2.5436466890419487,1.5333871517688535,2.2433492942516793,1.7706421781337158,0.014676544183068076,0.01254048798322005,0.019684028784161006,0.006163218021214542,10
Jamaica,2020-08-26,1.9445611597895618,2.4449891057481477,1.5012860589038024,2.1659914692084126,1.7222387179399627,0.014676544183068076,0.01254048798322005,0.019684028784161006,0.006163218021214542,10
Jamaica,2020-08-27,1.894933950611347,2.3735005754976277,1.4714049742406201,2.1047391594269316,1.6833204703207996,0.014676544183068076,0.01254048798322005,0.019684028784161006,0.006163218021214542,10
Jamaica,2020-08-28,1.8601370448681944,2.3327661610485677,1.4462586521078278,2.0669456599103286,1.6516612952178669,0.014676544183068076,0.01254048798322005,0.019684028784161006,0.006163218021214542,10
Jamaica,2020-08-29,1.813062666181832,2.2678568163027975,1.407840393872217,2.013447806764222,1.6116383386846653,0.014676544183068076,0.01254048798322005,0.019684028784161006,0.006163218021214542,10
Jamaica,2020-08-30,1.7726640239588571,2.2214551337549064,1.3728807433168464,1.9700474029671693,1.5725474674220061,0.014676544183068076,0.01254048798322005,0.019684028784161006,0.006163218021214542,10
Jamaica,2020-08-31,1.6972468283076134,2.121939842173208,1.3048658061754908,1.8877542858276473,1.507181693324907,0.014676544183068076,0.01254048798322005,0.019684028784161006,0.006163218021214542,10
Jamaica,2020-09-01,1.633208462908096,2.040829403821668,1.2387081187355702,1.8195430468466953,1.446899078651605,0.014676544183068076,0.01254048798322005,0.019684028784161006,0.006163218021214542,10
Jamaica,2020-09-02,1.6007139880135517,2.006284009719357,1.2057516270145463,1.7865026349256157,1.4149852924797888,0.014676544183068076,0.01254048798322005,0.019684028784161006,0.006163218021214542,10
Jamaica,2020-09-03,1.5438393240566937,1.9461574977134477,1.1443392294844734,1.7287973357840298,1.358022523840955,0.014676544183068076,0.01254048798322005,0.019684028784161006,0.006163218021214542,10
Jamaica,2020-09-04,1.4725167877761383,1.8655078124912001,1.058558089190643,1.6586816549603571,1.2878262938300766,0.014676544183068076,0.01254048798322005,0.019684028784161006,0.006163218021214542,10
Jamaica,2020-09-05,1.4165374154352552,1.806088435170492,0.9851379054656368,1.606425226645737,1.2316515153666008,0.014676544183068076,0.01254048798322005,0.019684028784161006,0.006163218021214542,10
Jamaica,2020-09-06,1.3765032241839432,1.7678808218396205,0.9365541246178348,1.5672380599594347,1.188593637453868,0.014676544183068076,0.01254048798322005,0.019684028784161006,0.006163218021214542,10
Jamaica,2020-09-07,1.3473126153603683,1.7376157977418323,0.9089494292013968,1.5376220383050372,1.1583751487084564,0.014676544183068076,0.01254048798322005,0.019684028784161006,0.006163218021214542,10
Jamaica,2020-09-08,1.3273268197775503,1.7207251447815677,0.8955782482253525,1.5178241583472023,1.1374106264861819,0.014676544183068076,0.01254048798322005,0.019684028784161006,0.006163218021214542,10
Jamaica,2020-09-09,1.3034546285023216,1.6957095214672404,0.8649579481024582,1.4961331562053535,1.1127645358758473,0.014676544183068076,0.01254048798322005,0.019684028784161006,0.006163218021214542,10
Jamaica,2020-09-10,1.2825791142862464,1.6734291484514983,0.8403431400523556,1.4745566835011177,1.0925555624667274,0.014676544183068076,0.01254048798322005,0.019684028784161006,0.006163218021214542,10
Jamaica,2020-09-11,1.2694427463721432,1.6625784939555417,0.8306769931002919,1.4616677458409835,1.0787395642320567,0.014676544183068076,0.01254048798322005,0.019684028784161006,0.006163218021214542,10
Jamaica,2020-09-12,1.28035121844457,1.6724285029570725,0.8588383144610621,1.4694445301252088,1.0924319885200395,0.014676544183068076,0.01254048798322005,0.019684028784161006,0.006163218021214542,10
Jamaica,2020-09-13,1.2905463309964427,1.681868992172394,0.8814439495298743,1.4743788600475414,1.1045412733092068,0.014676544183068076,0.01254048798322005,0.019684028784161006,0.006163218021214542,10
Jamaica,2020-09-14,1.2951646553875673,1.6885982152640526,0.8926664396784203,1.476895254692376,1.1136424777450515,0.014676544183068076,0.01254048798322005,0.019684028784161006,0.006163218021214542,10
Jamaica,2020-09-15,1.291757299664685,1.6844869396081124,0.8947534623424935,1.472369387137685,1.1110499969507663,0.014676544183068076,0.01254048798322005,0.019684028784161006,0.006163218021214542,10
Jamaica,2020-09-16,1.2920513313116913,1.6955751658764413,0.9026936800464194,1.4751986395571792,1.1086763101567478,0.014676544183068076,0.01254048798322005,0.019684028784161006,0.006163218021214542,10
Jamaica,2020-09-17,1.2942981082654212,1.706459989099054,0.9037234361233623,1.4768333201359125,1.110730796597972,0.014676544183068076,0.01254048798322005,0.019684028784161006,0.006163218021214542,10
Jamaica,2020-09-18,1.2840340723370751,1.6988960275189497,0.8939805113470303,1.4688605586667394,1.0996918188430962,0.014676544183068076,0.01254048798322005,0.019684028784161006,0.006163218021214542,10
Jamaica,2020-09-19,1.2675547927184818,1.6822928625404063,0.8725052608739576,1.4515668873070573,1.080997259243147,0.014676544183068076,0.01254048798322005,0.019684028784161006,0.006163218021214542,10
Jamaica,2020-09-20,1.24441426905011,1.6541686396034356,0.855009148148619,1.430094881193348,1.0574697188270588,0.014676544183068076,0.01254048798322005,0.019684028784161006,0.006163218021214542,10
Jamaica,2020-09-21,1.2122989104687827,1.6133358031506262,0.8189553233040598,1.396403757457514,1.0295890007974224,0.014676544183068076,0.01254048798322005,0.019684028784161006,0.006163218021214542,10
Jamaica,2020-09-22,1.1811636162126453,1.5763654539285996,0.7803440082399654,1.3630813726882947,0.9982377755809382,0.014676544183068076,0.01254048798322005,0.019684028784161006,0.006163218021214542,10
Jamaica,2020-09-23,1.1547728344261616,1.5450094795819038,0.7540690268362211,1.3383974341964517,0.9729561094656698,0.014676544183068076,0.01254048798322005,0.019684028784161006,0.006163218021214542,10
Jamaica,2020-09-24,1.133890699656633,1.5327976829785603,0.7327305281405415,1.3148784458131089,0.9494487624564465,0.014676544183068076,0.01254048798322005,0.019684028784161006,0.006163218021214542,10
Jamaica,2020-09-25,1.1082327956125637,1.5055730803466836,0.7056663718711194,1.2905993214977964,0.92565045584552,0.014676544183068076,0.01254048798322005,0.019684028784161006,0.006163218021214542,10
Jamaica,2020-09-26,1.0855903870333916,1.4809911659067585,0.676250399569839,1.2703527759952307,0.9010596660646037,0.014676544183068076,0.01254048798322005,0.019684028784161006,0.006163218021214542,10
Jamaica,2020-09-27,1.0667988084498152,1.4613655607161258,0.6638833593546314,1.249907467536031,0.8820599338451383,0.014676544183068076,0.01254048798322005,0.019684028784161006,0.006163218021214542,10
Jamaica,2020-09-28,1.0461462711160052,1.4403215150754338,0.6332487626750387,1.2307735605377155,0.862694010455582,0.014676544183068076,0.01254048798322005,0.019684028784161006,0.006163218021214542,10
Jamaica,2020-09-29,1.0247812970741008,1.414590976536596,0.6136558676883828,1.210539370303382,0.8402846387027099,0.014676544183068076,0.01254048798322005,0.019684028784161006,0.006163218021214542,10
Jamaica,2020-09-30,0.9911819979553373,1.3832670130697815,0.5751043413330589,1.1796659541035595,0.8036093770760876,0.014676544183068076,0.01254048798322005,0.019684028784161006,0.006163218021214542,10
Jamaica,2020-10-01,0.9677760624457428,1.3586964480952517,0.5548185617167467,1.1550305188863077,0.7792490033845338,0.014676544183068076,0.01254048798322005,0.019684028784161006,0.006163218021214542,10
Jamaica,2020-10-02,0.95220325643798,1.3439355255952774,0.5393813970947273,1.1385052971561018,0.7620870011799777,0.014676544183068076,0.01254048798322005,0.019684028784161006,0.006163218021214542,10
Jamaica,2020-10-03,0.9325455461312255,1.3195656659687933,0.5180684112505566,1.1194406160424677,0.7451869474257038,0.014676544183068076,0.01254048798322005,0.019684028784161006,0.006163218021214542,10
Jamaica,2020-10-04,0.9198596608260083,1.313511216232214,0.5059837938387325,1.1071504006147281,0.7315314161876469,0.014676544183068076,0.01254048798322005,0.019684028784161006,0.006163218021214542,10
Jamaica,2020-10-05,0.9091645879401006,1.2971531982498463,0.4958567605965062,1.0976053852013425,0.721174083079825,0.014676544183068076,0.01254048798322005,0.019684028784161006,0.006163218021214542,10
Jamaica,2020-10-06,0.8984495792088412,1.286259934255023,0.48598202329627616,1.0853120135775813,0.7104393732883729,0.014676544183068076,0.01254048798322005,0.019684028784161006,0.006163218021214542,10
Jamaica,2020-10-07,0.8906118938328252,1.281905112731399,0.48054702094341883,1.076779299733541,0.7035462080624517,0.014676544183068076,0.01254048798322005,0.019684028784161006,0.006163218021214542,10
Jamaica,2020-10-08,0.8876847259799584,1.2768645909731415,0.4802543098348774,1.0743909835761325,0.7021333501713932,0.014676544183068076,0.01254048798322005,0.019684028784161006,0.006163218021214542,10
Jamaica,2020-10-09,0.8898264203735972,1.2818934480755633,0.48612046794487207,1.0748745857485644,0.7017052313072949,0.014676544183068076,0.01254048798322005,0.019684028784161006,0.006163218021214542,10
Jamaica,2020-10-10,0.8937036584522645,1.2870474961148037,0.49573863258616246,1.0778813638956317,0.7077194506219113,0.014676544183068076,0.01254048798322005,0.019684028784161006,0.006163218021214542,10
Jamaica,2020-10-11,0.8815478291735594,1.2751449507515031,0.47986067353944883,1.0672521768138334,0.6946305696282629,0.014676544183068076,0.01254048798322005,0.019684028784161006,0.006163218021214542,10
Jamaica,2020-10-12,0.8598979496433905,1.254806785628107,0.4462657464822608,1.0480244213204628,0.6731274891760362,0.014676544183068076,0.01254048798322005,0.019684028784161006,0.006163218021214542,10
Jamaica,2020-10-13,0.8421850157383725,1.2338648012591151,0.43354875812645555,1.0283645573941946,0.6562058149947176,0.014676544183068076,0.01254048798322005,0.019684028784161006,0.006163218021214542,10
Jamaica,2020-10-14,0.8243160319557382,1.2084102533634709,0.41096970065750316,1.0108816722652905,0.6385567321720633,0.014676544183068076,0.01254048798322005,0.019684028784161006,0.006163218021214542,10
Jamaica,2020-10-15,0.8104638719175051,1.1989981939037584,0.3882996644039659,0.9975662536675565,0.6240490967907609,0.014676544183068076,0.01254048798322005,0.019684028784161006,0.006163218021214542,10
Jamaica,2020-10-16,0.7976565249676101,1.1864731261328296,0.38049978111325133,0.9858535606707561,0.6097462753881187,0.014676544183068076,0.01254048798322005,0.019684028784161006,0.006163218021214542,10
Jamaica,2020-10-17,0.7897243898669921,1.1766461557250079,0.36984087786530184,0.9758894267616653,0.6038026700430758,0.014676544183068076,0.01254048798322005,0.019684028784161006,0.006163218021214542,10
Jamaica,2020-10-18,0.7851991128346908,1.1694241337422526,0.3722808034549525,0.9715227165525115,0.5970400595137901,0.014676544183068076,0.01254048798322005,0.019684028784161006,0.006163218021214542,10
Jamaica,2020-10-19,0.7812469751399678,1.1653325284201461,0.36398697452161577,0.9692528536496662,0.5951876634531289,0.014676544183068076,0.01254048798322005,0.019684028784161006,0.006163218021214542,10
Jamaica,2020-10-20,0.7829370623183469,1.1679670639160245,0.3647444853193401,0.970078603490288,0.5965810537698508,0.014676544183068076,0.01254048798322005,0.019684028784161006,0.006163218021214542,10
Jamaica,2020-10-21,0.7888401275608836,1.1709378172367255,0.3763234477884577,0.973768555286292,0.6035382057038549,0.014676544183068076,0.01254048798322005,0.019684028784161006,0.006163218021214542,10
Jamaica,2020-10-22,0.7931227668369574,1.1771929335295848,0.3828894099038458,0.9793700310728042,0.6077015845276861,0.014676544183068076,0.01254048798322005,0.019684028784161006,0.006163218021214542,10
Jamaica,2020-10-23,0.779649224847413,1.1663090121482294,0.36370599720106045,0.965274749154688,0.5950529441148764,0.014676544183068076,0.01254048798322005,0.019684028784161006,0.006163218021214542,10
Jamaica,2020-10-24,0.7732681945844968,1.1588553304012856,0.3535712211787764,0.9589396463219673,0.5876192266548156,0.014676544183068076,0.01254048798322005,0.019684028784161006,0.006163218021214542,10
Jamaica,2020-10-25,0.7754645607992252,1.1625704358658489,0.35870795702405567,0.9602296112212235,0.5896778959716816,0.014676544183068076,0.01254048798322005,0.019684028784161006,0.006163218021214542,10
Jamaica,2020-10-26,0.7802800599181445,1.1666985956635905,0.37217454142423456,0.9661009393419457,0.5928440387600393,0.014676544183068076,0.01254048798322005,0.019684028784161006,0.006163218021214542,10
Jamaica,2020-10-27,0.7919216507528739,1.1801950783526456,0.3856242657903878,0.9765355725567629,0.6062793443448989,0.014676544183068076,0.01254048798322005,0.019684028784161006,0.006163218021214542,10
Jamaica,2020-10-28,0.8099769628327111,1.1960762612799485,0.40686782321502046,0.9905339141010987,0.6266932586437018,0.014676544183068076,0.01254048798322005,0.019684028784161006,0.006163218021214542,10
Jamaica,2020-10-29,0.8255705728767001,1.2122728879438218,0.4239096057991847,1.0047392833062205,0.6450035613856255,0.014676544183068076,0.01254048798322005,0.019684028784161006,0.006163218021214542,10
Jamaica,2020-10-30,0.838134859494538,1.2322592673268686,0.4353201277643868,1.0174632481874195,0.6584263046988214,0.014676544183068076,0.01254048798322005,0.019684028784161006,0.006163218021214542,10
Jamaica,2020-10-31,0.8431648484742014,1.236628749270681,0.4452692703212663,1.0229368273628625,0.6613656341768389,0.014676544183068076,0.01254048798322005,0.019684028784161006,0.006163218021214542,10
Jamaica,2020-11-01,0.8420795505064368,1.2319061116074583,0.4423285841407135,1.022084838749142,0.6621118819745848,0.014676544183068076,0.01254048798322005,0.019684028784161006,0.006163218021214542,10
Jamaica,2020-11-02,0.8481623418823402,1.234847844643505,0.4500823370370681,1.028694403592586,0.6682078804328212,0.014676544183068076,0.01254048798322005,0.019684028784161006,0.006163218021214542,10
Jamaica,2020-11-03,0.8346621876774123,1.218041275401102,0.43237933367121906,1.0167425710574243,0.6527537795748397,0.014676544183068076,0.01254048798322005,0.019684028784161006,0.006163218021214542,10
Jamaica,2020-11-04,0.8280441108548869,1.212346966959812,0.4215315593387565,1.011093977824314,0.6444205267282018,0.014676544183068076,0.01254048798322005,0.019684028784161006,0.006163218021214542,10
Jamaica,2020-11-05,0.8290957261463382,1.2132941472451153,0.42124872340728414,1.0121809915036606,0.6455750410874839,0.014676544183068076,0.01254048798322005,0.019684028784161006,0.006163218021214542,10
Jamaica,2020-11-06,0.8332852468881673,1.2212722984250395,0.41943633135155545,1.019027636592239,0.6483357220958567,0.014676544183068076,0.01254048798322005,0.019684028784161006,0.006163218021214542,10
Jamaica,2020-11-07,0.8359509243572578,1.2202397385564676,0.42275690572254665,1.0191521743965692,0.6500226024170415,0.014676544183068076,0.01254048798322005,0.019684028784161006,0.006163218021214542,10
Jamaica,2020-11-08,0.8414131378279912,1.228849959055421,0.42873791620663904,1.0264370698689151,0.6572263798468172,0.014676544183068076,0.01254048798322005,0.019684028784161006,0.006163218021214542,10
Jamaica,2020-11-09,0.8524737150995942,1.2363688892374645,0.4410275261845875,1.038136822447944,0.6672242773289682,0.014676544183068076,0.01254048798322005,0.019684028784161006,0.006163218021214542,10
Jamaica,2020-11-10,0.8665381304123658,1.253228077729515,0.4562491835149376,1.0504461144896722,0.6825135715012665,0.014676544183068076,0.01254048798322005,0.019684028784161006,0.006163218021214542,10
Jamaica,2020-11-11,0.8870719572919727,1.2756486242072962,0.48653389259830215,1.069649787074166,0.7045241121230736,0.014676544183068076,0.01254048798322005,0.019684028784161006,0.006163218021214542,10
Jamaica,2020-11-12,0.9236698370606164,1.3216546976647803,0.5284605735055157,1.1042859777771228,0.7410798171285575,0.014676544183068076,0.01254048798322005,0.019684028784161006,0.006163218021214542,10
Jamaica,2020-11-13,0.9557048331432144,1.3581105260235113,0.5666192416893894,1.1392580739304363,0.7701887617975234,0.014676544183068076,0.01254048798322005,0.019684028784161006,0.006163218021214542,10
Jamaica,2020-11-14,0.9726864682361611,1.384980492150509,0.5787519796700255,1.1560422525576097,0.786558231055505,0.014676544183068076,0.01254048798322005,0.019684028784161006,0.006163218021214542,10
Jamaica,2020-11-15,0.9880492180823078,1.4046125763149457,0.5997386602979466,1.1724586303112832,0.8035903307459114,0.014676544183068076,0.01254048798322005,0.019684028784161006,0.006163218021214542,10
Jamaica,2020-11-16,0.9859169578303242,1.3945482713148702,0.5870942428972301,1.17046594212105,0.7995449412804869,0.014676544183068076,0.01254048798322005,0.019684028784161006,0.006163218021214542,10
Jamaica,2020-11-17,0.9892632771650411,1.3949957338409715,0.5922459407332361,1.1729884702115885,0.8052713307317753,0.014676544183068076,0.01254048798322005,0.019684028784161006,0.006163218021214542,10
Jamaica,2020-11-18,1.002285363821426,1.4132623943762217,0.6078405929442166,1.1869965500192354,0.8168475832108011,0.014676544183068076,0.01254048798322005,0.019684028784161006,0.006163218021214542,10
Jamaica,2020-11-19,1.0136062234136747,1.4180481883003724,0.6221521170456883,1.1960348798804021,0.8309824564062216,0.014676544183068076,0.01254048798322005,0.019684028784161006,0.006163218021214542,10
Jamaica,2020-11-20,1.0213707495634128,1.4293851125869739,0.630960349847328,1.205059994495077,0.8349729992118013,0.014676544183068076,0.01254048798322005,0.019684028784161006,0.006163218021214542,10
Jamaica,2020-11-21,1.0275127054390052,1.4320686101088278,0.641567004222229,1.2095182876633959,0.8434501502142884,0.014676544183068076,0.01254048798322005,0.019684028784161006,0.006163218021214542,10
Jamaica,2020-11-22,1.0243363945380883,1.420816107151813,0.6329930670753856,1.2057596509478712,0.8426686767035126,0.014676544183068076,0.01254048798322005,0.019684028784161006,0.006163218021214542,10
Jamaica,2020-11-23,1.0261541289290161,1.420534133429705,0.6371290014446603,1.209606399490518,0.8430107334917638,0.014676544183068076,0.01254048798322005,0.019684028784161006,0.006163218021214542,10
Jamaica,2020-11-24,1.0279385898096696,1.423033222563327,0.6419877807783525,1.210212194837694,0.8473377097376391,0.014676544183068076,0.01254048798322005,0.019684028784161006,0.006163218021214542,10
Jamaica,2020-11-25,1.0254950968766583,1.4193597027300409,0.6310546785242368,1.2065594324988649,0.8448629359248567,0.014676544183068076,0.01254048798322005,0.019684028784161006,0.006163218021214542,10
Jamaica,2020-11-26,1.020828458640671,1.4131492559011347,0.6256945467074386,1.2010994870603708,0.8408758588787751,0.014676544183068076,0.01254048798322005,0.019684028784161006,0.006163218021214542,10
Jamaica,2020-11-27,1.0200109683314047,1.4117278417546903,0.6255072166556177,1.2002894845487095,0.8387730581249577,0.014676544183068076,0.01254048798322005,0.019684028784161006,0.006163218021214542,10
Jamaica,2020-11-28,1.020014388735525,1.4098650553322438,0.626027836050902,1.2001755181801745,0.8378396820651677,0.014676544183068076,0.01254048798322005,0.019684028784161006,0.006163218021214542,10
Jamaica,2020-11-29,1.0171330313414666,1.4036165524150075,0.6230185917687001,1.1979472932653672,0.8371954793377983,0.014676544183068076,0.01254048798322005,0.019684028784161006,0.006163218021214542,10
Jamaica,2020-11-30,1.0215673358396098,1.409156224973207,0.6258650185015788,1.2030443203394106,0.8410897755810967,0.014676544183068076,0.01254048798322005,0.019684028784161006,0.006163218021214542,10
Jamaica,2020-12-01,1.0282753833543241,1.4184956935311375,0.6299418023368024,1.2093499550016962,0.847666628433005,0.014676544183068076,0.01254048798322005,0.019684028784161006,0.006163218021214542,10
Jamaica,2020-12-02,1.0396060830807703,1.431151061205223,0.6439192913958134,1.2214586798572828,0.8592611711248549,0.014676544183068076,0.01254048798322005,0.019684028784161006,0.006163218021214542,10
Jamaica,2020-12-03,1.051886330548666,1.4466337051439093,0.6610776539638573,1.231584350988233,0.8715094299107704,0.014676544183068076,0.01254048798322005,0.019684028784161006,0.006163218021214542,10
Jamaica,2020-12-04,1.0697375547680115,1.4686334935441399,0.6805194062381579,1.2522450316747118,0.8891487812472467,0.014676544183068076,0.01254048798322005,0.019684028784161006,0.006163218021214542,10
Jamaica,2020-12-05,1.0799102406740129,1.4818646980006673,0.695353593741491,1.2629239351063033,0.8976448665222991,0.014676544183068076,0.01254048798322005,0.019684028784161006,0.006163218021214542,10
Jamaica,2020-12-06,1.0862348326983389,1.4865835659734554,0.7042626887813258,1.270856750635863,0.9033690549799402,0.014676544183068076,0.01254048798322005,0.019684028784161006,0.006163218021214542,10
Jamaica,2020-12-07,1.0958897785649344,1.5076123648631823,0.7127016933855017,1.2799429902438417,0.9108624927850868,0.014676544183068076,0.01254048798322005,0.019684028784161006,0.006163218021214542,10
Jamaica,2020-12-08,1.1075046180404842,1.518032507624022,0.7201504574515337,1.2936709602888228,0.9227574189080215,0.014676544183068076,0.01254048798322005,0.019684028784161006,0.006163218021214542,10
Jamaica,2020-12-09,1.1117025719751361,1.524410057545301,0.7233066792308958,1.2982807243065901,0.9250490385120537,0.014676544183068076,0.01254048798322005,0.019684028784161006,0.006163218021214542,10
Jamaica,2020-12-10,1.1075958233009517,1.5198161209043448,0.7212433048897835,1.2926819623160726,0.9219147676273141,0.014676544183068076,0.01254048798322005,0.019684028784161006,0.006163218021214542,10
Jamaica,2020-12-11,1.1037507115983396,1.514242153918243,0.713113960489915,1.2865202236628874,0.9195530037305855,0.014676544183068076,0.01254048798322005,0.019684028784161006,0.006163218021214542,10
Jamaica,2020-12-12,1.1026410598651109,1.5165221446068111,0.7143752084710997,1.2879818064420352,0.9184773433617647,0.014676544183068076,0.01254048798322005,0.019684028784161006,0.006163218021214542,10
Jamaica,2020-12-13,1.0953335268376823,1.5031157728055882,0.7091415880478444,1.2791491169796367,0.9115345971071283,0.014676544183068076,0.01254048798322005,0.019684028784161006,0.006163218021214542,10
Jamaica,2020-12-14,1.0801810332469945,1.4841053058337523,0.6829422187822163,1.2631349970699577,0.8977471146158922,0.014676544183068076,0.01254048798322005,0.019684028784161006,0.006163218021214542,10
Jamaica,2020-12-15,1.063519630141865,1.4684420605736082,0.6688976850271054,1.2450201153479086,0.8797254446938069,0.014676544183068076,0.01254048798322005,0.019684028784161006,0.006163218021214542,10
Jamaica,2020-12-16,1.0477594382465925,1.4488297862880373,0.647318762795557,1.2323784708936807,0.8637567385093887,0.014676544183068076,0.01254048798322005,0.019684028784161006,0.006163218021214542,10
Jamaica,2020-12-17,1.0423072886674383,1.4337368316814525,0.6353325628898951,1.2253618494815772,0.8603860550166659,0.014676544183068076,0.01254048798322005,0.019684028784161006,0.006163218021214542,10
Jamaica,2020-12-18,1.041923451335671,1.4368354839986281,0.6419901428156926,1.225398012242251,0.8624767667451249,0.014676544183068076,0.01254048798322005,0.019684028784161006,0.006163218021214542,10
Jamaica,2020-12-19,1.0423496247054578,1.4311822467151325,0.6460476598869834,1.2234244793403488,0.8601917022673091,0.014676544183068076,0.01254048798322005,0.019684028784161006,0.006163218021214542,10
Jamaica,2020-12-20,1.0340952259613192,1.4198955339966781,0.6355184924170325,1.2156748593264166,0.8551036216889568,0.014676544183068076,0.01254048798322005,0.019684028784161006,0.006163218021214542,10
Jamaica,2020-12-21,1.0239384424570497,1.408729959530294,0.6249658351406533,1.2058015798424901,0.8420856479709373,0.014676544183068076,0.01254048798322005,0.019684028784161006,0.006163218021214542,10
Jamaica,2020-12-22,1.01642813651178,1.3982849953995435,0.6141697530189925,1.1982582148018555,0.8337804920190458,0.014676544183068076,0.01254048798322005,0.019684028784161006,0.006163218021214542,10
Jamaica,2020-12-23,1.0104019839981129,1.4030460947331962,0.6029172847079027,1.1931493960082324,0.8278115969141334,0.014676544183068076,0.01254048798322005,0.019684028784161006,0.006163218021214542,10
Jamaica,2020-12-24,1.004929683991795,1.3899868569561034,0.6044788613870755,1.187728111121703,0.8220725439795087,0.014676544183068076,0.01254048798322005,0.019684028784161006,0.006163218021214542,10
Jamaica,2020-12-25,0.9939587545321645,1.3798521520158347,0.5866233781439507,1.1780355097475665,0.811220485857071,0.014676544183068076,0.01254048798322005,0.019684028784161006,0.006163218021214542,10
Jamaica,2020-12-26,0.9802670118736265,1.3664309705201574,0.5629806696694573,1.1679963623413991,0.793856220850442,0.014676544183068076,0.01254048798322005,0.019684028784161006,0.006163218021214542,10
Jamaica,2020-12-27,0.9628644104001983,1.351120784824837,0.54139534343388,1.1524246564343574,0.7729587841653804,0.014676544183068076,0.01254048798322005,0.019684028784161006,0.006163218021214542,10
Jamaica,2020-12-28,0.9543275765651893,1.3425923808233502,0.5225977332334485,1.1459423596566518,0.7645271530130866,0.014676544183068076,0.01254048798322005,0.019684028784161006,0.006163218021214542,10
Jamaica,2020-12-29,0.9606056529287009,1.3477617231835286,0.5308002286363223,1.1524461617225508,0.7729202255883316,0.014676544183068076,0.01254048798322005,0.019684028784161006,0.006163218021214542,10
Jamaica,2020-12-30,0.9794145839569487,1.3675536237697397,0.5569187520048948,1.1679132059647468,0.7940518917822472,0.014676544183068076,0.01254048798322005,0.019684028784161006,0.006163218021214542,10
Jamaica,2020-12-31,1.003167225625706,1.388789792210014,0.5925034089197652,1.1899786619615764,0.817427868461732,0.014676544183068076,0.01254048798322005,0.019684028784161006,0.006163218021214542,10
Jamaica,2021-01-01,1.0354485992587532,1.428875264114077,0.6307102141060983,1.2190805865349539,0.8521288913195411,0.014676544183068076,0.01254048798322005,0.019684028784161006,0.006163218021214542,10
Jamaica,2021-01-02,1.0565946788258551,1.450415420855574,0.6522571638653676,1.239753158136603,0.8741900701011954,0.014676544183068076,0.01254048798322005,0.019684028784161006,0.006163218021214542,10
Jamaica,2021-01-03,1.093455274742895,1.501103266048828,0.696130850341782,1.2753843137079237,0.9104894160785241,0.014676544183068076,0.01254048798322005,0.019684028784161006,0.006163218021214542,10
Jamaica,2021-01-04,1.109681717998619,1.5177746796039355,0.7192145290256756,1.2902731762146056,0.9275495311353116,0.014676544183068076,0.01254048798322005,0.019684028784161006,0.006163218021214542,10
Jamaica,2021-01-05,1.1006864227144282,1.497751035966878,0.7076899896996882,1.2840813336577475,0.9196988521686336,0.014676544183068076,0.01254048798322005,0.019684028784161006,0.006163218021214542,10
Jamaica,2021-01-06,1.1002104556832635,1.4960116025505552,0.7038569565125294,1.2840346526609365,0.9166395357310834,0.014676544183068076,0.01254048798322005,0.019684028784161006,0.006163218021214542,10
Jamaica,2021-01-07,1.0979221618623183,1.4960671166477044,0.690611978061038,1.284040014187263,0.9116370728498333,0.014676544183068076,0.01254048798322005,0.019684028784161006,0.006163218021214542,10
Jamaica,2021-01-08,1.1052727526870911,1.498112930501254,0.704735357948984,1.289054547266598,0.9210605331648288,0.014676544183068076,0.01254048798322005,0.019684028784161006,0.006163218021214542,10
Jamaica,2021-01-09,1.1221560895470775,1.5137569166752742,0.7231728019001302,1.306682050057375,0.9392235438427522,0.014676544183068076,0.01254048798322005,0.019684028784161006,0.006163218021214542,10
Jamaica,2021-01-10,1.1473483425990814,1.543765510086159,0.7546361774815074,1.3301949270220574,0.9631634431934115,0.014676544183068076,0.01254048798322005,0.019684028784161006,0.006163218021214542,10
Jamaica,2021-01-11,1.1656568919731316,1.5670494648539643,0.7731747103156617,1.3471426069495083,0.980812406777397,0.014676544183068076,0.01254048798322005,0.019684028784161006,0.006163218021214542,10
Jamaica,2021-01-12,1.180348595853532,1.5831335253175665,0.785553808056433,1.363031258196294,0.997411550053138,0.014676544183068076,0.01254048798322005,0.019684028784161006,0.006163218021214542,10
Jamaica,2021-01-13,1.182780982473329,1.5825146454813321,0.7853713275136978,1.3651270392004686,0.9965271103499043,0.014676544183068076,0.01254048798322005,0.019684028784161006,0.006163218021214542,10
Jamaica,2021-01-14,1.1836487910794715,1.5843003660606225,0.7830350224385927,1.3671128071652832,0.9976542268033077,0.014676544183068076,0.01254048798322005,0.019684028784161006,0.006163218021214542,10
Jamaica,2021-01-15,1.191489533071772,1.5851812928374565,0.7877494700919165,1.376256362680035,1.0067160376734519,0.014676544183068076,0.01254048798322005,0.019684028784161006,0.006163218021214542,10
Jamaica,2021-01-16,1.2014650060407768,1.6002417160179583,0.8040460824028615,1.3849813274290852,1.0177808855100932,0.014676544183068076,0.01254048798322005,0.019684028784161006,0.006163218021214542,10
Jamaica,2021-01-17,1.2083577857284111,1.6080497039731934,0.8100870331959318,1.3909212463567875,1.024244466435246,0.014676544183068076,0.01254048798322005,0.019684028784161006,0.006163218021214542,10
Jamaica,2021-01-18,1.221664877700062,1.6234461029050884,0.8200577388038335,1.4052539939044482,1.038280398578713,0.014676544183068076,0.01254048798322005,0.019684028784161006,0.006163218021214542,10
Jamaica,2021-01-19,1.228804622336075,1.6322842648066618,0.8298420160968285,1.411290982838985,1.044107096702532,0.014676544183068076,0.01254048798322005,0.019684028784161006,0.006163218021214542,10
Jamaica,2021-01-20,1.2246721495571031,1.621998243927423,0.8283974928980812,1.4065946247509453,1.0424913378873573,0.014676544183068076,0.01254048798322005,0.019684028784161006,0.006163218021214542,10
Jamaica,2021-01-21,1.2291597043097324,1.6241919871966461,0.8348423329335708,1.4098295605414375,1.0467114643760942,0.014676544183068076,0.01254048798322005,0.019684028784161006,0.006163218021214542,10
Jamaica,2021-01-22,1.2415081733997186,1.6365953737599428,0.8484821446940254,1.4233530541298198,1.0563559488731533,0.014676544183068076,0.01254048798322005,0.019684028784161006,0.006163218021214542,10
Jamaica,2021-01-23,1.2537670567878028,1.6488960825240375,0.8585313839420359,1.436382819567469,1.0708691020266452,0.014676544183068076,0.01254048798322005,0.019684028784161006,0.006163218021214542,10
Jamaica,2021-01-24,1.2658074984205183,1.6619891220879222,0.8733077434058457,1.4470017378651021,1.0832643869801175,0.014676544183068076,0.01254048798322005,0.019684028784161006,0.006163218021214542,10
Jamaica,2021-01-25,1.276430773377933,1.6693492334670565,0.8842368758367282,1.4593926796602212,1.0939255319101473,0.014676544183068076,0.01254048798322005,0.019684028784161006,0.006163218021214542,10
Jamaica,2021-01-26,1.2838212360502812,1.6782835016868483,0.8894396708537937,1.466886222352558,1.1011482331874778,0.014676544183068076,0.01254048798322005,0.019684028784161006,0.006163218021214542,10
Jamaica,2021-01-27,1.287576458187905,1.6809792857211803,0.8881127281589434,1.4715132331538798,1.1047512024141097,0.014676544183068076,0.01254048798322005,0.019684028784161006,0.006163218021214542,10
Jamaica,2021-01-28,1.2983042462527072,1.697894115898151,0.8997633706703014,1.4839231709542546,1.1141290881010981,0.014676544183068076,0.01254048798322005,0.019684028784161006,0.006163218021214542,10
Jamaica,2021-01-29,1.2950681453649098,1.692558340274607,0.8907211171575282,1.4811914514611402,1.1087379441514316,0.014676544183068076,0.01254048798322005,0.019684028784161006,0.006163218021214542,10
Jamaica,2021-01-30,1.3124212262312343,1.7103967759572618,0.9036024254403457,1.498401469018763,1.1269102407733502,0.014676544183068076,0.01254048798322005,0.019684028784161006,0.006163218021214542,10
Jamaica,2021-01-31,1.3418031941959045,1.7444795036824108,0.9374431079775163,1.5284840758869005,1.1552220898289125,0.014676544183068076,0.01254048798322005,0.019684028784161006,0.006163218021214542,10
Jamaica,2021-02-01,1.3726437756429724,1.7764892756175992,0.973967546367139,1.5610366381889769,1.1839666988084863,0.014676544183068076,0.01254048798322005,0.019684028784161006,0.006163218021214542,10
Jamaica,2021-02-02,1.4054556680338015,1.8240114188815366,1.0108690635684698,1.5975652164627396,1.2129779529649973,0.014676544183068076,0.01254048798322005,0.019684028784161006,0.006163218021214542,10
Jamaica,2021-02-03,1.4265663970882696,1.8544786212675686,1.0252070004297456,1.6200023352882518,1.2329997541881004,0.014676544183068076,0.01254048798322005,0.019684028784161006,0.006163218021214542,10
Jamaica,2021-02-04,1.4609483312665,1.89678273322255,1.0611303437260848,1.6597812728553052,1.262671721894258,0.014676544183068076,0.01254048798322005,0.019684028784161006,0.006163218021214542,10
Jamaica,2021-02-05,1.4915224995536982,1.9415365498865602,1.086264185834982,1.6910720339178975,1.2908464262882002,0.014676544183068076,0.01254048798322005,0.019684028784161006,0.006163218021214542,10
Jamaica,2021-02-06,1.5093642652841996,1.9629432486762177,1.089081673219863,1.715539815753241,1.3052376420548144,0.014676544183068076,0.01254048798322005,0.019684028784161006,0.006163218021214542,10
Jamaica,2021-02-07,1.5070819802850874,1.9643105553758473,1.084461236451569,1.7157026326237095,1.2993582370041954,0.014676544183068076,0.01254048798322005,0.019684028784161006,0.006163218021214542,10
Jamaica,2021-02-08,1.5037020781508554,1.9681418253609109,1.074650481229088,1.712706067809019,1.2953873662732462,0.014676544183068076,0.01254048798322005,0.019684028784161006,0.006163218021214542,10
Jamaica,2021-02-09,1.504549552680377,1.9660714471400202,1.0664709863901107,1.719668202654332,1.291964965640426,0.014676544183068076,0.01254048798322005,0.019684028784161006,0.006163218021214542,10
Jamaica,2021-02-10,1.4878113332843461,1.9599503846840407,1.0390131568086005,1.704353157802913,1.2712858929308664,0.014676544183068076,0.01254048798322005,0.019684028784161006,0.006163218021214542,10
Jamaica,2021-02-11,1.479841864793954,1.9578046186637248,1.0144683051777097,1.7032394630186647,1.2560146058118384,0.014676544183068076,0.01254048798322005,0.019684028784161006,0.006163218021214542,10
Jamaica,2021-02-12,1.466650174501737,1.9653137341660045,0.9848802085515489,1.696632246229263,1.234701308037577,0.014676544183068076,0.01254048798322005,0.019684028784161006,0.006163218021214542,10
Jamaica,2021-02-13,1.4566280113241978,1.9755533801168,0.9428531970761117,1.6957776620491338,1.2150292046179467,0.014676544183068076,0.01254048798322005,0.019684028784161006,0.006163218021214542,10
Jamaica,2021-02-14,1.4457903985117793,1.996564553745862,0.9048796360781478,1.701085437551808,1.1915774426366146,0.014676544183068076,0.01254048798322005,0.019684028784161006,0.006163218021214542,10
Japan,2020-02-22,1.5027551530202166,1.8733150681443171,1.1428706860330338,1.6747295732975613,1.3289348572563764,0.18997731882430685,0.00048573201199930693,0.19935408502777044,0.0009709567904384022,10
Japan,2020-02-23,1.3581805993563754,1.6740192084527032,1.0392396692306578,1.5071277097555726,1.2085060461956754,0.18997731882430685,0.00048573201199930693,0.19935408502777044,0.0009709567904384022,10
Japan,2020-02-24,1.2939629071080814,1.5858168486583963,0.9918496511372655,1.437153458155053,1.1531123446354048,0.18997731882430685,0.00048573201199930693,0.19935408502777044,0.0009709567904384022,10
Japan,2020-02-25,1.310008686910618,1.597197907942215,1.0164991157259318,1.4465641634122135,1.1727246463616399,0.18997731882430685,0.00048573201199930693,0.19935408502777044,0.0009709567904384022,10
Japan,2020-02-26,1.3749924052660203,1.6555817409892708,1.0916530376590237,1.5084765400321707,1.2420936816742814,0.18997731882430685,0.00048573201199930693,0.19935408502777044,0.0009709567904384022,10
Japan,2020-02-27,1.409267539219731,1.6895071303582492,1.1238299791178015,1.542424375706966,1.275381285482766,0.18997731882430685,0.00048573201199930693,0.19935408502777044,0.0009709567904384022,10
Japan,2020-02-28,1.3289519726286163,1.606896193506968,1.040333521337879,1.4640493063546844,1.1953090096530365,0.18997731882430685,0.00048573201199930693,0.19935408502777044,0.0009709567904384022,10
Japan,2020-02-29,1.263719987085361,1.5525537637152997,0.9529964344441499,1.4059803868533671,1.1221768088881698,0.18997731882430685,0.00048573201199930693,0.19935408502777044,0.0009709567904384022,10
Japan,2020-03-01,1.3253489665658476,1.6135947525497567,1.0213188141534268,1.4663868829280307,1.1853954485009641,0.18997731882430685,0.00048573201199930693,0.19935408502777044,0.0009709567904384022,10
Japan,2020-03-02,1.4492682983796588,1.7317573760979184,1.1612787177894695,1.584400871423693,1.3133963709109533,0.18997731882430685,0.00048573201199930693,0.19935408502777044,0.0009709567904384022,10
Japan,2020-03-03,1.5940748268969385,1.8732325212675605,1.3136739091425136,1.7279668745686498,1.4601796167640173,0.18997731882430685,0.00048573201199930693,0.19935408502777044,0.0009709567904384022,10
Japan,2020-03-04,1.781879704314305,2.077298036382685,1.4982015303189173,1.9204819483892202,1.642279343779558,0.18997731882430685,0.00048573201199930693,0.19935408502777044,0.0009709567904384022,10
Japan,2020-03-05,1.868815887720723,2.171142333240252,1.5751744716471991,2.00896144385685,1.727157253253002,0.18997731882430685,0.00048573201199930693,0.19935408502777044,0.0009709567904384022,10
Japan,2020-03-06,1.961385699020053,2.2897140962454445,1.6558393702674001,2.1091599438082795,1.8127239440164142,0.18997731882430685,0.00048573201199930693,0.19935408502777044,0.0009709567904384022,10
Japan,2020-03-07,1.8612874131821755,2.157922506071487,1.5754721790827035,1.9993195077173462,1.7232538115898053,0.18997731882430685,0.00048573201199930693,0.19935408502777044,0.0009709567904384022,10
Japan,2020-03-08,1.7263271854032594,2.002816586221263,1.4464443574187547,1.8597266604565084,1.593722138319865,0.18997731882430685,0.00048573201199930693,0.19935408502777044,0.0009709567904384022,10
Japan,2020-03-09,1.6665539449211173,1.9482605595717424,1.383963183245173,1.8005262462756826,1.5326457727747507,0.18997731882430685,0.00048573201199930693,0.19935408502777044,0.0009709567904384022,10
Japan,2020-03-10,1.7186092710272574,2.0115591869503935,1.4377694504930134,1.854665978894293,1.5806917588251208,0.18997731882430685,0.00048573201199930693,0.19935408502777044,0.0009709567904384022,10
Japan,2020-03-11,1.6674050151266706,1.9548561732566385,1.3856927260275582,1.803171051195866,1.5320773423227094,0.18997731882430685,0.00048573201199930693,0.19935408502777044,0.0009709567904384022,10
Japan,2020-03-12,1.5721709276761688,1.8562930333271823,1.2934623022295026,1.7071816278308451,1.4385758778374766,0.18997731882430685,0.00048573201199930693,0.19935408502777044,0.0009709567904384022,10
Japan,2020-03-13,1.4392383337406334,1.720524409046234,1.1541306995130485,1.5739406933369677,1.305866498524598,0.18997731882430685,0.00048573201199930693,0.19935408502777044,0.0009709567904384022,10
Japan,2020-03-14,1.3738862384182369,1.6539889325846224,1.0894842122425104,1.508337159760453,1.2393169180793902,0.18997731882430685,0.00048573201199930693,0.19935408502777044,0.0009709567904384022,10
Japan,2020-03-15,1.2222550476108867,1.5085032032340084,0.9254071203411931,1.361857935678128,1.083376631320858,0.18997731882430685,0.00048573201199930693,0.19935408502777044,0.0009709567904384022,10
Japan,2020-03-16,1.1431711162811642,1.4388864533692052,0.8327339255330709,1.2874711389031548,0.999116697494359,0.18997731882430685,0.00048573201199930693,0.19935408502777044,0.0009709567904384022,10
Japan,2020-03-17,1.194935107270916,1.4823147189405597,0.8988340555014219,1.3321993538398038,1.0572391285850677,0.18997731882430685,0.00048573201199930693,0.19935408502777044,0.0009709567904384022,10
Japan,2020-03-18,1.1932360948531275,1.4802851361598295,0.897912530531748,1.3314168922047336,1.0545332624221324,0.18997731882430685,0.00048573201199930693,0.19935408502777044,0.0009709567904384022,10
Japan,2020-03-19,1.2327233659918206,1.5188832040095868,0.9360753698700157,1.369414813079278,1.094640897211328,0.18997731882430685,0.00048573201199930693,0.19935408502777044,0.0009709567904384022,10
Japan,2020-03-20,1.2962653469929808,1.5768527839150643,1.0049670719166113,1.4318194043954227,1.1615923094017406,0.18997731882430685,0.00048573201199930693,0.19935408502777044,0.0009709567904384022,10
Japan,2020-03-21,1.3164930368255139,1.603337571028634,1.0167757045916055,1.4572698822262624,1.1772508221816143,0.18997731882430685,0.00048573201199930693,0.19935408502777044,0.0009709567904384022,10
Japan,2020-03-22,1.4031612952268213,1.6885766587211963,1.1023708329589885,1.5427308352775984,1.2642108301806065,0.18997731882430685,0.00048573201199930693,0.19935408502777044,0.0009709567904384022,10
Japan,2020-03-23,1.531692026046803,1.8112930535248115,1.2412571362521867,1.6708360037283378,1.3937405153112026,0.18997731882430685,0.00048573201199930693,0.19935408502777044,0.0009709567904384022,10
Japan,2020-03-24,1.7550863352301291,2.0385986389154445,1.4753231820457393,1.888712102899715,1.6206685631182938,0.18997731882430685,0.00048573201199930693,0.19935408502777044,0.0009709567904384022,10
Japan,2020-03-25,1.9539467088951106,2.2441091654297534,1.6733943877997834,2.088213421608053,1.8189626125576233,0.18997731882430685,0.00048573201199930693,0.19935408502777044,0.0009709567904384022,10
Japan,2020-03-26,2.0856754563914603,2.377970565471696,1.8036067917140053,2.220349962174639,1.9497315748102397,0.18997731882430685,0.00048573201199930693,0.19935408502777044,0.0009709567904384022,10
Japan,2020-03-27,2.2107275098726777,2.511082836390223,1.9225345404792844,2.349652107762808,2.070075017351175,0.18997731882430685,0.00048573201199930693,0.19935408502777044,0.0009709567904384022,10
Japan,2020-03-28,2.353300130243401,2.6762234151293676,2.0547216414518026,2.501166318596013,2.205621550448885,0.18997731882430685,0.00048573201199930693,0.19935408502777044,0.0009709567904384022,10
Japan,2020-03-29,2.3020592039965075,2.594269120881509,2.0169173559676032,2.4391131231559484,2.1667429794392654,0.18997731882430685,0.00048573201199930693,0.19935408502777044,0.0009709567904384022,10
Japan,2020-03-30,2.22538189320238,2.506517750212038,1.9390680161960605,2.3597318671084793,2.0922598266279673,0.18997731882430685,0.00048573201199930693,0.19935408502777044,0.0009709567904384022,10
Japan,2020-03-31,2.367698712941316,2.66484625184401,2.0777434796534666,2.5068828831254546,2.228893959780126,0.18997731882430685,0.00048573201199930693,0.19935408502777044,0.0009709567904384022,10
Japan,2020-04-01,2.3868396453417837,2.6947276403906666,2.0946528781585334,2.527426424526655,2.2471431836379345,0.18997731882430685,0.00048573201199930693,0.19935408502777044,0.0009709567904384022,10
Japan,2020-04-02,2.337029882441644,2.6340738266219805,2.0506959124202986,2.4762641800174743,2.1985282292095767,0.18997731882430685,0.00048573201199930693,0.19935408502777044,0.0009709567904384022,10
Japan,2020-04-03,2.2841825782571403,2.580428434151066,2.000099293278688,2.422091533769361,2.1470675912567136,0.18997731882430685,0.00048573201199930693,0.19935408502777044,0.0009709567904384022,10
Japan,2020-04-04,2.194106299709646,2.4788177453865132,1.913616200926296,2.3286808200597107,2.0593466298151912,0.18997731882430685,0.00048573201199930693,0.19935408502777044,0.0009709567904384022,10
Japan,2020-04-05,2.0691643096935124,2.347932230756767,1.7890084939985895,2.2027394320594804,1.9373750760528696,0.18997731882430685,0.00048573201199930693,0.19935408502777044,0.0009709567904384022,10
Japan,2020-04-06,1.9608757686800486,2.242933751563563,1.6619697136773346,2.0977575967260083,1.8252964626413064,0.18997731882430685,0.00048573201199930693,0.19935408502777044,0.0009709567904384022,10
Japan,2020-04-07,2.0026071133712784,2.2805541331508365,1.7226922921953969,2.1342725187596274,1.8704679862548135,0.18997731882430685,0.00048573201199930693,0.19935408502777044,0.0009709567904384022,10
Japan,2020-04-08,2.0651510991188307,2.3549054582689157,1.7844152375885867,2.20067693947727,1.9276974937522287,0.18997731882430685,0.00048573201199930693,0.19935408502777044,0.0009709567904384022,10
Japan,2020-04-09,2.0499463626658194,2.3501857429500124,1.7635170781811262,2.1897149856868143,1.9099922651075645,0.18997731882430685,0.00048573201199930693,0.19935408502777044,0.0009709567904384022,10
Japan,2020-04-10,1.968968669303565,2.2628348782365832,1.6859658685380547,2.105515451714485,1.8306277044053645,0.18997731882430685,0.00048573201199930693,0.19935408502777044,0.0009709567904384022,10
Japan,2020-04-11,1.8365919928130687,2.1274289398505406,1.5557476943638109,1.9704791696681179,1.7011476178008234,0.18997731882430685,0.00048573201199930693,0.19935408502777044,0.0009709567904384022,10
Japan,2020-04-12,1.6333572170462323,1.9108846539138529,1.3499988281895123,1.7669498108214787,1.5011544014322316,0.18997731882430685,0.00048573201199930693,0.19935408502777044,0.0009709567904384022,10
Japan,2020-04-13,1.4643595929762663,1.7495245371963306,1.1688189083344331,1.6020411443635783,1.3281991622223512,0.18997731882430685,0.00048573201199930693,0.19935408502777044,0.0009709567904384022,10
Japan,2020-04-14,1.4213696352612872,1.7045265302025565,1.1368788502275076,1.556687660437968,1.288600702532397,0.18997731882430685,0.00048573201199930693,0.19935408502777044,0.0009709567904384022,10
Japan,2020-04-15,1.387208235016217,1.667234964446899,1.101692923887955,1.5200548433627197,1.2535646327277603,0.18997731882430685,0.00048573201199930693,0.19935408502777044,0.0009709567904384022,10
Japan,2020-04-16,1.3364525043196593,1.6128571878082023,1.0565507999370647,1.4690775588017881,1.2036779018922357,0.18997731882430685,0.00048573201199930693,0.19935408502777044,0.0009709567904384022,10
Japan,2020-04-17,1.2690647257662937,1.5515258609024323,0.9900037411665515,1.4036051389209299,1.1359744704299133,0.18997731882430685,0.00048573201199930693,0.19935408502777044,0.0009709567904384022,10
Japan,2020-04-18,1.18544252052942,1.4667507921160272,0.9032863927619762,1.318992048396306,1.0525810391679438,0.18997731882430685,0.00048573201199930693,0.19935408502777044,0.0009709567904384022,10
Japan,2020-04-19,1.0645074552791827,1.3427322759280165,0.7805192380749055,1.196691967992749,0.9317565042523811,0.18997731882430685,0.00048573201199930693,0.19935408502777044,0.0009709567904384022,10
Japan,2020-04-20,0.9898753526255972,1.2712130169597127,0.7033973147679751,1.1228783537752773,0.8557954448711164,0.18997731882430685,0.00048573201199930693,0.19935408502777044,0.0009709567904384022,10
Japan,2020-04-21,0.9538736280021486,1.2318586628810986,0.6752239027250728,1.0861447157936333,0.8195855930976911,0.18997731882430685,0.00048573201199930693,0.19935408502777044,0.0009709567904384022,10
Japan,2020-04-22,0.9274075744442414,1.204355417992081,0.6495461931099491,1.0579861234255639,0.7945857144010262,0.18997731882430685,0.00048573201199930693,0.19935408502777044,0.0009709567904384022,10
Japan,2020-04-23,0.898696952935118,1.1776658787989425,0.6204687643702768,1.029400447752455,0.7663076234878201,0.18997731882430685,0.00048573201199930693,0.19935408502777044,0.0009709567904384022,10
Japan,2020-04-24,0.8461711776963616,1.1266073267942578,0.5656665910427219,0.9775261872878467,0.7142713513561859,0.18997731882430685,0.00048573201199930693,0.19935408502777044,0.0009709567904384022,10
Japan,2020-04-25,0.7797188645987111,1.0573038735327147,0.4921548526638675,0.9134214454230384,0.645925805233984,0.18997731882430685,0.00048573201199930693,0.19935408502777044,0.0009709567904384022,10
Japan,2020-04-26,0.7100249183337097,0.9907384551792789,0.42543936687858197,0.8446125161089344,0.5761665463042145,0.18997731882430685,0.00048573201199930693,0.19935408502777044,0.0009709567904384022,10
Japan,2020-04-27,0.6721440738092435,0.9544232999179263,0.3840532856523827,0.8073370317396354,0.5358861970682773,0.18997731882430685,0.00048573201199930693,0.19935408502777044,0.0009709567904384022,10
Japan,2020-04-28,0.6801250659484097,0.963181769846388,0.3959506285555401,0.8156878210840176,0.546307124196684,0.18997731882430685,0.00048573201199930693,0.19935408502777044,0.0009709567904384022,10
Japan,2020-04-29,0.669423461048694,0.9501368855992138,0.38573490975402724,0.8031309491917107,0.5363211059027917,0.18997731882430685,0.00048573201199930693,0.19935408502777044,0.0009709567904384022,10
Japan,2020-04-30,0.6705333488687131,0.9528162202444146,0.3901726067435347,0.80346614279474,0.5376524318868028,0.18997731882430685,0.00048573201199930693,0.19935408502777044,0.0009709567904384022,10
Japan,2020-05-01,0.6860055801062744,0.9674261452668306,0.40920489408764205,0.8180077922775701,0.5523340471459393,0.18997731882430685,0.00048573201199930693,0.19935408502777044,0.0009709567904384022,10
Japan,2020-05-02,0.6743365761864819,0.9619191020602482,0.3964386878182369,0.8068421444878373,0.5389904555812417,0.18997731882430685,0.00048573201199930693,0.19935408502777044,0.0009709567904384022,10
Japan,2020-05-03,0.6139252012552343,0.8946191972556823,0.3373678185760878,0.7470876559599153,0.4819283788564911,0.18997731882430685,0.00048573201199930693,0.19935408502777044,0.0009709567904384022,10
Japan,2020-05-04,0.5541885216972284,0.8309928549355221,0.2751173786979264,0.688273533036581,0.4199184055082933,0.18997731882430685,0.00048573201199930693,0.19935408502777044,0.0009709567904384022,10
Japan,2020-05-05,0.49575993969901144,0.7735940337711602,0.21020251055924233,0.6287800446790378,0.3623753985178779,0.18997731882430685,0.00048573201199930693,0.19935408502777044,0.0009709567904384022,10
Japan,2020-05-06,0.45150060224008937,0.7314301636369123,0.16709561138800555,0.5860274865743288,0.31918987129235876,0.18997731882430685,0.00048573201199930693,0.19935408502777044,0.0009709567904384022,10
Japan,2020-05-07,0.42527645234969813,0.7093995878832662,0.14168434983440292,0.5579108232163419,0.2926363943163057,0.18997731882430685,0.00048573201199930693,0.19935408502777044,0.0009709567904384022,10
Japan,2020-05-08,0.40759451637767397,0.6877698312082301,0.12775201862444419,0.5395751043101265,0.2748693287936843,0.18997731882430685,0.00048573201199930693,0.19935408502777044,0.0009709567904384022,10
Japan,2020-05-09,0.400762638541142,0.681821987410334,0.11503667201769097,0.5334762980909642,0.2669079106106006,0.18997731882430685,0.00048573201199930693,0.19935408502777044,0.0009709567904384022,10
Japan,2020-05-10,0.3738982424983328,0.6536774006166348,0.08967146534168269,0.5068453202697383,0.2420596613045214,0.18997731882430685,0.00048573201199930693,0.19935408502777044,0.0009709567904384022,10
Japan,2020-05-11,0.35737810085552624,0.6370821239687141,0.07477570122326149,0.49132061683117834,0.22318224802423636,0.18997731882430685,0.00048573201199930693,0.19935408502777044,0.0009709567904384022,10
Japan,2020-05-12,0.3737404005601064,0.6570635445066415,0.09183067148626378,0.5067342617818452,0.24142355616081168,0.18997731882430685,0.00048573201199930693,0.19935408502777044,0.0009709567904384022,10
Japan,2020-05-13,0.3714902835588664,0.6491388630369613,0.08916487079912327,0.5047629131088722,0.23850942973295775,0.18997731882430685,0.00048573201199930693,0.19935408502777044,0.0009709567904384022,10
Japan,2020-05-14,0.3864085722402194,0.6673220846786405,0.10868743828576077,0.5190538044663473,0.2531577806030191,0.18997731882430685,0.00048573201199930693,0.19935408502777044,0.0009709567904384022,10
Japan,2020-05-15,0.35917665038588,0.6409180677821686,0.0782336586295127,0.49161807077619435,0.22661861197893174,0.18997731882430685,0.00048573201199930693,0.19935408502777044,0.0009709567904384022,10
Japan,2020-05-16,0.33699654196481643,0.6185690637206483,0.05811172964002531,0.47040017908304654,0.20468193166871895,0.18997731882430685,0.00048573201199930693,0.19935408502777044,0.0009709567904384022,10
Japan,2020-05-17,0.3076616420213034,0.5868454893882914,0.029096540898293166,0.44071468416389326,0.17341905434365723,0.18997731882430685,0.00048573201199930693,0.19935408502777044,0.0009709567904384022,10
Japan,2020-05-18,0.3056890289919153,0.5867241178179158,0.018255354997399276,0.43946047442863967,0.17163933216738392,0.18997731882430685,0.00048573201199930693,0.19935408502777044,0.0009709567904384022,10
Japan,2020-05-19,0.3108508485285778,0.5896322318488234,0.03217648560381836,0.44442620775382335,0.17724246242392472,0.18997731882430685,0.00048573201199930693,0.19935408502777044,0.0009709567904384022,10
Japan,2020-05-20,0.32866207241868983,0.6062097398448871,0.04818258683445831,0.46221887107698123,0.1949258022787944,0.18997731882430685,0.00048573201199930693,0.19935408502777044,0.0009709567904384022,10
Japan,2020-05-21,0.34749008022349603,0.6291433148937383,0.06379112275265253,0.4813968205806908,0.21337437494574407,0.18997731882430685,0.00048573201199930693,0.19935408502777044,0.0009709567904384022,10
Japan,2020-05-22,0.35356499033643496,0.6353390773830808,0.06671841288340274,0.4868158203181667,0.21949845535968981,0.18997731882430685,0.00048573201199930693,0.19935408502777044,0.0009709567904384022,10
Japan,2020-05-23,0.3798727040524841,0.6580314554753293,0.09490365482209429,0.5143232042118963,0.24464527455974394,0.18997731882430685,0.00048573201199930693,0.19935408502777044,0.0009709567904384022,10
Japan,2020-05-24,0.42506565341054037,0.7037060480732937,0.13994527874322993,0.5584912723006188,0.29247293710653066,0.18997731882430685,0.00048573201199930693,0.19935408502777044,0.0009709567904384022,10
Japan,2020-05-25,0.4507578558725921,0.7285564714161683,0.16314667159355667,0.5855337289081788,0.31679790189073,0.18997731882430685,0.00048573201199930693,0.19935408502777044,0.0009709567904384022,10
Japan,2020-05-26,0.5130391498556941,0.7919953039072554,0.23091966258827545,0.6458693176604028,0.3804895029457678,0.18997731882430685,0.00048573201199930693,0.19935408502777044,0.0009709567904384022,10
Japan,2020-05-27,0.592053544741541,0.8698371055329199,0.31149836213305104,0.7243216711732967,0.45947190444941843,0.18997731882430685,0.00048573201199930693,0.19935408502777044,0.0009709567904384022,10
Japan,2020-05-28,0.711978888466021,1.0026391501391791,0.4296446327183304,0.8465622172099637,0.5768719219757634,0.18997731882430685,0.00048573201199930693,0.19935408502777044,0.0009709567904384022,10
Japan,2020-05-29,0.7569565464215882,1.0501304466328998,0.47445868870967245,0.8926852293427101,0.6198905085034676,0.18997731882430685,0.00048573201199930693,0.19935408502777044,0.0009709567904384022,10
Japan,2020-05-30,0.7210892375322657,1.006584572901113,0.4434858038454418,0.8551875247829278,0.5861838811680102,0.18997731882430685,0.00048573201199930693,0.19935408502777044,0.0009709567904384022,10
Japan,2020-05-31,0.697437120580771,0.9785881225195285,0.4181244880471312,0.8309999441401825,0.5650227804766815,0.18997731882430685,0.00048573201199930693,0.19935408502777044,0.0009709567904384022,10
Japan,2020-06-01,0.7007999763530923,0.9810530547070331,0.4217975300580745,0.8336630472372477,0.567835299236522,0.18997731882430685,0.00048573201199930693,0.19935408502777044,0.0009709567904384022,10
Japan,2020-06-02,0.7251731445439622,1.0098164009565074,0.4446243739274831,0.8576536887879107,0.5916241376287218,0.18997731882430685,0.00048573201199930693,0.19935408502777044,0.0009709567904384022,10
Japan,2020-06-03,0.7232134295477576,1.0042671029726118,0.44153250825610046,0.8556314118365014,0.589882611567663,0.18997731882430685,0.00048573201199930693,0.19935408502777044,0.0009709567904384022,10
Japan,2020-06-04,0.758852402367762,1.041845245920648,0.4777850914998425,0.8917060220109911,0.6256961244502681,0.18997731882430685,0.00048573201199930693,0.19935408502777044,0.0009709567904384022,10
Japan,2020-06-05,0.7820385082722292,1.062786214799211,0.5034904028591782,0.9142126508443086,0.6488056929183251,0.18997731882430685,0.00048573201199930693,0.19935408502777044,0.0009709567904384022,10
Japan,2020-06-06,0.7863890413609494,1.0729081409468597,0.5063490634618417,0.9190786069895294,0.6532440789226539,0.18997731882430685,0.00048573201199930693,0.19935408502777044,0.0009709567904384022,10
Japan,2020-06-07,0.788121703057049,1.0667932551545583,0.5073937747955795,0.9212662813532941,0.6551089912380972,0.18997731882430685,0.00048573201199930693,0.19935408502777044,0.0009709567904384022,10
Japan,2020-06-08,0.7935290894861431,1.0774603649193486,0.5106503306588962,0.9272091402538192,0.6594688671021331,0.18997731882430685,0.00048573201199930693,0.19935408502777044,0.0009709567904384022,10
Japan,2020-06-09,0.8724528510422345,1.150918986742069,0.5902165687916519,1.004590632255778,0.7405548361375325,0.18997731882430685,0.00048573201199930693,0.19935408502777044,0.0009709567904384022,10
Japan,2020-06-10,0.910657430244812,1.1906289086109014,0.6270901936863297,1.0420244682674142,0.7787278823625051,0.18997731882430685,0.00048573201199930693,0.19935408502777044,0.0009709567904384022,10
Japan,2020-06-11,0.9810331258395091,1.2594163792235566,0.7005515907210409,1.112918681302166,0.8498187797170393,0.18997731882430685,0.00048573201199930693,0.19935408502777044,0.0009709567904384022,10
Japan,2020-06-12,1.0722421686261485,1.3550275144803463,0.7904462922096482,1.2057220002322753,0.9387573597332242,0.18997731882430685,0.00048573201199930693,0.19935408502777044,0.0009709567904384022,10
Japan,2020-06-13,1.104709179041829,1.3839448189283334,0.8309099422304533,1.2365949878656592,0.9704088903303055,0.18997731882430685,0.00048573201199930693,0.19935408502777044,0.0009709567904384022,10
Japan,2020-06-14,1.1789652631310763,1.4698632770444606,0.8941241175489838,1.3140137036377877,1.042630996438802,0.18997731882430685,0.00048573201199930693,0.19935408502777044,0.0009709567904384022,10
Japan,2020-06-15,1.1677160535428805,1.4542671592655976,0.8877211357857133,1.3023175841733612,1.0334712205959526,0.18997731882430685,0.00048573201199930693,0.19935408502777044,0.0009709567904384022,10
Japan,2020-06-16,1.1129543336858767,1.3910993021647902,0.8309785863713444,1.2460610193617108,0.9797875751027162,0.18997731882430685,0.00048573201199930693,0.19935408502777044,0.0009709567904384022,10
Japan,2020-06-17,1.1074180379400573,1.387039626382205,0.8256893625581617,1.2392671856526294,0.9752040091532737,0.18997731882430685,0.00048573201199930693,0.19935408502777044,0.0009709567904384022,10
Japan,2020-06-18,1.141610292165453,1.4186492654564238,0.8607844263115327,1.2739717366864374,1.0092746935155275,0.18997731882430685,0.00048573201199930693,0.19935408502777044,0.0009709567904384022,10
Japan,2020-06-19,1.1770333709330212,1.4527717285802333,0.8958521682462149,1.3084330369895285,1.0457595254767376,0.18997731882430685,0.00048573201199930693,0.19935408502777044,0.0009709567904384022,10
Japan,2020-06-20,1.1774040693980252,1.4525073845361292,0.900917154438221,1.309844006999107,1.0448737697893196,0.18997731882430685,0.00048573201199930693,0.19935408502777044,0.0009709567904384022,10
Japan,2020-06-21,1.1606777216774604,1.4423701799034392,0.8715378431067563,1.2942735064126998,1.0260220121588222,0.18997731882430685,0.00048573201199930693,0.19935408502777044,0.0009709567904384022,10
Japan,2020-06-22,1.171612373398151,1.4555157709523645,0.8754949163371102,1.3089118620563434,1.0356030934496878,0.18997731882430685,0.00048573201199930693,0.19935408502777044,0.0009709567904384022,10
Japan,2020-06-23,1.2690149808488096,1.548825541100626,0.9801172504355133,1.4040958125633871,1.1345634058986904,0.18997731882430685,0.00048573201199930693,0.19935408502777044,0.0009709567904384022,10
Japan,2020-06-24,1.397226014295281,1.679321800520809,1.1138574682820215,1.5306113223918503,1.264038737949471,0.18997731882430685,0.00048573201199930693,0.19935408502777044,0.0009709567904384022,10
Japan,2020-06-25,1.4926699262851435,1.7797264783715545,1.2176632263406804,1.624795351400603,1.3588662900862447,0.18997731882430685,0.00048573201199930693,0.19935408502777044,0.0009709567904384022,10
Japan,2020-06-26,1.5640601830142742,1.8452531743821825,1.284504061440812,1.6969346397954275,1.433382972696807,0.18997731882430685,0.00048573201199930693,0.19935408502777044,0.0009709567904384022,10
Japan,2020-06-27,1.595459996211129,1.879590047872558,1.3150572737195483,1.7288702191095102,1.4609908527075248,0.18997731882430685,0.00048573201199930693,0.19935408502777044,0.0009709567904384022,10
Japan,2020-06-28,1.6614614680181363,1.9433538330478999,1.3791289204276604,1.794939903965996,1.5280729107513735,0.18997731882430685,0.00048573201199930693,0.19935408502777044,0.0009709567904384022,10
Japan,2020-06-29,1.7307028710128027,2.0131155796818376,1.4492835856691988,1.8653656681004631,1.5960338764661335,0.18997731882430685,0.00048573201199930693,0.19935408502777044,0.0009709567904384022,10
Japan,2020-06-30,1.841124431082052,2.1303482968131364,1.5604053124373638,1.978058783050463,1.7046483161785844,0.18997731882430685,0.00048573201199930693,0.19935408502777044,0.0009709567904384022,10
Japan,2020-07-01,1.9569058462466657,2.2680530142380118,1.6622083470582871,2.100288837943014,1.812193788089186,0.18997731882430685,0.00048573201199930693,0.19935408502777044,0.0009709567904384022,10
Japan,2020-07-02,1.9250894622913934,2.2201007699914648,1.6432254860499247,2.0626915424699925,1.789099737564161,0.18997731882430685,0.00048573201199930693,0.19935408502777044,0.0009709567904384022,10
Japan,2020-07-03,1.8316920971578694,2.11496053104882,1.556147711076447,1.9634862152979806,1.7000516314189773,0.18997731882430685,0.00048573201199930693,0.19935408502777044,0.0009709567904384022,10
Japan,2020-07-04,1.8655823607845805,2.154068503149905,1.5861655880310528,1.9981454543424293,1.7313462509510296,0.18997731882430685,0.00048573201199930693,0.19935408502777044,0.0009709567904384022,10
Japan,2020-07-05,1.7744537458937193,2.057999757215825,1.4963063736349667,1.908610720159733,1.6410998285952685,0.18997731882430685,0.00048573201199930693,0.19935408502777044,0.0009709567904384022,10
Japan,2020-07-06,1.7109171658179172,1.9921116942906782,1.4210517468933073,1.8469849125042423,1.5761462922035336,0.18997731882430685,0.00048573201199930693,0.19935408502777044,0.0009709567904384022,10
Japan,2020-07-07,1.7214092840915645,2.0027376047381305,1.4314823898482516,1.8559551506553915,1.586571034983625,0.18997731882430685,0.00048573201199930693,0.19935408502777044,0.0009709567904384022,10
Japan,2020-07-08,1.7766949797017828,2.054821573403105,1.4933043255290461,1.9104773422337111,1.64378918791275,0.18997731882430685,0.00048573201199930693,0.19935408502777044,0.0009709567904384022,10
Japan,2020-07-09,1.904100045757343,2.1948989887609853,1.618684074671929,2.039261653574952,1.7685727059201346,0.18997731882430685,0.00048573201199930693,0.19935408502777044,0.0009709567904384022,10
Japan,2020-07-10,1.9467656568740879,2.2374187010179636,1.660916480043439,2.0836856248862548,1.8083543609600354,0.18997731882430685,0.00048573201199930693,0.19935408502777044,0.0009709567904384022,10
Japan,2020-07-11,1.8889952812227069,2.1764162351371317,1.6068588072246361,2.02255037290691,1.7553583658471736,0.18997731882430685,0.00048573201199930693,0.19935408502777044,0.0009709567904384022,10
Japan,2020-07-12,1.8217404721640453,2.096606674036485,1.543127908914511,1.9550543271979453,1.6886672887123542,0.18997731882430685,0.00048573201199930693,0.19935408502777044,0.0009709567904384022,10
Japan,2020-07-13,1.7386996790229863,2.017548694034539,1.4501584016604165,1.873345240774459,1.6045299241302171,0.18997731882430685,0.00048573201199930693,0.19935408502777044,0.0009709567904384022,10
Japan,2020-07-14,1.7626118274451918,2.0424868793153736,1.4799563249249506,1.894887790137104,1.6295527625525967,0.18997731882430685,0.00048573201199930693,0.19935408502777044,0.0009709567904384022,10
Japan,2020-07-15,1.8767094862314104,2.1692506375081724,1.594866265476312,2.0124565606831353,1.7404849003121252,0.18997731882430685,0.00048573201199930693,0.19935408502777044,0.0009709567904384022,10
Japan,2020-07-16,1.7765644290088356,2.0583238954761542,1.4935276410994516,1.9084201007295865,1.6434554338950438,0.18997731882430685,0.00048573201199930693,0.19935408502777044,0.0009709567904384022,10
Japan,2020-07-17,1.8048863710802319,2.0885081545469877,1.5222980432002822,1.939113632615999,1.6692191303267996,0.18997731882430685,0.00048573201199930693,0.19935408502777044,0.0009709567904384022,10
Japan,2020-07-18,1.7996886167208141,2.0909181683683933,1.5143682885229872,1.935555392061288,1.6648861094141392,0.18997731882430685,0.00048573201199930693,0.19935408502777044,0.0009709567904384022,10
Japan,2020-07-19,1.6493911207876253,1.9286856927027864,1.3630737960421881,1.783487608604604,1.5161173177876666,0.18997731882430685,0.00048573201199930693,0.19935408502777044,0.0009709567904384022,10
Japan,2020-07-20,1.5627920739179226,1.853921591661022,1.2600822061768389,1.7026317629510257,1.421791081398759,0.18997731882430685,0.00048573201199930693,0.19935408502777044,0.0009709567904384022,10
Japan,2020-07-21,1.6533505685629146,1.936656598866656,1.3635921451767543,1.788742919059747,1.5205097202078601,0.18997731882430685,0.00048573201199930693,0.19935408502777044,0.0009709567904384022,10
Japan,2020-07-22,1.6761241764931039,1.9556002352459236,1.3944279642067454,1.8103456454563958,1.5427279842222674,0.18997731882430685,0.00048573201199930693,0.19935408502777044,0.0009709567904384022,10
Japan,2020-07-23,1.713415955490687,1.9981845754748262,1.4307461967236896,1.84777850608771,1.5791861330509325,0.18997731882430685,0.00048573201199930693,0.19935408502777044,0.0009709567904384022,10
Japan,2020-07-24,1.6537087645229693,1.93523786252601,1.3718663512086984,1.787681505528339,1.51814070563493,0.18997731882430685,0.00048573201199930693,0.19935408502777044,0.0009709567904384022,10
Japan,2020-07-25,1.6153195823300157,1.8982545458859237,1.3346533312585624,1.7494381099791454,1.4812497264973141,0.18997731882430685,0.00048573201199930693,0.19935408502777044,0.0009709567904384022,10
Japan,2020-07-26,1.5920973523078001,1.8695098618725465,1.3092030234482932,1.725114389240427,1.4583102400143404,0.18997731882430685,0.00048573201199930693,0.19935408502777044,0.0009709567904384022,10
Japan,2020-07-27,1.573178104064378,1.85145102053087,1.2831660787155044,1.7086801911742702,1.4400725592707262,0.18997731882430685,0.00048573201199930693,0.19935408502777044,0.0009709567904384022,10
Japan,2020-07-28,1.6625450714831411,1.9453767452412878,1.3823765242050916,1.7976747537373998,1.5282774067414322,0.18997731882430685,0.00048573201199930693,0.19935408502777044,0.0009709567904384022,10
Japan,2020-07-29,1.751347249081558,2.046565797466763,1.4657551964931512,1.8881220704393116,1.612420332728715,0.18997731882430685,0.00048573201199930693,0.19935408502777044,0.0009709567904384022,10
Japan,2020-07-30,1.7881033035907357,2.09580136238801,1.5002137100152861,1.929881419542768,1.6454783028596658,0.18997731882430685,0.00048573201199930693,0.19935408502777044,0.0009709567904384022,10
Japan,2020-07-31,1.6732647218961385,1.9629774973600151,1.3950334616126328,1.8073736668312013,1.5377935094388604,0.18997731882430685,0.00048573201199930693,0.19935408502777044,0.0009709567904384022,10
Japan,2020-08-01,1.620260266070105,1.9060668935145897,1.336975394955483,1.755968796699523,1.4843198662803407,0.18997731882430685,0.00048573201199930693,0.19935408502777044,0.0009709567904384022,10
Japan,2020-08-02,1.5108294442015375,1.7907241643128757,1.2296140058002287,1.6461446404921762,1.3764526484618855,0.18997731882430685,0.00048573201199930693,0.19935408502777044,0.0009709567904384022,10
Japan,2020-08-03,1.4136857150006017,1.6951091197930261,1.128262775212617,1.5467645619831383,1.2808199828635658,0.18997731882430685,0.00048573201199930693,0.19935408502777044,0.0009709567904384022,10
Japan,2020-08-04,1.3869995790056626,1.6660156923296847,1.10160125998752,1.5199007477936672,1.2529801804831449,0.18997731882430685,0.00048573201199930693,0.19935408502777044,0.0009709567904384022,10
Japan,2020-08-05,1.3732243733243827,1.653811134505477,1.0922071059419813,1.5070598755022484,1.2397260183551444,0.18997731882430685,0.00048573201199930693,0.19935408502777044,0.0009709567904384022,10
Japan,2020-08-06,1.3568301767037063,1.637731030021249,1.073552243110338,1.491143558447451,1.2229831996765466,0.18997731882430685,0.00048573201199930693,0.19935408502777044,0.0009709567904384022,10
Japan,2020-08-07,1.3218083080125638,1.605923630503745,1.0381213047846591,1.4562473069248543,1.1869519028528308,0.18997731882430685,0.00048573201199930693,0.19935408502777044,0.0009709567904384022,10
Japan,2020-08-08,1.2518598223915465,1.5401625067039804,0.970870227704424,1.3849151652970895,1.1180887856653492,0.18997731882430685,0.00048573201199930693,0.19935408502777044,0.0009709567904384022,10
Japan,2020-08-09,1.1491452200810404,1.4363780265765285,0.8651078243405199,1.2842517663612583,1.0150973333800326,0.18997731882430685,0.00048573201199930693,0.19935408502777044,0.0009709567904384022,10
Japan,2020-08-10,1.026900992850552,1.310866419456102,0.7339176973000747,1.1640689386710947,0.8906796391314552,0.18997731882430685,0.00048573201199930693,0.19935408502777044,0.0009709567904384022,10
Japan,2020-08-11,0.9669383528752858,1.257460569409384,0.6742003382183465,1.1048574569037197,0.8305002777184011,0.18997731882430685,0.00048573201199930693,0.19935408502777044,0.0009709567904384022,10
Japan,2020-08-12,0.9777854673668542,1.258628378470911,0.6913707810763392,1.1123810506044312,0.8434106855606527,0.18997731882430685,0.00048573201199930693,0.19935408502777044,0.0009709567904384022,10
Japan,2020-08-13,1.0038148775756874,1.279975445230796,0.7251131895888081,1.1355227790979963,0.8710114959220956,0.18997731882430685,0.00048573201199930693,0.19935408502777044,0.0009709567904384022,10
Japan,2020-08-14,1.0132528227330806,1.290307373874982,0.7343597234531427,1.1457054430769458,0.8807705423137461,0.18997731882430685,0.00048573201199930693,0.19935408502777044,0.0009709567904384022,10
Japan,2020-08-15,0.984176450131065,1.26598371372644,0.7061204781336289,1.115605492031335,0.8522930465601162,0.18997731882430685,0.00048573201199930693,0.19935408502777044,0.0009709567904384022,10
Japan,2020-08-16,0.9310155860051784,1.2119347332424586,0.6496628098555648,1.063402322054756,0.7975668620094285,0.18997731882430685,0.00048573201199930693,0.19935408502777044,0.0009709567904384022,10
Japan,2020-08-17,0.8842077713158817,1.1688721641047224,0.5983486268351997,1.0179503572441444,0.7505729568634812,0.18997731882430685,0.00048573201199930693,0.19935408502777044,0.0009709567904384022,10
Japan,2020-08-18,0.9006500324532078,1.1814593239322573,0.6192170380726278,1.033114251996299,0.7691093639418967,0.18997731882430685,0.00048573201199930693,0.19935408502777044,0.0009709567904384022,10
Japan,2020-08-19,0.9250714370787447,1.2059789928228863,0.644462756233948,1.0573660094573591,0.7937803909071711,0.18997731882430685,0.00048573201199930693,0.19935408502777044,0.0009709567904384022,10
Japan,2020-08-20,0.9288318310518598,1.2116549308978808,0.6524799291010952,1.0622553448623553,0.7949162820364688,0.18997731882430685,0.00048573201199930693,0.19935408502777044,0.0009709567904384022,10
Japan,2020-08-21,0.8988780412519307,1.1820855200415796,0.6161790149329471,1.0324546807376478,0.7659706180800682,0.18997731882430685,0.00048573201199930693,0.19935408502777044,0.0009709567904384022,10
Japan,2020-08-22,0.8551568906226203,1.132688152150192,0.5728015110361627,0.9874536046897775,0.7227343712968515,0.18997731882430685,0.00048573201199930693,0.19935408502777044,0.0009709567904384022,10
Japan,2020-08-23,0.8020734622520882,1.0835381066853336,0.5209762425259583,0.9374100440069175,0.6678920397524056,0.18997731882430685,0.00048573201199930693,0.19935408502777044,0.0009709567904384022,10
Japan,2020-08-24,0.7681425068615463,1.051039019946825,0.4831586584548335,0.9026356205423591,0.6318679206387778,0.18997731882430685,0.00048573201199930693,0.19935408502777044,0.0009709567904384022,10
Japan,2020-08-25,0.7914094065090429,1.0692682754215577,0.5073306756480515,0.9243693852929759,0.6598425211123768,0.18997731882430685,0.00048573201199930693,0.19935408502777044,0.0009709567904384022,10
Japan,2020-08-26,0.8217066304314427,1.1012006066302744,0.5382410268817787,0.9540592953975485,0.6887922640478614,0.18997731882430685,0.00048573201199930693,0.19935408502777044,0.0009709567904384022,10
Japan,2020-08-27,0.8295090378691179,1.1135266472501504,0.5479284192244328,0.9617730743474007,0.6976912159378111,0.18997731882430685,0.00048573201199930693,0.19935408502777044,0.0009709567904384022,10
Japan,2020-08-28,0.8186803786313434,1.0989951733032022,0.5397064627522766,0.9519852466511508,0.684289914215541,0.18997731882430685,0.00048573201199930693,0.19935408502777044,0.0009709567904384022,10
Japan,2020-08-29,0.7953741618939205,1.0766820664007728,0.5188495255780071,0.9267596529438651,0.6638162302108789,0.18997731882430685,0.00048573201199930693,0.19935408502777044,0.0009709567904384022,10
Japan,2020-08-30,0.7467307868466643,1.0260032174913192,0.46502503040733234,0.8810131184182525,0.6138822232547214,0.18997731882430685,0.00048573201199930693,0.19935408502777044,0.0009709567904384022,10
Japan,2020-08-31,0.7147537309000954,0.9931000243743509,0.43320153805656325,0.8486128574689196,0.5801787507127818,0.18997731882430685,0.00048573201199930693,0.19935408502777044,0.0009709567904384022,10
Japan,2020-09-01,0.7245798202753683,1.003162876422401,0.4456310310421461,0.8574791973903728,0.5902879644660011,0.18997731882430685,0.00048573201199930693,0.19935408502777044,0.0009709567904384022,10
Japan,2020-09-02,0.7318109617952065,1.0140246581802421,0.44636606650129407,0.8646893028340458,0.5977933031035871,0.18997731882430685,0.00048573201199930693,0.19935408502777044,0.0009709567904384022,10
Japan,2020-09-03,0.7414924884673574,1.0187123937063605,0.46127427002556476,0.8750203331765679,0.6079097452086483,0.18997731882430685,0.00048573201199930693,0.19935408502777044,0.0009709567904384022,10
Japan,2020-09-04,0.7341159566483382,1.0182493928796468,0.4529182430368486,0.8680453336192037,0.6002827258584376,0.18997731882430685,0.00048573201199930693,0.19935408502777044,0.0009709567904384022,10
Japan,2020-09-05,0.7226757381164184,1.0004340763282193,0.4416678602323473,0.8551181854540604,0.5908737684091834,0.18997731882430685,0.00048573201199930693,0.19935408502777044,0.0009709567904384022,10
Japan,2020-09-06,0.6996574109523711,0.9809696090351949,0.41352190013095824,0.8341564470879123,0.5660809605587351,0.18997731882430685,0.00048573201199930693,0.19935408502777044,0.0009709567904384022,10
Japan,2020-09-07,0.6950096181427595,0.9770810720235625,0.40794168960167565,0.8298528943399783,0.5611105550540448,0.18997731882430685,0.00048573201199930693,0.19935408502777044,0.0009709567904384022,10
Japan,2020-09-08,0.7455456346945692,1.0243276159695789,0.46135422333875165,0.8801997138179773,0.6117924350501103,0.18997731882430685,0.00048573201199930693,0.19935408502777044,0.0009709567904384022,10
Japan,2020-09-09,0.7945518607141064,1.0780285332609494,0.5127243361099483,0.9294542444587796,0.6611496325981456,0.18997731882430685,0.00048573201199930693,0.19935408502777044,0.0009709567904384022,10
Japan,2020-09-10,0.8387507741527762,1.1216863862929107,0.5601002280624221,0.9726362943026788,0.7040003229918153,0.18997731882430685,0.00048573201199930693,0.19935408502777044,0.0009709567904384022,10
Japan,2020-09-11,0.8524137809765534,1.1332239993423012,0.5751274168508537,0.9851167303391657,0.7174327039094022,0.18997731882430685,0.00048573201199930693,0.19935408502777044,0.0009709567904384022,10
Japan,2020-09-12,0.8389107814614873,1.1229840804193094,0.5603007382006155,0.9714697464982521,0.7038120025563078,0.18997731882430685,0.00048573201199930693,0.19935408502777044,0.0009709567904384022,10
Japan,2020-09-13,0.7950028069977406,1.0740406322097142,0.5111148785917492,0.930366720694058,0.6605402214987848,0.18997731882430685,0.00048573201199930693,0.19935408502777044,0.0009709567904384022,10
Japan,2020-09-14,0.7723484189814339,1.0519371743150563,0.4860542791666608,0.9086561220581396,0.6372260362562683,0.18997731882430685,0.00048573201199930693,0.19935408502777044,0.0009709567904384022,10
Japan,2020-09-15,0.8192827201052668,1.0987367340484833,0.5403082301825745,0.9522652930459695,0.6868897884339298,0.18997731882430685,0.00048573201199930693,0.19935408502777044,0.0009709567904384022,10
Japan,2020-09-16,0.8489835911581719,1.1288378788275122,0.5667550730326305,0.9817250388266666,0.7173006298416975,0.18997731882430685,0.00048573201199930693,0.19935408502777044,0.0009709567904384022,10
Japan,2020-09-17,0.8602126082165209,1.1397951158898307,0.578389142264046,0.994782270823471,0.7275377115322958,0.18997731882430685,0.00048573201199930693,0.19935408502777044,0.0009709567904384022,10
Japan,2020-09-18,0.875634536696976,1.1610044539360833,0.5946562459304539,1.0103023273237668,0.7416254387423956,0.18997731882430685,0.00048573201199930693,0.19935408502777044,0.0009709567904384022,10
Japan,2020-09-19,0.865390127234013,1.147728309723432,0.5857813821588687,0.9998537903651773,0.7320298966242742,0.18997731882430685,0.00048573201199930693,0.19935408502777044,0.0009709567904384022,10
Japan,2020-09-20,0.8204397939339861,1.1034148658286596,0.5410063897425401,0.9522049634404366,0.6885296996915378,0.18997731882430685,0.00048573201199930693,0.19935408502777044,0.0009709567904384022,10
Japan,2020-09-21,0.773213571437151,1.0495855008142485,0.4871332074551694,0.9068438855631428,0.6405750164799786,0.18997731882430685,0.00048573201199930693,0.19935408502777044,0.0009709567904384022,10
Japan,2020-09-22,0.7651017349394043,1.0421174653846252,0.4765745804731403,0.901810413041165,0.6316268658235624,0.18997731882430685,0.00048573201199930693,0.19935408502777044,0.0009709567904384022,10
Japan,2020-09-23,0.7927922580923221,1.073037040192252,0.5031466888660464,0.9277874537910173,0.6579463296400828,0.18997731882430685,0.00048573201199930693,0.19935408502777044,0.0009709567904384022,10
Japan,2020-09-24,0.885859432285527,1.1641220284975435,0.6046502460854096,1.019759406029523,0.7507720537356143,0.18997731882430685,0.00048573201199930693,0.19935408502777044,0.0009709567904384022,10
Japan,2020-09-25,0.9586747402484216,1.2394922379442677,0.6793733484373881,1.0912466041515716,0.8267952641546734,0.18997731882430685,0.00048573201199930693,0.19935408502777044,0.0009709567904384022,10
Japan,2020-09-26,0.9950361251287393,1.2748654049504684,0.7157606297896137,1.1281769599320794,0.862185303201005,0.18997731882430685,0.00048573201199930693,0.19935408502777044,0.0009709567904384022,10
Japan,2020-09-27,0.9700867311065905,1.246527328131006,0.6945135977590815,1.0999562593428267,0.8389139132433447,0.18997731882430685,0.00048573201199930693,0.19935408502777044,0.0009709567904384022,10
Japan,2020-09-28,0.9531128423859803,1.2324669489572588,0.66924176321845,1.0856824932221003,0.8207926542515078,0.18997731882430685,0.00048573201199930693,0.19935408502777044,0.0009709567904384022,10
Japan,2020-09-29,1.0076139569944034,1.2884074750735772,0.7293511690927652,1.140743526469163,0.8744149254528591,0.18997731882430685,0.00048573201199930693,0.19935408502777044,0.0009709567904384022,10
Japan,2020-09-30,1.043930951420532,1.3295764019700491,0.7671759747433178,1.176966711708089,0.9098905826838928,0.18997731882430685,0.00048573201199930693,0.19935408502777044,0.0009709567904384022,10
Japan,2020-10-01,1.0608649869684172,1.3437192102762765,0.782580985375288,1.1941179094895955,0.9278054220328837,0.18997731882430685,0.00048573201199930693,0.19935408502777044,0.0009709567904384022,10
Japan,2020-10-02,1.0282485779704624,1.3113379624543806,0.750005612657836,1.1615720040196584,0.8939639932262469,0.18997731882430685,0.00048573201199930693,0.19935408502777044,0.0009709567904384022,10
Japan,2020-10-03,0.9992445832402506,1.2793974844762723,0.7185163344766111,1.131794503994062,0.864804758099669,0.18997731882430685,0.00048573201199930693,0.19935408502777044,0.0009709567904384022,10
Japan,2020-10-04,0.9473341376722045,1.2287114010240865,0.6612424593282333,1.0822247093673536,0.8123405256094705,0.18997731882430685,0.00048573201199930693,0.19935408502777044,0.0009709567904384022,10
Japan,2020-10-05,0.9303348656831966,1.2150726445616291,0.6431005151606282,1.0665612184737265,0.7962246269575048,0.18997731882430685,0.00048573201199930693,0.19935408502777044,0.0009709567904384022,10
Japan,2020-10-06,0.9868860191274155,1.2648702111442638,0.7028478990998922,1.1212917685233026,0.8527314682427359,0.18997731882430685,0.00048573201199930693,0.19935408502777044,0.0009709567904384022,10
Japan,2020-10-07,1.0301200303782725,1.3081461856131908,0.7461624804091499,1.1640763307084743,0.8977353565125988,0.18997731882430685,0.00048573201199930693,0.19935408502777044,0.0009709567904384022,10
Japan,2020-10-08,1.0760887546857332,1.3574505770112948,0.7991742003801584,1.2085839576166153,0.9418321754933373,0.18997731882430685,0.00048573201199930693,0.19935408502777044,0.0009709567904384022,10
Japan,2020-10-09,1.0773701749312514,1.3598712950783514,0.8008992904630216,1.211635887569626,0.9433246472842267,0.18997731882430685,0.00048573201199930693,0.19935408502777044,0.0009709567904384022,10
Japan,2020-10-10,1.0628345567010582,1.3426171579053494,0.7814857765991824,1.1957145419261772,0.9305565849413574,0.18997731882430685,0.00048573201199930693,0.19935408502777044,0.0009709567904384022,10
Japan,2020-10-11,0.9921039251990493,1.2714450045223138,0.7062048469032683,1.1252502561276287,0.8592399206910821,0.18997731882430685,0.00048573201199930693,0.19935408502777044,0.0009709567904384022,10
Japan,2020-10-12,0.9537472847225835,1.2320773866617052,0.6636196593016602,1.08858817179141,0.8177874900096839,0.18997731882430685,0.00048573201199930693,0.19935408502777044,0.0009709567904384022,10
Japan,2020-10-13,1.0075479684563207,1.2852267774046806,0.7219556605371527,1.1408399547100372,0.8721986599605442,0.18997731882430685,0.00048573201199930693,0.19935408502777044,0.0009709567904384022,10
Japan,2020-10-14,1.0600100821524745,1.3422642463199437,0.7772571983047938,1.19333964976496,0.9264343611363709,0.18997731882430685,0.00048573201199930693,0.19935408502777044,0.0009709567904384022,10
Japan,2020-10-15,1.107672317344742,1.3992290536830283,0.8235390799747789,1.2417863393238266,0.9716876533517326,0.18997731882430685,0.00048573201199930693,0.19935408502777044,0.0009709567904384022,10
Japan,2020-10-16,1.0939440087375139,1.3807898614470713,0.813789150679306,1.2284581936447307,0.960201537272189,0.18997731882430685,0.00048573201199930693,0.19935408502777044,0.0009709567904384022,10
Japan,2020-10-17,1.0560650332813757,1.3427367864946769,0.7748452112113492,1.1882017265975853,0.9244263884869922,0.18997731882430685,0.00048573201199930693,0.19935408502777044,0.0009709567904384022,10
Japan,2020-10-18,0.9936765617603953,1.2719431961559615,0.7061517959922774,1.1278738825809267,0.8585966208640463,0.18997731882430685,0.00048573201199930693,0.19935408502777044,0.0009709567904384022,10
Japan,2020-10-19,0.9715797483270352,1.2509831914340792,0.6840344140789818,1.1079466035342702,0.8357191803245869,0.18997731882430685,0.00048573201199930693,0.19935408502777044,0.0009709567904384022,10
Japan,2020-10-20,1.025697386346078,1.308768159075929,0.7438205074149642,1.1597940308936656,0.8934800241972991,0.18997731882430685,0.00048573201199930693,0.19935408502777044,0.0009709567904384022,10
Japan,2020-10-21,1.0916947939532953,1.3731466766901141,0.8104096916295802,1.2249586339802736,0.959847648443873,0.18997731882430685,0.00048573201199930693,0.19935408502777044,0.0009709567904384022,10
Japan,2020-10-22,1.1326305566609571,1.4128175669595113,0.8544930601405435,1.2656857678168567,0.9997774491364164,0.18997731882430685,0.00048573201199930693,0.19935408502777044,0.0009709567904384022,10
Japan,2020-10-23,1.1615738711689707,1.4471412440795568,0.8858271527233946,1.2960413461851377,1.0276373716669758,0.18997731882430685,0.00048573201199930693,0.19935408502777044,0.0009709567904384022,10
Japan,2020-10-24,1.145345260161878,1.427719173994906,0.8619806150806344,1.2794400054552377,1.012488493801072,0.18997731882430685,0.00048573201199930693,0.19935408502777044,0.0009709567904384022,10
Japan,2020-10-25,1.094048791188329,1.3708880084884805,0.81133286432427,1.228854459795291,0.9577178714305026,0.18997731882430685,0.00048573201199930693,0.19935408502777044,0.0009709567904384022,10
Japan,2020-10-26,1.0847214253465811,1.363851511746445,0.792450810911649,1.2188198180771492,0.9502775969597976,0.18997731882430685,0.00048573201199930693,0.19935408502777044,0.0009709567904384022,10
Japan,2020-10-27,1.1487760281163393,1.430385600399045,0.8669623231485328,1.2815258156476812,1.0143470965934884,0.18997731882430685,0.00048573201199930693,0.19935408502777044,0.0009709567904384022,10
Japan,2020-10-28,1.204213669570641,1.4832288511696603,0.9262211917755542,1.3365470189066027,1.072787041781188,0.18997731882430685,0.00048573201199930693,0.19935408502777044,0.0009709567904384022,10
Japan,2020-10-29,1.23814562335347,1.5242393623256514,0.9610808604770426,1.3711176890546652,1.1047146020069003,0.18997731882430685,0.00048573201199930693,0.19935408502777044,0.0009709567904384022,10
Japan,2020-10-30,1.2413033070169779,1.5191125237317697,0.9646763536437983,1.3727753754260426,1.109426510216769,0.18997731882430685,0.00048573201199930693,0.19935408502777044,0.0009709567904384022,10
Japan,2020-10-31,1.231815998100648,1.5086894096908328,0.9490303805430861,1.3634021328680492,1.0988368460378701,0.18997731882430685,0.00048573201199930693,0.19935408502777044,0.0009709567904384022,10
Japan,2020-11-01,1.1826673767046996,1.4578787534603408,0.9004305780596901,1.3161955837893848,1.0493666980441758,0.18997731882430685,0.00048573201199930693,0.19935408502777044,0.0009709567904384022,10
Japan,2020-11-02,1.1760706269691692,1.4525016118423686,0.8877037105771677,1.3121072857576912,1.0431464276507325,0.18997731882430685,0.00048573201199930693,0.19935408502777044,0.0009709567904384022,10
Japan,2020-11-03,1.249199372020936,1.5263905510781917,0.9660010802152273,1.382955139692732,1.116331556506444,0.18997731882430685,0.00048573201199930693,0.19935408502777044,0.0009709567904384022,10
Japan,2020-11-04,1.2892161632258792,1.5707346344822404,1.008558869698281,1.4223608335063347,1.154314324155908,0.18997731882430685,0.00048573201199930693,0.19935408502777044,0.0009709567904384022,10
Japan,2020-11-05,1.394331893260043,1.676820928424771,1.1174941125931515,1.5278654239459222,1.2613540568033748,0.18997731882430685,0.00048573201199930693,0.19935408502777044,0.0009709567904384022,10
Japan,2020-11-06,1.4575899469913196,1.746754087671285,1.1788069460094492,1.592013138273508,1.3229164465665444,0.18997731882430685,0.00048573201199930693,0.19935408502777044,0.0009709567904384022,10
Japan,2020-11-07,1.470611531610087,1.7567174452237913,1.1899804011309654,1.6038012050962491,1.3362169855312014,0.18997731882430685,0.00048573201199930693,0.19935408502777044,0.0009709567904384022,10
Japan,2020-11-08,1.4254191549724813,1.703474858719693,1.143083194148853,1.557678186807924,1.2924237194025383,0.18997731882430685,0.00048573201199930693,0.19935408502777044,0.0009709567904384022,10
Japan,2020-11-09,1.4220057057921371,1.7020446292227618,1.1344300969734495,1.555748207680855,1.2876461981037457,0.18997731882430685,0.00048573201199930693,0.19935408502777044,0.0009709567904384022,10
Japan,2020-11-10,1.5043179545903334,1.7893238222365018,1.2252239947544876,1.6373079226373146,1.3719394065972406,0.18997731882430685,0.00048573201199930693,0.19935408502777044,0.0009709567904384022,10
Japan,2020-11-11,1.565673721049927,1.8514104744354614,1.2838156434940857,1.7016364017796424,1.4310271107419488,0.18997731882430685,0.00048573201199930693,0.19935408502777044,0.0009709567904384022,10
Japan,2020-11-12,1.5865357565896752,1.874289328815781,1.3053908794104865,1.7236711456900526,1.450592529027046,0.18997731882430685,0.00048573201199930693,0.19935408502777044,0.0009709567904384022,10
Japan,2020-11-13,1.5687757162131486,1.8567787118981425,1.2881596434321234,1.7028735182257604,1.4339980484545765,0.18997731882430685,0.00048573201199930693,0.19935408502777044,0.0009709567904384022,10
Japan,2020-11-14,1.5232335187915065,1.8068753978398133,1.2403384145125922,1.656393827831884,1.3901145053865085,0.18997731882430685,0.00048573201199930693,0.19935408502777044,0.0009709567904384022,10
Japan,2020-11-15,1.4528614630750591,1.7333091323214693,1.1673989099874207,1.586532434164063,1.3198190870269357,0.18997731882430685,0.00048573201199930693,0.19935408502777044,0.0009709567904384022,10
Japan,2020-11-16,1.4084905941790986,1.6888698131330395,1.117837475319196,1.5443590164181116,1.2735041429714116,0.18997731882430685,0.00048573201199930693,0.19935408502777044,0.0009709567904384022,10
Japan,2020-11-17,1.4804650856388093,1.753654926590725,1.197338227421376,1.6135075085841084,1.3484316870885162,0.18997731882430685,0.00048573201199930693,0.19935408502777044,0.0009709567904384022,10
Japan,2020-11-18,1.5543928202611583,1.840124752811862,1.2776684142604446,1.6869609435697177,1.4204046362169662,0.18997731882430685,0.00048573201199930693,0.19935408502777044,0.0009709567904384022,10
Japan,2020-11-19,1.5689691584039145,1.85850410455761,1.2877167356418482,1.7043430579056436,1.4334065667382259,0.18997731882430685,0.00048573201199930693,0.19935408502777044,0.0009709567904384022,10
Japan,2020-11-20,1.5346043893525212,1.8251653684466864,1.2486828605780704,1.6705153354231506,1.4009093879207621,0.18997731882430685,0.00048573201199930693,0.19935408502777044,0.0009709567904384022,10
Japan,2020-11-21,1.4671950743485036,1.752848860500897,1.183369554333084,1.6017067395044988,1.333121437442825,0.18997731882430685,0.00048573201199930693,0.19935408502777044,0.0009709567904384022,10
Japan,2020-11-22,1.353074258637212,1.634012738170646,1.0716116026261167,1.4864920499246637,1.2201822693879103,0.18997731882430685,0.00048573201199930693,0.19935408502777044,0.0009709567904384022,10
Japan,2020-11-23,1.2421008545145866,1.5251020074245831,0.9497892870247675,1.376914563391593,1.1074876869490402,0.18997731882430685,0.00048573201199930693,0.19935408502777044,0.0009709567904384022,10
Japan,2020-11-24,1.1954643035473538,1.4788858665563733,0.9003109630792892,1.3321386049555413,1.0579166675988096,0.18997731882430685,0.00048573201199930693,0.19935408502777044,0.0009709567904384022,10
Japan,2020-11-25,1.2371655505952404,1.5173625772439878,0.949664413565228,1.3698197148737647,1.1044072446475384,0.18997731882430685,0.00048573201199930693,0.19935408502777044,0.0009709567904384022,10
Japan,2020-11-26,1.2843057466596313,1.5635705004594476,1.0053836387947803,1.4170318393719696,1.1506969247377166,0.18997731882430685,0.00048573201199930693,0.19935408502777044,0.0009709567904384022,10
Japan,2020-11-27,1.288862161778674,1.570066623612271,1.011287463448167,1.419914353440568,1.1568261911933608,0.18997731882430685,0.00048573201199930693,0.19935408502777044,0.0009709567904384022,10
Japan,2020-11-28,1.2581255288283233,1.5405333556992833,0.9807273974644464,1.389784646988793,1.1266903932653862,0.18997731882430685,0.00048573201199930693,0.19935408502777044,0.0009709567904384022,10
Japan,2020-11-29,1.183041601882955,1.4637509209731814,0.9025490304066038,1.3169750716025217,1.050220339031995,0.18997731882430685,0.00048573201199930693,0.19935408502777044,0.0009709567904384022,10
Japan,2020-11-30,1.1280729254356343,1.4073345048621326,0.8445460813498726,1.2619866846121042,0.9948296917657911,0.18997731882430685,0.00048573201199930693,0.19935408502777044,0.0009709567904384022,10
Japan,2020-12-01,1.145971625460688,1.4250907598372624,0.8610572743206796,1.2795209082653929,1.0136326693130626,0.18997731882430685,0.00048573201199930693,0.19935408502777044,0.0009709567904384022,10
Japan,2020-12-02,1.177202885664765,1.456499971765737,0.8953177273822732,1.3095776003400488,1.0438673727102084,0.18997731882430685,0.00048573201199930693,0.19935408502777044,0.0009709567904384022,10
Japan,2020-12-03,1.183271892277816,1.4660668938668455,0.9025712392800564,1.3150161199975998,1.0503548674181729,0.18997731882430685,0.00048573201199930693,0.19935408502777044,0.0009709567904384022,10
Japan,2020-12-04,1.1684270819239226,1.449892327182822,0.8846604314731448,1.301843817299417,1.0353638203251248,0.18997731882430685,0.00048573201199930693,0.19935408502777044,0.0009709567904384022,10
Japan,2020-12-05,1.1415406960950905,1.4212669479185471,0.8547602329185308,1.2746518716974795,1.0080554064445488,0.18997731882430685,0.00048573201199930693,0.19935408502777044,0.0009709567904384022,10
Japan,2020-12-06,1.0998272278463592,1.3840824267050118,0.8114421547042341,1.234431052894344,0.9649115942386858,0.18997731882430685,0.00048573201199930693,0.19935408502777044,0.0009709567904384022,10
Japan,2020-12-07,1.0802594943786104,1.361654313326269,0.7947297087665025,1.2145333275943728,0.9463295269509274,0.18997731882430685,0.00048573201199930693,0.19935408502777044,0.0009709567904384022,10
Japan,2020-12-08,1.130119927362892,1.4065166534103901,0.8492094068207549,1.2617459413783714,0.9972962586264534,0.18997731882430685,0.00048573201199930693,0.19935408502777044,0.0009709567904384022,10
Japan,2020-12-09,1.1929528557607303,1.4753442042276794,0.9161853859207261,1.3251933023918323,1.0588892118824516,0.18997731882430685,0.00048573201199930693,0.19935408502777044,0.0009709567904384022,10
Japan,2020-12-10,1.2163094151325775,1.496868771467851,0.936907084848751,1.3494536349593296,1.0836862795948976,0.18997731882430685,0.00048573201199930693,0.19935408502777044,0.0009709567904384022,10
Japan,2020-12-11,1.2060699838655977,1.4921802731621967,0.9239933177353044,1.339321776734001,1.0724779285287012,0.18997731882430685,0.00048573201199930693,0.19935408502777044,0.0009709567904384022,10
Japan,2020-12-12,1.1749411320220777,1.4571024769632137,0.8965094574199941,1.3082049244296703,1.0403440869852714,0.18997731882430685,0.00048573201199930693,0.19935408502777044,0.0009709567904384022,10
Japan,2020-12-13,1.1174757181738597,1.3980794586904621,0.8320482293082723,1.2525738879747017,0.9843049973731397,0.18997731882430685,0.00048573201199930693,0.19935408502777044,0.0009709567904384022,10
Japan,2020-12-14,1.0805793265252046,1.362470994181686,0.7942875050044317,1.2154480907895544,0.9461233029196194,0.18997731882430685,0.00048573201199930693,0.19935408502777044,0.0009709567904384022,10
Japan,2020-12-15,1.115499751515734,1.3952488741901883,0.8343655345005015,1.2471073637997565,0.9826709064562701,0.18997731882430685,0.00048573201199930693,0.19935408502777044,0.0009709567904384022,10
Japan,2020-12-16,1.158655060912306,1.4426414829866934,0.8821774379158887,1.291582111822294,1.0247486363701699,0.18997731882430685,0.00048573201199930693,0.19935408502777044,0.0009709567904384022,10
Japan,2020-12-17,1.1726688347604597,1.4510314649454523,0.8941853181989678,1.3064617666017593,1.0394458670319038,0.18997731882430685,0.00048573201199930693,0.19935408502777044,0.0009709567904384022,10
Japan,2020-12-18,1.1522211341786561,1.4324792841498963,0.8695893665388433,1.2845879015151869,1.0199296240981588,0.18997731882430685,0.00048573201199930693,0.19935408502777044,0.0009709567904384022,10
Japan,2020-12-19,1.134397804534645,1.4179155986936571,0.8516473463643847,1.2686865917090078,1.0010991062997057,0.18997731882430685,0.00048573201199930693,0.19935408502777044,0.0009709567904384022,10
Japan,2020-12-20,1.0951254005631696,1.3770634727862854,0.808362844535175,1.2295366282976703,0.9608778947637567,0.18997731882430685,0.00048573201199930693,0.19935408502777044,0.0009709567904384022,10
Japan,2020-12-21,1.0815000020074643,1.3633302777269778,0.7953870654912009,1.2163773435281569,0.9479408828401175,0.18997731882430685,0.00048573201199930693,0.19935408502777044,0.0009709567904384022,10
Japan,2020-12-22,1.1395560720869051,1.42066255311146,0.8592698264278515,1.2727835139443557,1.0063053925455783,0.18997731882430685,0.00048573201199930693,0.19935408502777044,0.0009709567904384022,10
Japan,2020-12-23,1.2084225379019249,1.4904278859996025,0.9303527469131908,1.3404202253512623,1.07544463015113,0.18997731882430685,0.00048573201199930693,0.19935408502777044,0.0009709567904384022,10
Japan,2020-12-24,1.2558700462221648,1.5431521865955071,0.9709958494044888,1.3904061072941638,1.121189478132918,0.18997731882430685,0.00048573201199930693,0.19935408502777044,0.0009709567904384022,10
Japan,2020-12-25,1.2611986076088537,1.5460929853623369,0.9789475883090035,1.3944162106284985,1.1276733067527742,0.18997731882430685,0.00048573201199930693,0.19935408502777044,0.0009709567904384022,10
Japan,2020-12-26,1.2360383003286757,1.5162221831169764,0.9580054438272065,1.367005820189985,1.1019831255804835,0.18997731882430685,0.00048573201199930693,0.19935408502777044,0.0009709567904384022,10
Japan,2020-12-27,1.1810171947354564,1.4607559303418398,0.9010990978355236,1.3119451577359706,1.0483523676059812,0.18997731882430685,0.00048573201199930693,0.19935408502777044,0.0009709567904384022,10
Japan,2020-12-28,1.1568775883746338,1.4363192339694035,0.8756336643451761,1.290508865694492,1.023022756658989,0.18997731882430685,0.00048573201199930693,0.19935408502777044,0.0009709567904384022,10
Japan,2020-12-29,1.200919661288319,1.477804006115633,0.9187716379689845,1.3351054620941656,1.0680867603334994,0.18997731882430685,0.00048573201199930693,0.19935408502777044,0.0009709567904384022,10
Japan,2020-12-30,1.2291381872767981,1.51420815511623,0.9453849093789115,1.3637699336231646,1.094838800870367,0.18997731882430685,0.00048573201199930693,0.19935408502777044,0.0009709567904384022,10
Japan,2020-12-31,1.239096948557059,1.520313004572499,0.9580266637015651,1.3731014724290884,1.1061268112771507,0.18997731882430685,0.00048573201199930693,0.19935408502777044,0.0009709567904384022,10
Japan,2021-01-01,1.1989179933618648,1.4786277012291746,0.914731123457038,1.3330268229944342,1.065438713294059,0.18997731882430685,0.00048573201199930693,0.19935408502777044,0.0009709567904384022,10
Japan,2021-01-02,1.1914981169719243,1.4736734959586097,0.9061087025055413,1.3252787078940256,1.0573078981030963,0.18997731882430685,0.00048573201199930693,0.19935408502777044,0.0009709567904384022,10
Japan,2021-01-03,1.2304767762341566,1.5120055794287781,0.9434721336807861,1.3646158535300978,1.0962122944361081,0.18997731882430685,0.00048573201199930693,0.19935408502777044,0.0009709567904384022,10
Japan,2021-01-04,1.3104109561476507,1.587992098801002,1.0255428466524905,1.4428286173809752,1.1769555650353616,0.18997731882430685,0.00048573201199930693,0.19935408502777044,0.0009709567904384022,10
Japan,2021-01-05,1.4418631051068236,1.7291449325239732,1.1633376509579205,1.5761175616038232,1.3075144862161756,0.18997731882430685,0.00048573201199930693,0.19935408502777044,0.0009709567904384022,10
Japan,2021-01-06,1.5531565447543167,1.8533320341059294,1.2666007318294876,1.6931879834511476,1.4125802709409363,0.18997731882430685,0.00048573201199930693,0.19935408502777044,0.0009709567904384022,10
Japan,2021-01-07,1.623827202995555,1.937107457796543,1.3281245635996966,1.7677330356102692,1.4793912496939627,0.18997731882430685,0.00048573201199930693,0.19935408502777044,0.0009709567904384022,10
Japan,2021-01-08,1.6058272798539104,1.9105438927730236,1.311384205417858,1.7488433693566878,1.46396646797717,0.18997731882430685,0.00048573201199930693,0.19935408502777044,0.0009709567904384022,10
Japan,2021-01-09,1.5223406413942255,1.8134143794458417,1.236494198872531,1.6580746553438992,1.3852089478308884,0.18997731882430685,0.00048573201199930693,0.19935408502777044,0.0009709567904384022,10
Japan,2021-01-10,1.3912570952143541,1.6694612710099297,1.1118722622275092,1.5245122678466192,1.2583375555090652,0.18997731882430685,0.00048573201199930693,0.19935408502777044,0.0009709567904384022,10
Japan,2021-01-11,1.2835611035993182,1.5648085497234572,1.0018509899825834,1.4171440551305703,1.1511734507532743,0.18997731882430685,0.00048573201199930693,0.19935408502777044,0.0009709567904384022,10
Japan,2021-01-12,1.2288995574470178,1.5046434606596388,0.9452023300151837,1.363165654554136,1.095204270723852,0.18997731882430685,0.00048573201199930693,0.19935408502777044,0.0009709567904384022,10
Japan,2021-01-13,1.2295840969463179,1.5094138544735487,0.9472205656735502,1.3613459417711555,1.0987327367437845,0.18997731882430685,0.00048573201199930693,0.19935408502777044,0.0009709567904384022,10
Japan,2021-01-14,1.2371423519744984,1.5176427809400646,0.9565246077525574,1.3696503026317792,1.105842587663791,0.18997731882430685,0.00048573201199930693,0.19935408502777044,0.0009709567904384022,10
Japan,2021-01-15,1.2254202888368484,1.506692202695201,0.9477655170756806,1.3598902778473507,1.0938406204697526,0.18997731882430685,0.00048573201199930693,0.19935408502777044,0.0009709567904384022,10
Japan,2021-01-16,1.1818819147784323,1.469786094604128,0.9049656403053594,1.3137132581488205,1.049889450049342,0.18997731882430685,0.00048573201199930693,0.19935408502777044,0.0009709567904384022,10
Japan,2021-01-17,1.1072583021234585,1.3879112822897948,0.8268902455489796,1.2401571941702572,0.9751711646624722,0.18997731882430685,0.00048573201199930693,0.19935408502777044,0.0009709567904384022,10
Japan,2021-01-18,1.045657262899801,1.3276829809603055,0.765849176826488,1.1785337878084639,0.9126426289610389,0.18997731882430685,0.00048573201199930693,0.19935408502777044,0.0009709567904384022,10
Japan,2021-01-19,1.013020719512618,1.2950209433600737,0.7344644010005763,1.1453971566895085,0.8794032175743162,0.18997731882430685,0.00048573201199930693,0.19935408502777044,0.0009709567904384022,10
Japan,2021-01-20,0.9853972973776156,1.2651591769788832,0.7057903409832043,1.117729395107888,0.851817697706895,0.18997731882430685,0.00048573201199930693,0.19935408502777044,0.0009709567904384022,10
Japan,2021-01-21,0.953897681535477,1.231844092996676,0.6718678259894343,1.0868520285524128,0.8209425739881161,0.18997731882430685,0.00048573201199930693,0.19935408502777044,0.0009709567904384022,10
Japan,2021-01-22,0.9078226430937247,1.1853471005726137,0.6243002687732285,1.041535152838927,0.7755780683933631,0.18997731882430685,0.00048573201199930693,0.19935408502777044,0.0009709567904384022,10
Japan,2021-01-23,0.8586120391152569,1.1344668166670373,0.5777049958423399,0.9904310283244326,0.7264048924112401,0.18997731882430685,0.00048573201199930693,0.19935408502777044,0.0009709567904384022,10
Japan,2021-01-24,0.8048140074391715,1.0849284968310233,0.5221196135827646,0.9395893525935161,0.6716713749924129,0.18997731882430685,0.00048573201199930693,0.19935408502777044,0.0009709567904384022,10
Japan,2021-01-25,0.762618045321637,1.0438857313127756,0.47619562065727195,0.8962389208960905,0.627342653159916,0.18997731882430685,0.00048573201199930693,0.19935408502777044,0.0009709567904384022,10
Japan,2021-01-26,0.7657623784743715,1.045409428403345,0.48428675831212853,0.8998590428481213,0.6320335829595884,0.18997731882430685,0.00048573201199930693,0.19935408502777044,0.0009709567904384022,10
Japan,2021-01-27,0.7660633865290971,1.0469438084238725,0.4879574068440019,0.8989008084106843,0.632865846890065,0.18997731882430685,0.00048573201199930693,0.19935408502777044,0.0009709567904384022,10
Japan,2021-01-28,0.7583807559667645,1.0395751253472187,0.48199405363926173,0.8915543840655933,0.6238362768797066,0.18997731882430685,0.00048573201199930693,0.19935408502777044,0.0009709567904384022,10
Japan,2021-01-29,0.7261879400309534,1.002932488222889,0.44457554462056703,0.860020662781616,0.5943182209185662,0.18997731882430685,0.00048573201199930693,0.19935408502777044,0.0009709567904384022,10
Japan,2021-01-30,0.6887842177766781,0.9688170325834056,0.4081891241295603,0.8220838607297417,0.556198448098868,0.18997731882430685,0.00048573201199930693,0.19935408502777044,0.0009709567904384022,10
Japan,2021-01-31,0.6449524216859099,0.9247689556518829,0.3635169497526173,0.7797681871747405,0.5101593456876194,0.18997731882430685,0.00048573201199930693,0.19935408502777044,0.0009709567904384022,10
Japan,2021-02-01,0.6114272570002817,0.8928423496282165,0.32485405605727846,0.7446269234615177,0.478037097520427,0.18997731882430685,0.00048573201199930693,0.19935408502777044,0.0009709567904384022,10
Japan,2021-02-02,0.6151849711670754,0.8971701348832525,0.33301249746705075,0.7513536224830296,0.4799757743635136,0.18997731882430685,0.00048573201199930693,0.19935408502777044,0.0009709567904384022,10
Japan,2021-02-03,0.6243360953136525,0.9059770942797881,0.3420552452686644,0.7580870625471466,0.49063739251562943,0.18997731882430685,0.00048573201199930693,0.19935408502777044,0.0009709567904384022,10
Japan,2021-02-04,0.6240765812210649,0.9068494678128196,0.34392409384420974,0.7582229185284828,0.48833099276421665,0.18997731882430685,0.00048573201199930693,0.19935408502777044,0.0009709567904384022,10
Japan,2021-02-05,0.6115893251086193,0.8965856764490238,0.3309027257358955,0.7454779876848573,0.47672090737986794,0.18997731882430685,0.00048573201199930693,0.19935408502777044,0.0009709567904384022,10
Japan,2021-02-06,0.5890488588011131,0.8719482990823778,0.30381632385096924,0.723160002773038,0.4545281145550627,0.18997731882430685,0.00048573201199930693,0.19935408502777044,0.0009709567904384022,10
Japan,2021-02-07,0.5570040992459853,0.8443121866471129,0.27084979316261104,0.6919335226426381,0.42308850498982,0.18997731882430685,0.00048573201199930693,0.19935408502777044,0.0009709567904384022,10
Japan,2021-02-08,0.5380939139950304,0.8197482388669162,0.2577699033265657,0.6730519027553965,0.40320616550123123,0.18997731882430685,0.00048573201199930693,0.19935408502777044,0.0009709567904384022,10
Japan,2021-02-09,0.5480655553307139,0.8303563745718,0.26455398392849405,0.6834638064907954,0.4133557285335272,0.18997731882430685,0.00048573201199930693,0.19935408502777044,0.0009709567904384022,10
Japan,2021-02-10,0.5659191944342379,0.8506393108778573,0.28419274292475716,0.7021615741822109,0.42928936664148765,0.18997731882430685,0.00048573201199930693,0.19935408502777044,0.0009709567904384022,10
Japan,2021-02-11,0.5635560913809429,0.8529125245978253,0.2774097725639181,0.7012832412688916,0.42658741256919186,0.18997731882430685,0.00048573201199930693,0.19935408502777044,0.0009709567904384022,10
Japan,2021-02-12,0.552249934645498,0.8502931511938088,0.25519330319051037,0.6932622578335765,0.4113219204868901,0.18997731882430685,0.00048573201199930693,0.19935408502777044,0.0009709567904384022,10
Japan,2021-02-13,0.5521789533460352,0.868088974235311,0.23773402404650912,0.7007986306920093,0.40279225908684013,0.18997731882430685,0.00048573201199930693,0.19935408502777044,0.0009709567904384022,10
Japan,2021-02-14,0.5522735242466305,0.9131842266269083,0.1938598826369664,0.7236608832106863,0.38128658557426776,0.18997731882430685,0.00048573201199930693,0.19935408502777044,0.0009709567904384022,10
Jordan,2020-03-23,1.5618350262340441,2.1035971056066223,1.0464355248328836,1.8125822108539522,1.308644678980157,0.11818184240219741,0.000710129904498924,0.0977673122588052,0.002662296998250439,10
Jordan,2020-03-24,1.583700531679233,2.0754339220754083,1.110198535882441,1.81346634374606,1.349925140864305,0.11818184240219741,0.000710129904498924,0.0977673122588052,0.002662296998250439,10
Jordan,2020-03-25,1.535052207634748,1.9946035899008088,1.0931174015894554,1.7506966121607435,1.3204026152193378,0.11818184240219741,0.000710129904498924,0.0977673122588052,0.002662296998250439,10
Jordan,2020-03-26,1.5031425033040757,1.9585196862012728,1.0747458539772057,1.7130542608509005,1.2931885233317528,0.11818184240219741,0.000710129904498924,0.0977673122588052,0.002662296998250439,10
Jordan,2020-03-27,1.3378564158591693,1.757296759083593,0.939855433997032,1.5308230659990967,1.145895162486003,0.11818184240219741,0.000710129904498924,0.0977673122588052,0.002662296998250439,10
Jordan,2020-03-28,1.1674336914935914,1.5633200031416603,0.7715343106091663,1.355833516604648,0.9790964665443787,0.11818184240219741,0.000710129904498924,0.0977673122588052,0.002662296998250439,10
Jordan,2020-03-29,1.0453686188108349,1.4386567064538271,0.6411139329585673,1.2360448066598404,0.8548458775313078,0.11818184240219741,0.000710129904498924,0.0977673122588052,0.002662296998250439,10
Jordan,2020-03-30,0.9468751968387752,1.3434922563587286,0.5339617400642699,1.1376054252649834,0.7572505711732593,0.11818184240219741,0.000710129904498924,0.0977673122588052,0.002662296998250439,10
Jordan,2020-03-31,0.8835143555915403,1.2780778288244663,0.4674924334762116,1.077838972169386,0.6894059312061928,0.11818184240219741,0.000710129904498924,0.0977673122588052,0.002662296998250439,10
Jordan,2020-04-01,0.864937704595542,1.257067492187041,0.46188718406736595,1.0555925951876701,0.6770925563261915,0.11818184240219741,0.000710129904498924,0.0977673122588052,0.002662296998250439,10
Jordan,2020-04-02,0.9031468179753566,1.2991231490365163,0.5050562415396769,1.090048496371239,0.7169769140544978,0.11818184240219741,0.000710129904498924,0.0977673122588052,0.002662296998250439,10
Jordan,2020-04-03,0.8742407932441223,1.2744671802848384,0.48003351590785537,1.0608176571657233,0.6866190168621182,0.11818184240219741,0.000710129904498924,0.0977673122588052,0.002662296998250439,10
Jordan,2020-04-04,0.855884108782603,1.247607537867487,0.46257050089636365,1.0405368991679618,0.6698568258782271,0.11818184240219741,0.000710129904498924,0.0977673122588052,0.002662296998250439,10
Jordan,2020-04-05,0.8286911277503042,1.2242017509001328,0.4410811292292852,1.0102339880773297,0.6426429158540219,0.11818184240219741,0.000710129904498924,0.0977673122588052,0.002662296998250439,10
Jordan,2020-04-06,0.7267622963316775,1.1203153210892958,0.3345828366447182,0.9121022637994575,0.5420444506887252,0.11818184240219741,0.000710129904498924,0.0977673122588052,0.002662296998250439,10
Jordan,2020-04-07,0.6697547760749275,1.062266750832312,0.27341580455973313,0.8574451613681312,0.4843854303986883,0.11818184240219741,0.000710129904498924,0.0977673122588052,0.002662296998250439,10
Jordan,2020-04-08,0.6465782298650482,1.0412329016151531,0.24300217048539252,0.8324744099039143,0.46140706367987894,0.11818184240219741,0.000710129904498924,0.0977673122588052,0.002662296998250439,10
Jordan,2020-04-09,0.6479954217704617,1.0365445372339985,0.2555743237945862,0.8340683684860786,0.4638456444678416,0.11818184240219741,0.000710129904498924,0.0977673122588052,0.002662296998250439,10
Jordan,2020-04-10,0.5972077115287702,0.986718686163435,0.19732853984019516,0.7819257447595961,0.4108521239117521,0.11818184240219741,0.000710129904498924,0.0977673122588052,0.002662296998250439,10
Jordan,2020-04-11,0.6010591618960739,0.9868432453560133,0.2053288021309596,0.7845468535845282,0.41619149355203433,0.11818184240219741,0.000710129904498924,0.0977673122588052,0.002662296998250439,10
Jordan,2020-04-12,0.5832928956705545,0.9706932921699282,0.1886092152280735,0.7675873069540993,0.3995468025650595,0.11818184240219741,0.000710129904498924,0.0977673122588052,0.002662296998250439,10
Jordan,2020-04-13,0.5491247987102743,0.939907430833377,0.1529587700238848,0.7351738021586626,0.3647342593682771,0.11818184240219741,0.000710129904498924,0.0977673122588052,0.002662296998250439,10
Jordan,2020-04-14,0.5476172638881118,0.9345385729903621,0.15172735662042358,0.7331520372600414,0.3621772607139514,0.11818184240219741,0.000710129904498924,0.0977673122588052,0.002662296998250439,10
Jordan,2020-04-15,0.5372523737796084,0.9240173069679694,0.13898757527910988,0.7224422350706952,0.3493608524295714,0.11818184240219741,0.000710129904498924,0.0977673122588052,0.002662296998250439,10
Jordan,2020-04-16,0.5362882343095854,0.9226947774293415,0.13880532598817563,0.7229369826103885,0.3512960064540561,0.11818184240219741,0.000710129904498924,0.0977673122588052,0.002662296998250439,10
Jordan,2020-04-17,0.5759489963328581,0.9593838720615714,0.18036658857682497,0.764266610659751,0.39151725507694346,0.11818184240219741,0.000710129904498924,0.0977673122588052,0.002662296998250439,10
Jordan,2020-04-18,0.610407479189661,0.9972259742249723,0.22153146080941366,0.7964249105640355,0.4258126705334182,0.11818184240219741,0.000710129904498924,0.0977673122588052,0.002662296998250439,10
Jordan,2020-04-19,0.6250641504959451,1.0145672037475764,0.23813854012506175,0.8083858842069147,0.4386070331908587,0.11818184240219741,0.000710129904498924,0.0977673122588052,0.002662296998250439,10
Jordan,2020-04-20,0.6513865002936376,1.0452831487078584,0.26507506246579116,0.8348282682867649,0.4663007332133998,0.11818184240219741,0.000710129904498924,0.0977673122588052,0.002662296998250439,10
Jordan,2020-04-21,0.6311999519837044,1.0220329078111923,0.24044513542330237,0.8131758158160949,0.4482446481429614,0.11818184240219741,0.000710129904498924,0.0977673122588052,0.002662296998250439,10
Jordan,2020-04-22,0.631434144343598,1.0178543521960206,0.2445530012371282,0.8140176675904289,0.44666567261223633,0.11818184240219741,0.000710129904498924,0.0977673122588052,0.002662296998250439,10
Jordan,2020-04-23,0.5922465915716131,0.9780429264511197,0.19519446613635538,0.7778083578666555,0.4075254704284984,0.11818184240219741,0.000710129904498924,0.0977673122588052,0.002662296998250439,10
Jordan,2020-04-24,0.5805494351219981,0.9679920262237173,0.17914550195300505,0.7670683518063568,0.39483842833189287,0.11818184240219741,0.000710129904498924,0.0977673122588052,0.002662296998250439,10
Jordan,2020-04-25,0.564571060246835,0.9539585061330874,0.16418009563983105,0.7507037171206172,0.3782869069558358,0.11818184240219741,0.000710129904498924,0.0977673122588052,0.002662296998250439,10
Jordan,2020-04-26,0.552540276734244,0.9455835273048597,0.14818573903852172,0.740835450084123,0.36448412338722125,0.11818184240219741,0.000710129904498924,0.0977673122588052,0.002662296998250439,10
Jordan,2020-04-27,0.5437693041683709,0.9368058838337652,0.13123490260302773,0.7360823250391703,0.35251931766358635,0.11818184240219741,0.000710129904498924,0.0977673122588052,0.002662296998250439,10
Jordan,2020-04-28,0.549576931836692,0.9458818968494275,0.13124016615872347,0.741401996484267,0.35740370053819437,0.11818184240219741,0.000710129904498924,0.0977673122588052,0.002662296998250439,10
Jordan,2020-04-29,0.6081087340031777,1.0010700710166784,0.19732954126430058,0.7984416041688899,0.4177787901872797,0.11818184240219741,0.000710129904498924,0.0977673122588052,0.002662296998250439,10
Jordan,2020-04-30,0.6801440529637399,1.071604499698515,0.27863838687240894,0.8696964259285107,0.4917939366613484,0.11818184240219741,0.000710129904498924,0.0977673122588052,0.002662296998250439,10
Jordan,2020-05-01,0.7728360688381362,1.1595842538978753,0.3728759061459819,0.9584439800326483,0.5862977418466904,0.11818184240219741,0.000710129904498924,0.0977673122588052,0.002662296998250439,10
Jordan,2020-05-02,0.8004536043542322,1.1903509627856943,0.39356228709449137,0.9915480555751333,0.6122710644698861,0.11818184240219741,0.000710129904498924,0.0977673122588052,0.002662296998250439,10
Jordan,2020-05-03,0.8824830470289834,1.2768001346607167,0.4795536103651713,1.0702659281683777,0.6941535196436108,0.11818184240219741,0.000710129904498924,0.0977673122588052,0.002662296998250439,10
Jordan,2020-05-04,1.0236322446371686,1.4172422080293203,0.6233406099382051,1.2109338941822594,0.8360567588039268,0.11818184240219741,0.000710129904498924,0.0977673122588052,0.002662296998250439,10
Jordan,2020-05-05,1.1585975334099379,1.5656001653026093,0.7572363930560327,1.3487891361490458,0.9687826339978418,0.11818184240219741,0.000710129904498924,0.0977673122588052,0.002662296998250439,10
Jordan,2020-05-06,1.2490071532103544,1.6678516754760855,0.8378824990202409,1.4442160898721856,1.0543609350410699,0.11818184240219741,0.000710129904498924,0.0977673122588052,0.002662296998250439,10
Jordan,2020-05-07,1.412070810524134,1.8762932501346028,0.9816113377027308,1.6225763661214003,1.2021347928085144,0.11818184240219741,0.000710129904498924,0.0977673122588052,0.002662296998250439,10
Jordan,2020-05-08,1.578440149610219,2.062951998444805,1.1411137120998345,1.7970850327157832,1.3601352699307547,0.11818184240219741,0.000710129904498924,0.0977673122588052,0.002662296998250439,10
Jordan,2020-05-09,1.6520405463075194,2.131750344273974,1.2076153637559577,1.8690062350256875,1.43187972478317,0.11818184240219741,0.000710129904498924,0.0977673122588052,0.002662296998250439,10
Jordan,2020-05-10,1.676975814737112,2.151902261240942,1.2350625608007177,1.8951465084111216,1.4579587964186569,0.11818184240219741,0.000710129904498924,0.0977673122588052,0.002662296998250439,10
Jordan,2020-05-11,1.6216810511996786,2.069061838956161,1.1997779270196418,1.830370648359192,1.4117449451227626,0.11818184240219741,0.000710129904498924,0.0977673122588052,0.002662296998250439,10
Jordan,2020-05-12,1.466134385294311,1.871842770660084,1.0726505909702293,1.6571195750879224,1.2764629729569965,0.11818184240219741,0.000710129904498924,0.0977673122588052,0.002662296998250439,10
Jordan,2020-05-13,1.3121352864036728,1.6984296733529853,0.9175609002726914,1.4987722045527996,1.12680624087072,0.11818184240219741,0.000710129904498924,0.0977673122588052,0.002662296998250439,10
Jordan,2020-05-14,1.2283786627940732,1.615277859564697,0.8289607763013116,1.4142518418656895,1.04491854071874,0.11818184240219741,0.000710129904498924,0.0977673122588052,0.002662296998250439,10
Jordan,2020-05-15,1.2224396124977526,1.6044552044875207,0.8320502817678259,1.404452219938064,1.0416398969915615,0.11818184240219741,0.000710129904498924,0.0977673122588052,0.002662296998250439,10
Jordan,2020-05-16,1.2275515979037146,1.6106125666312407,0.8353448758868116,1.4101753427513306,1.044388031961105,0.11818184240219741,0.000710129904498924,0.0977673122588052,0.002662296998250439,10
Jordan,2020-05-17,1.2349244722861739,1.6275715808866336,0.8465655811873576,1.418895634895604,1.052657629559905,0.11818184240219741,0.000710129904498924,0.0977673122588052,0.002662296998250439,10
Jordan,2020-05-18,1.3004908017055006,1.699811671070609,0.9089264465762202,1.4901241964110892,1.112663302221677,0.11818184240219741,0.000710129904498924,0.0977673122588052,0.002662296998250439,10
Jordan,2020-05-19,1.3210685589095532,1.739475501915764,0.9263075661629611,1.5141909464017405,1.1285381634168572,0.11818184240219741,0.000710129904498924,0.0977673122588052,0.002662296998250439,10
Jordan,2020-05-20,1.271075443752229,1.6846402518110377,0.876289594184731,1.4618640028961525,1.0786704972935084,0.11818184240219741,0.000710129904498924,0.0977673122588052,0.002662296998250439,10
Jordan,2020-05-21,1.1387513338118183,1.5396268574858767,0.7520853297940157,1.3257476263218217,0.9521079693872151,0.11818184240219741,0.000710129904498924,0.0977673122588052,0.002662296998250439,10
Jordan,2020-05-22,1.021429024039308,1.4079832836081505,0.6352317651569563,1.2052617856716568,0.8376260026892022,0.11818184240219741,0.000710129904498924,0.0977673122588052,0.002662296998250439,10
Jordan,2020-05-23,0.8725656084149916,1.2612838786043037,0.46738927274427966,1.0595610738751096,0.6858345893753537,0.11818184240219741,0.000710129904498924,0.0977673122588052,0.002662296998250439,10
Jordan,2020-05-24,0.7773788158558086,1.1702758826935729,0.36203214667161543,0.969441885565335,0.5855410385478732,0.11818184240219741,0.000710129904498924,0.0977673122588052,0.002662296998250439,10
Jordan,2020-05-25,0.720899564639909,1.1187762242761305,0.3025110032680134,0.9146194139469033,0.5286837889789475,0.11818184240219741,0.000710129904498924,0.0977673122588052,0.002662296998250439,10
Jordan,2020-05-26,0.705488106422441,1.1000644156367763,0.28351937171750397,0.9003399818608602,0.5137942687977339,0.11818184240219741,0.000710129904498924,0.0977673122588052,0.002662296998250439,10
Jordan,2020-05-27,0.6866744796105523,1.089139026598635,0.26033242620309893,0.8819574746553999,0.48997355805071297,0.11818184240219741,0.000710129904498924,0.0977673122588052,0.002662296998250439,10
Jordan,2020-05-28,0.7120401586346019,1.1106527184951995,0.2881845328630087,0.906522422129072,0.5207839138469841,0.11818184240219741,0.000710129904498924,0.0977673122588052,0.002662296998250439,10
Jordan,2020-05-29,0.7189490531713474,1.1157124366901698,0.2929769050725157,0.9140464688565001,0.5229844509639675,0.11818184240219741,0.000710129904498924,0.0977673122588052,0.002662296998250439,10
Jordan,2020-05-30,0.7709267031457859,1.16620377356645,0.35781736210408155,0.9651914469063065,0.5780712470381658,0.11818184240219741,0.000710129904498924,0.0977673122588052,0.002662296998250439,10
Jordan,2020-05-31,0.8484875156584104,1.237491523744582,0.43648683853868486,1.0384106345759696,0.6596912502292999,0.11818184240219741,0.000710129904498924,0.0977673122588052,0.002662296998250439,10
Jordan,2020-06-01,0.9407771944684941,1.3262658364284279,0.5399519022750473,1.1283613058983655,0.7536466177917862,0.11818184240219741,0.000710129904498924,0.0977673122588052,0.002662296998250439,10
Jordan,2020-06-02,1.0324610846836821,1.420297575393115,0.6358762027955172,1.2182566078911614,0.8472148635874284,0.11818184240219741,0.000710129904498924,0.0977673122588052,0.002662296998250439,10
Jordan,2020-06-03,1.1045244513260972,1.493868886181878,0.7116787343815953,1.287210356911749,0.9195218351818595,0.11818184240219741,0.000710129904498924,0.0977673122588052,0.002662296998250439,10
Jordan,2020-06-04,1.2600378019577503,1.656232673624904,0.8657365972445588,1.44538116744134,1.0754102812273927,0.11818184240219741,0.000710129904498924,0.0977673122588052,0.002662296998250439,10
Jordan,2020-06-05,1.4280342672577684,1.846502659898705,1.0314775516718946,1.6196205073354588,1.2387925354414142,0.11818184240219741,0.000710129904498924,0.0977673122588052,0.002662296998250439,10
Jordan,2020-06-06,1.4753590514588202,1.8922225474089256,1.079748248246434,1.66680675436793,1.2841758185335572,0.11818184240219741,0.000710129904498924,0.0977673122588052,0.002662296998250439,10
Jordan,2020-06-07,1.5415641215408904,1.9629347748911021,1.1388278061351023,1.7360994193370607,1.3484154364551197,0.11818184240219741,0.000710129904498924,0.0977673122588052,0.002662296998250439,10
Jordan,2020-06-08,1.612535785859485,2.0480676553588015,1.2017574288793542,1.8115701868123517,1.412786757669065,0.11818184240219741,0.000710129904498924,0.0977673122588052,0.002662296998250439,10
Jordan,2020-06-09,1.596805922003876,2.022313865695442,1.196711785161605,1.7950898836530027,1.4010730853079258,0.11818184240219741,0.000710129904498924,0.0977673122588052,0.002662296998250439,10
Jordan,2020-06-10,1.6074369875036312,2.0416875916582713,1.2009504355437657,1.8063247269893425,1.4096832191982127,0.11818184240219741,0.000710129904498924,0.0977673122588052,0.002662296998250439,10
Jordan,2020-06-11,1.6136541401988498,2.053816896792785,1.2021021179227656,1.8147613760007921,1.4097893630285063,0.11818184240219741,0.000710129904498924,0.0977673122588052,0.002662296998250439,10
Jordan,2020-06-12,1.5510277187440549,1.9849090040341835,1.1480724383675251,1.750001714709952,1.3491831424343825,0.11818184240219741,0.000710129904498924,0.0977673122588052,0.002662296998250439,10
Jordan,2020-06-13,1.4566780188209867,1.877590466879056,1.0631277799989924,1.6488302851835137,1.2609440785444375,0.11818184240219741,0.000710129904498924,0.0977673122588052,0.002662296998250439,10
Jordan,2020-06-14,1.2473238129156023,1.6413025408296702,0.8567903909481339,1.4323099398115762,1.0623798732643406,0.11818184240219741,0.000710129904498924,0.0977673122588052,0.002662296998250439,10
Jordan,2020-06-15,1.111090549860701,1.4976197591988383,0.7146576668262843,1.2964106148413503,0.9256143754319567,0.11818184240219741,0.000710129904498924,0.0977673122588052,0.002662296998250439,10
Jordan,2020-06-16,0.9718196871456307,1.3621245417689183,0.5525520072188802,1.1653725564064987,0.7800058068607743,0.11818184240219741,0.000710129904498924,0.0977673122588052,0.002662296998250439,10
Jordan,2020-06-17,0.9128759265504977,1.3120964651546356,0.4932368978553492,1.1045003363496901,0.720159870152,0.11818184240219741,0.000710129904498924,0.0977673122588052,0.002662296998250439,10
Jordan,2020-06-18,0.9016560810866189,1.2990054222437972,0.4965252265876611,1.0934470478111975,0.7115658529712878,0.11818184240219741,0.000710129904498924,0.0977673122588052,0.002662296998250439,10
Jordan,2020-06-19,0.8779560073428632,1.2673300133010104,0.4722502399521441,1.0688012144820735,0.6907509961601556,0.11818184240219741,0.000710129904498924,0.0977673122588052,0.002662296998250439,10
Jordan,2020-06-20,0.8846541348350858,1.2735437831871366,0.4852602785731448,1.0726692154759176,0.6971652928337068,0.11818184240219741,0.000710129904498924,0.0977673122588052,0.002662296998250439,10
Jordan,2020-06-21,0.9255482384446032,1.3199252342867691,0.5325250473262267,1.1121755541943297,0.7394018146753163,0.11818184240219741,0.000710129904498924,0.0977673122588052,0.002662296998250439,10
Jordan,2020-06-22,0.9155925881463308,1.312600808134591,0.5234333352374301,1.1035946852947096,0.728756507251557,0.11818184240219741,0.000710129904498924,0.0977673122588052,0.002662296998250439,10
Jordan,2020-06-23,0.9277785598036699,1.31753310848597,0.5382244826613898,1.1123610585501622,0.741545460216881,0.11818184240219741,0.000710129904498924,0.0977673122588052,0.002662296998250439,10
Jordan,2020-06-24,0.9918269128373857,1.4006638091904295,0.5939396157670218,1.1802001503848154,0.8017319267266201,0.11818184240219741,0.000710129904498924,0.0977673122588052,0.002662296998250439,10
Jordan,2020-06-25,0.957427370839891,1.3650126035717096,0.5687201924831344,1.146627859691431,0.7681362957240699,0.11818184240219741,0.000710129904498924,0.0977673122588052,0.002662296998250439,10
Jordan,2020-06-26,0.9043009850013722,1.3071635729452218,0.5090820900694003,1.0941787541778414,0.7171874076600885,0.11818184240219741,0.000710129904498924,0.0977673122588052,0.002662296998250439,10
Jordan,2020-06-27,0.8074444289229532,1.198081675652907,0.41342628131357095,0.9946257013260672,0.621555267889918,0.11818184240219741,0.000710129904498924,0.0977673122588052,0.002662296998250439,10
Jordan,2020-06-28,0.7383298941449492,1.1291511184873286,0.3436752176587794,0.9237838417358565,0.5522594961623616,0.11818184240219741,0.000710129904498924,0.0977673122588052,0.002662296998250439,10
Jordan,2020-06-29,0.6668208306767716,1.0607974878091426,0.26028514534734004,0.854120060323661,0.47915742696114005,0.11818184240219741,0.000710129904498924,0.0977673122588052,0.002662296998250439,10
Jordan,2020-06-30,0.6075038940322967,1.0028632298973104,0.19244314348303115,0.796919773232434,0.41645080128221557,0.11818184240219741,0.000710129904498924,0.0977673122588052,0.002662296998250439,10
Jordan,2020-07-01,0.5737266716061997,0.9675036958718637,0.16193960762889714,0.764686445755821,0.3832790552827896,0.11818184240219741,0.000710129904498924,0.0977673122588052,0.002662296998250439,10
Jordan,2020-07-02,0.586184489087162,0.9792083067379463,0.18712561336155742,0.7744857397627589,0.3986293139920889,0.11818184240219741,0.000710129904498924,0.0977673122588052,0.002662296998250439,10
Jordan,2020-07-03,0.6257100460928785,1.019324651321306,0.2238039341249135,0.8095486136315491,0.4403548860444769,0.11818184240219741,0.000710129904498924,0.0977673122588052,0.002662296998250439,10
Jordan,2020-07-04,0.6133681578311863,1.000822682816531,0.22111897675182324,0.7979124026320568,0.4270152694089969,0.11818184240219741,0.000710129904498924,0.0977673122588052,0.002662296998250439,10
Jordan,2020-07-05,0.630883890388519,1.0198374627445055,0.2376224492902298,0.8170631634180645,0.44444442927275063,0.11818184240219741,0.000710129904498924,0.0977673122588052,0.002662296998250439,10
Jordan,2020-07-06,0.5596355420784207,0.9461388707423354,0.16354701723932075,0.7453170827229978,0.37259240587675935,0.11818184240219741,0.000710129904498924,0.0977673122588052,0.002662296998250439,10
Jordan,2020-07-07,0.5103964152503588,0.9026361001653458,0.10669750832762415,0.6984681459523729,0.3219710048240806,0.11818184240219741,0.000710129904498924,0.0977673122588052,0.002662296998250439,10
Jordan,2020-07-08,0.48803359317905415,0.8827758808706669,0.0735969570854269,0.6826814844761803,0.2968620068921648,0.11818184240219741,0.000710129904498924,0.0977673122588052,0.002662296998250439,10
Jordan,2020-07-09,0.5115634734354656,0.9023555790884383,0.09572183466695394,0.7043441375785182,0.3198175957492003,0.11818184240219741,0.000710129904498924,0.0977673122588052,0.002662296998250439,10
Jordan,2020-07-10,0.5829766824382683,0.9703658081863996,0.179531218646511,0.7708587677272588,0.39587761141546607,0.11818184240219741,0.000710129904498924,0.0977673122588052,0.002662296998250439,10
Jordan,2020-07-11,0.6496424323141425,1.0457685571965483,0.24916328292696888,0.8361031273724602,0.46589557112986435,0.11818184240219741,0.000710129904498924,0.0977673122588052,0.002662296998250439,10
Jordan,2020-07-12,0.7329312585856851,1.1194930108158152,0.34206072424714995,0.9181102540600851,0.5473961367922644,0.11818184240219741,0.000710129904498924,0.0977673122588052,0.002662296998250439,10
Jordan,2020-07-13,0.8388309657641211,1.2328880624477327,0.44953445091129973,1.0229947126913164,0.6537143495988764,0.11818184240219741,0.000710129904498924,0.0977673122588052,0.002662296998250439,10
Jordan,2020-07-14,0.9594169558035577,1.3752702713871732,0.5679985852552485,1.1515222295449548,0.7683075280551079,0.11818184240219741,0.000710129904498924,0.0977673122588052,0.002662296998250439,10
Jordan,2020-07-15,0.9121723604635295,1.3075274502350747,0.5150140837546223,1.0985747343936583,0.7262736893923277,0.11818184240219741,0.000710129904498924,0.0977673122588052,0.002662296998250439,10
Jordan,2020-07-16,0.9096887311325978,1.3031813153137461,0.5136295186993102,1.0967021274327615,0.7209737607847205,0.11818184240219741,0.000710129904498924,0.0977673122588052,0.002662296998250439,10
Jordan,2020-07-17,0.9175151341837718,1.3153498414187021,0.5113115372624079,1.1098842309195054,0.7284184846480064,0.11818184240219741,0.000710129904498924,0.0977673122588052,0.002662296998250439,10
Jordan,2020-07-18,0.9643180087996444,1.3681341429248106,0.5580878965713056,1.1524229095832095,0.7741228398710452,0.11818184240219741,0.000710129904498924,0.0977673122588052,0.002662296998250439,10
Jordan,2020-07-19,1.020766512310935,1.429414757164633,0.6116230352395166,1.213582151007727,0.8244688621259957,0.11818184240219741,0.000710129904498924,0.0977673122588052,0.002662296998250439,10
Jordan,2020-07-20,1.1062770110974105,1.5335907875018764,0.6815585920898112,1.305830389430802,0.9054660137313968,0.11818184240219741,0.000710129904498924,0.0977673122588052,0.002662296998250439,10
Jordan,2020-07-21,1.2135554394370778,1.6743685055894564,0.7635113979247904,1.4295186051958342,0.9995963923845778,0.11818184240219741,0.000710129904498924,0.0977673122588052,0.002662296998250439,10
Jordan,2020-07-22,1.3189515777351342,1.804442787624069,0.8661657268587138,1.5368051989869915,1.0977704015806549,0.11818184240219741,0.000710129904498924,0.0977673122588052,0.002662296998250439,10
Jordan,2020-07-23,1.4244446261359704,1.8917912353540274,0.9855050403915662,1.6386405247473792,1.2064401478169926,0.11818184240219741,0.000710129904498924,0.0977673122588052,0.002662296998250439,10
Jordan,2020-07-24,1.4627504286529038,1.9304590271167625,1.0276822199074591,1.6736242534690589,1.246656653342186,0.11818184240219741,0.000710129904498924,0.0977673122588052,0.002662296998250439,10
Jordan,2020-07-25,1.3923955763043305,1.823260415682841,0.9817957166088281,1.5907676486147166,1.1931954700531688,0.11818184240219741,0.000710129904498924,0.0977673122588052,0.002662296998250439,10
Jordan,2020-07-26,1.3416136731433614,1.764796348510922,0.9407848002996125,1.534249549326062,1.1468402262408204,0.11818184240219741,0.000710129904498924,0.0977673122588052,0.002662296998250439,10
Jordan,2020-07-27,1.2222068826708676,1.6236446167432306,0.8245171284399813,1.4082612940311237,1.035010057523948,0.11818184240219741,0.000710129904498924,0.0977673122588052,0.002662296998250439,10
Jordan,2020-07-28,1.119698370665325,1.5147936736903238,0.7226056064058662,1.3048867217922666,0.932790031229238,0.11818184240219741,0.000710129904498924,0.0977673122588052,0.002662296998250439,10
Jordan,2020-07-29,1.0497865724012996,1.4483741166376927,0.6400223698036445,1.2396463356121132,0.8606052457138236,0.11818184240219741,0.000710129904498924,0.0977673122588052,0.002662296998250439,10
Jordan,2020-07-30,1.0103657523570757,1.4024613984889323,0.5945579036634138,1.2027245083428815,0.8198617160309298,0.11818184240219741,0.000710129904498924,0.0977673122588052,0.002662296998250439,10
Jordan,2020-07-31,1.0153908360269475,1.3999080124622467,0.6077639468736262,1.2054670833649306,0.8273528033707084,0.11818184240219741,0.000710129904498924,0.0977673122588052,0.002662296998250439,10
Jordan,2020-08-01,1.0911524671706085,1.4794390212425963,0.6961637151175077,1.276434657189208,0.9063566991801972,0.11818184240219741,0.000710129904498924,0.0977673122588052,0.002662296998250439,10
Jordan,2020-08-02,1.0400854450154429,1.4351623793583086,0.6332844002186224,1.2294146896829798,0.8505730832654816,0.11818184240219741,0.000710129904498924,0.0977673122588052,0.002662296998250439,10
Jordan,2020-08-03,1.0229673421058283,1.4148189379581484,0.6131444577030587,1.2155307873016987,0.8330194668731399,0.11818184240219741,0.000710129904498924,0.0977673122588052,0.002662296998250439,10
Jordan,2020-08-04,1.0343191390839321,1.4303587665065942,0.6161619524316044,1.2271944006456876,0.8426545465977991,0.11818184240219741,0.000710129904498924,0.0977673122588052,0.002662296998250439,10
Jordan,2020-08-05,1.0566895661070748,1.453984811343139,0.6358855430105361,1.2511799275338515,0.863376993229688,0.11818184240219741,0.000710129904498924,0.0977673122588052,0.002662296998250439,10
Jordan,2020-08-06,1.0796958006263637,1.4816356169139797,0.6465201013945137,1.275627887249933,0.8830631968062552,0.11818184240219741,0.000710129904498924,0.0977673122588052,0.002662296998250439,10
Jordan,2020-08-07,1.187030001873493,1.5758113644879175,0.7712269435492258,1.378278635267475,0.9976973183058682,0.11818184240219741,0.000710129904498924,0.0977673122588052,0.002662296998250439,10
Jordan,2020-08-08,1.3309608590518804,1.717023994140513,0.9293872870140859,1.5170151760317085,1.1468579066807632,0.11818184240219741,0.000710129904498924,0.0977673122588052,0.002662296998250439,10
Jordan,2020-08-09,1.4601357203032175,1.844562744970093,1.069163435807807,1.642403222071174,1.2780739244407053,0.11818184240219741,0.000710129904498924,0.0977673122588052,0.002662296998250439,10
Jordan,2020-08-10,1.6403989609906007,2.043459104273992,1.252188180439506,1.825340792879729,1.4531830551779323,0.11818184240219741,0.000710129904498924,0.0977673122588052,0.002662296998250439,10
Jordan,2020-08-11,1.7331763644038654,2.1442374069119072,1.3424670360719972,1.9221667907495732,1.5440786165923681,0.11818184240219741,0.000710129904498924,0.0977673122588052,0.002662296998250439,10
Jordan,2020-08-12,1.7949810815215397,2.199243008539697,1.4037909023959367,1.9840292488864772,1.6055039266009739,0.11818184240219741,0.000710129904498924,0.0977673122588052,0.002662296998250439,10
Jordan,2020-08-13,1.7934755657056916,2.189040840486739,1.4100177516474819,1.979439512636636,1.607113397981221,0.11818184240219741,0.000710129904498924,0.0977673122588052,0.002662296998250439,10
Jordan,2020-08-14,1.786742815944709,2.1797549253129693,1.3998484580860007,1.9726620936254848,1.6037229961552026,0.11818184240219741,0.000710129904498924,0.0977673122588052,0.002662296998250439,10
Jordan,2020-08-15,1.8693802678990186,2.269331904663325,1.4817563013176838,2.0559853700107174,1.6828992185614418,0.11818184240219741,0.000710129904498924,0.0977673122588052,0.002662296998250439,10
Jordan,2020-08-16,2.036887866550774,2.4659786143316227,1.6336523460052026,2.2343560562327918,1.839748309212812,0.11818184240219741,0.000710129904498924,0.0977673122588052,0.002662296998250439,10
Jordan,2020-08-17,2.022929583203407,2.4411509107090192,1.6269803406616798,2.214624658045464,1.8293559871278182,0.11818184240219741,0.000710129904498924,0.0977673122588052,0.002662296998250439,10
Jordan,2020-08-18,2.056049487960089,2.4880475839143514,1.6564018857000224,2.250968208728642,1.8607887106900747,0.11818184240219741,0.000710129904498924,0.0977673122588052,0.002662296998250439,10
Jordan,2020-08-19,2.0030168485157507,2.417948141748317,1.6149530628313338,2.1942311237380787,1.8113994962345572,0.11818184240219741,0.000710129904498924,0.0977673122588052,0.002662296998250439,10
Jordan,2020-08-20,1.8837640805025724,2.2784309654200454,1.4908609457545574,2.0675206488255853,1.6990019085410328,0.11818184240219741,0.000710129904498924,0.0977673122588052,0.002662296998250439,10
Jordan,2020-08-21,1.8656781356082621,2.2563341992056904,1.4726403075205765,2.0517131811335805,1.679351718085095,0.11818184240219741,0.000710129904498924,0.0977673122588052,0.002662296998250439,10
Jordan,2020-08-22,1.853927164227532,2.245472794691099,1.459768775645868,2.0393504025276497,1.6720595842754007,0.11818184240219741,0.000710129904498924,0.0977673122588052,0.002662296998250439,10
Jordan,2020-08-23,1.810587120751118,2.1981068966582047,1.4201072979846732,1.9960604637281958,1.6253282511095088,0.11818184240219741,0.000710129904498924,0.0977673122588052,0.002662296998250439,10
Jordan,2020-08-24,1.8003461826611722,2.1899388364489174,1.406099310764056,1.9851022913505931,1.6166588924552283,0.11818184240219741,0.000710129904498924,0.0977673122588052,0.002662296998250439,10
Jordan,2020-08-25,1.8426043118890416,2.2422080215038376,1.4529446790751555,2.0295564653115505,1.6554103753890688,0.11818184240219741,0.000710129904498924,0.0977673122588052,0.002662296998250439,10
Jordan,2020-08-26,1.757231729083593,2.145297121991937,1.364708466200515,1.9427874058075658,1.5722768470887336,0.11818184240219741,0.000710129904498924,0.0977673122588052,0.002662296998250439,10
Jordan,2020-08-27,1.711171301925935,2.096780856088465,1.3203268964070893,1.8957847040349942,1.5251469879535766,0.11818184240219741,0.000710129904498924,0.0977673122588052,0.002662296998250439,10
Jordan,2020-08-28,1.6884090040440491,2.075953995198268,1.2979053520475374,1.8724577977699706,1.5050750882953154,0.11818184240219741,0.000710129904498924,0.0977673122588052,0.002662296998250439,10
Jordan,2020-08-29,1.6234246631394373,2.010775958761297,1.2212440411257646,1.8085916865964817,1.4388001063304772,0.11818184240219741,0.000710129904498924,0.0977673122588052,0.002662296998250439,10
Jordan,2020-08-30,1.6486780987045468,2.0438556323787855,1.2582398428454358,1.835469018752705,1.4649333260335347,0.11818184240219741,0.000710129904498924,0.0977673122588052,0.002662296998250439,10
Jordan,2020-08-31,1.6277774633279205,2.0178798028276717,1.2323495784648641,1.812474662752563,1.442096193203421,0.11818184240219741,0.000710129904498924,0.0977673122588052,0.002662296998250439,10
Jordan,2020-09-01,1.592819408185675,1.9806101779029408,1.195865196983092,1.7793502292931564,1.407247304192746,0.11818184240219741,0.000710129904498924,0.0977673122588052,0.002662296998250439,10
Jordan,2020-09-02,1.564842344873884,1.948319675871211,1.1646032192624347,1.7510457231274932,1.3792106295933193,0.11818184240219741,0.000710129904498924,0.0977673122588052,0.002662296998250439,10
Jordan,2020-09-03,1.5440390347054445,1.9326051013760335,1.1406996337464408,1.7314573317142048,1.360896573484626,0.11818184240219741,0.000710129904498924,0.0977673122588052,0.002662296998250439,10
Jordan,2020-09-04,1.5190710259098426,1.9118897258648362,1.1139665596545225,1.705049075953044,1.3336423571713425,0.11818184240219741,0.000710129904498924,0.0977673122588052,0.002662296998250439,10
Jordan,2020-09-05,1.5025897484747484,1.8977799432802578,1.0956116223436805,1.6917834729084593,1.313479720787217,0.11818184240219741,0.000710129904498924,0.0977673122588052,0.002662296998250439,10
Jordan,2020-09-06,1.5297125715816433,1.9209153651282374,1.1185344406241657,1.7199108595033876,1.3395550162294574,0.11818184240219741,0.000710129904498924,0.0977673122588052,0.002662296998250439,10
Jordan,2020-09-07,1.589360761640564,1.9763422046051735,1.1843041644873327,1.7774881608347697,1.4026225048914744,0.11818184240219741,0.000710129904498924,0.0977673122588052,0.002662296998250439,10
Jordan,2020-09-08,1.6736697343803337,2.061864826617807,1.2748433850925207,1.860608756142683,1.487972513763201,0.11818184240219741,0.000710129904498924,0.0977673122588052,0.002662296998250439,10
Jordan,2020-09-09,1.732410684830895,2.1208466613072336,1.3343791415869048,1.9178746966468,1.5461917448153297,0.11818184240219741,0.000710129904498924,0.0977673122588052,0.002662296998250439,10
Jordan,2020-09-10,1.8266944044846651,2.214771433178027,1.4384163717030134,2.01298057271488,1.6397266709502987,0.11818184240219741,0.000710129904498924,0.0977673122588052,0.002662296998250439,10
Jordan,2020-09-11,1.9705294519345515,2.387080343591048,1.5763258300813874,2.16140776651324,1.7778310472195509,0.11818184240219741,0.000710129904498924,0.0977673122588052,0.002662296998250439,10
Jordan,2020-09-12,1.9816909616733733,2.38819400512004,1.595731347356053,2.1708444737864943,1.792956515283726,0.11818184240219741,0.000710129904498924,0.0977673122588052,0.002662296998250439,10
Jordan,2020-09-13,2.0374263973901643,2.456656451521461,1.6458171590240989,2.227140684094132,1.8445985951108907,0.11818184240219741,0.000710129904498924,0.0977673122588052,0.002662296998250439,10
Jordan,2020-09-14,1.9880605830063343,2.3903417429234937,1.597688312540927,2.173962722829173,1.8005804667739107,0.11818184240219741,0.000710129904498924,0.0977673122588052,0.002662296998250439,10
Jordan,2020-09-15,1.9179410347347314,2.307835469876343,1.5226546071617908,2.104108291290599,1.7328547382955808,0.11818184240219741,0.000710129904498924,0.0977673122588052,0.002662296998250439,10
Jordan,2020-09-16,1.9038984276188289,2.2933473457826805,1.5091608109768886,2.0888367726992705,1.718078231493716,0.11818184240219741,0.000710129904498924,0.0977673122588052,0.002662296998250439,10
Jordan,2020-09-17,1.9217520317458825,2.3104049593104583,1.5337610221378837,2.107106154543593,1.7361624767866448,0.11818184240219741,0.000710129904498924,0.0977673122588052,0.002662296998250439,10
Jordan,2020-09-18,1.8985328522968627,2.288671484508564,1.5057053069408262,2.084338076324643,1.712986235172463,0.11818184240219741,0.000710129904498924,0.0977673122588052,0.002662296998250439,10
Jordan,2020-09-19,1.906128025526003,2.292662564525971,1.508101390837978,2.0961377109040717,1.7184286265719393,0.11818184240219741,0.000710129904498924,0.0977673122588052,0.002662296998250439,10
Jordan,2020-09-20,1.964976755303225,2.3551376693218,1.567805538848639,2.1504969046194784,1.7807373025983297,0.11818184240219741,0.000710129904498924,0.0977673122588052,0.002662296998250439,10
Jordan,2020-09-21,2.0578956713148506,2.451178119047794,1.6742197170192425,2.2426262879774104,1.8751733483514204,0.11818184240219741,0.000710129904498924,0.0977673122588052,0.002662296998250439,10
Jordan,2020-09-22,2.1876596701189976,2.596198941936458,1.7951905976615241,2.380045922599583,1.9951451440629269,0.11818184240219741,0.000710129904498924,0.0977673122588052,0.002662296998250439,10
Jordan,2020-09-23,2.1640204389359288,2.559880381118508,1.7750997090133305,2.349409901228211,1.977103148647171,0.11818184240219741,0.000710129904498924,0.0977673122588052,0.002662296998250439,10
Jordan,2020-09-24,2.1887354109978134,2.5913591995159844,1.7936334905346398,2.374470575518724,2.0023224973254017,0.11818184240219741,0.000710129904498924,0.0977673122588052,0.002662296998250439,10
Jordan,2020-09-25,2.196131131435235,2.5984108767063048,1.80596025394202,2.3817976252635207,2.009159328806377,0.11818184240219741,0.000710129904498924,0.0977673122588052,0.002662296998250439,10
Jordan,2020-09-26,2.186312665462954,2.5962440247589202,1.7952807029121058,2.3746315087998378,1.9992434821386666,0.11818184240219741,0.000710129904498924,0.0977673122588052,0.002662296998250439,10
Jordan,2020-09-27,2.1148637667412564,2.518205975924629,1.7237787626656704,2.2986750529539837,1.929794226733573,0.11818184240219741,0.000710129904498924,0.0977673122588052,0.002662296998250439,10
Jordan,2020-09-28,2.129345343050443,2.5323161270575536,1.737568904963636,2.3134728875845405,1.942050656862289,0.11818184240219741,0.000710129904498924,0.0977673122588052,0.002662296998250439,10
Jordan,2020-09-29,2.154436552872899,2.559056638606853,1.7605949282816495,2.343359337688201,1.9652133369730989,0.11818184240219741,0.000710129904498924,0.0977673122588052,0.002662296998250439,10
Jordan,2020-09-30,2.1901875769312533,2.616649090651837,1.7849924949949552,2.3843595391507497,1.991842389407838,0.11818184240219741,0.000710129904498924,0.0977673122588052,0.002662296998250439,10
Jordan,2020-10-01,2.0488212107971933,2.4510486432539293,1.6648224890585896,2.2333904668292353,1.8609266476978417,0.11818184240219741,0.000710129904498924,0.0977673122588052,0.002662296998250439,10
Jordan,2020-10-02,1.8942807612642478,2.287813456883452,1.4983021456170578,2.080130449791109,1.7085396938727078,0.11818184240219741,0.000710129904498924,0.0977673122588052,0.002662296998250439,10
Jordan,2020-10-03,1.838587428089813,2.2325117759538076,1.4419380805833695,2.0227125823748153,1.6546318535975368,0.11818184240219741,0.000710129904498924,0.0977673122588052,0.002662296998250439,10
Jordan,2020-10-04,1.7951678576426602,2.1851736423420793,1.398881946747792,1.9856443335143505,1.6081020895299636,0.11818184240219741,0.000710129904498924,0.0977673122588052,0.002662296998250439,10
Jordan,2020-10-05,1.796714253650405,2.195622715146107,1.405292768859698,1.9821277986694843,1.6115249489668644,0.11818184240219741,0.000710129904498924,0.0977673122588052,0.002662296998250439,10
Jordan,2020-10-06,1.7206409700077798,2.1154327573104874,1.3263148350246872,1.906103399215179,1.535263429599396,0.11818184240219741,0.000710129904498924,0.0977673122588052,0.002662296998250439,10
Jordan,2020-10-07,1.6275781131089033,2.0188073655343493,1.2278209728885572,1.8154767277241448,1.4402077429047953,0.11818184240219741,0.000710129904498924,0.0977673122588052,0.002662296998250439,10
Jordan,2020-10-08,1.5611531107257672,1.9482365926473666,1.161442548501426,1.749088508633598,1.3732904959211794,0.11818184240219741,0.000710129904498924,0.0977673122588052,0.002662296998250439,10
Jordan,2020-10-09,1.5039145794888107,1.8908043727894093,1.1045541787667612,1.693352939918089,1.3149619062637634,0.11818184240219741,0.000710129904498924,0.0977673122588052,0.002662296998250439,10
Jordan,2020-10-10,1.4675153547248854,1.856145873679576,1.0569163978160638,1.657529751836196,1.2796670052099044,0.11818184240219741,0.000710129904498924,0.0977673122588052,0.002662296998250439,10
Jordan,2020-10-11,1.4491769811098112,1.8410051598820512,1.0404838142280926,1.639453227532225,1.2608626843282964,0.11818184240219741,0.000710129904498924,0.0977673122588052,0.002662296998250439,10
Jordan,2020-10-12,1.4821843623781545,1.8738982066163725,1.0874406592796768,1.6691791972621612,1.2951100873554418,0.11818184240219741,0.000710129904498924,0.0977673122588052,0.002662296998250439,10
Jordan,2020-10-13,1.5459338131146354,1.9450616509644276,1.1522108303980656,1.7313482281522434,1.35751713879662,0.11818184240219741,0.000710129904498924,0.0977673122588052,0.002662296998250439,10
Jordan,2020-10-14,1.5639940635212652,1.9640432752040229,1.166972432906332,1.753028269532792,1.3757207976606949,0.11818184240219741,0.000710129904498924,0.0977673122588052,0.002662296998250439,10
Jordan,2020-10-15,1.524822853109419,1.9224541335852205,1.1394553001423302,1.7089077002052266,1.339284596840361,0.11818184240219741,0.000710129904498924,0.0977673122588052,0.002662296998250439,10
Jordan,2020-10-16,1.4418640592515837,1.8296328819602483,1.049322177144658,1.6268791096056403,1.2586869247190322,0.11818184240219741,0.000710129904498924,0.0977673122588052,0.002662296998250439,10
Jordan,2020-10-17,1.3913924000765696,1.775886092624095,0.9920671586028189,1.5800710235857975,1.2050464079165741,0.11818184240219741,0.000710129904498924,0.0977673122588052,0.002662296998250439,10
Jordan,2020-10-18,1.3687345896983663,1.7553355972692315,0.9732297126749182,1.5559878191889296,1.1831451333887388,0.11818184240219741,0.000710129904498924,0.0977673122588052,0.002662296998250439,10
Jordan,2020-10-19,1.3727015510329155,1.7636883708430804,0.9725947380668587,1.5574001081351216,1.186605573324722,0.11818184240219741,0.000710129904498924,0.0977673122588052,0.002662296998250439,10
Jordan,2020-10-20,1.4148906250273803,1.7977637310215255,1.0275217611830274,1.5984893325907148,1.232083035176808,0.11818184240219741,0.000710129904498924,0.0977673122588052,0.002662296998250439,10
Jordan,2020-10-21,1.4559544730806044,1.8481903713434213,1.0621221763590771,1.6357339760148117,1.2741534868185234,0.11818184240219741,0.000710129904498924,0.0977673122588052,0.002662296998250439,10
Jordan,2020-10-22,1.4634737632331007,1.8589922792236906,1.0708350928110715,1.6465441709271338,1.2803916666003463,0.11818184240219741,0.000710129904498924,0.0977673122588052,0.002662296998250439,10
Jordan,2020-10-23,1.4397670160722285,1.8334357478772718,1.0446977555461272,1.623476575836936,1.2573840129781997,0.11818184240219741,0.000710129904498924,0.0977673122588052,0.002662296998250439,10
Jordan,2020-10-24,1.4131944897581914,1.8072063095611177,1.0161117412668705,1.5981048516703054,1.2296196665503725,0.11818184240219741,0.000710129904498924,0.0977673122588052,0.002662296998250439,10
Jordan,2020-10-25,1.425828222441028,1.820418729565054,1.0267491907308146,1.6130696913694926,1.2381220686873677,0.11818184240219741,0.000710129904498924,0.0977673122588052,0.002662296998250439,10
Jordan,2020-10-26,1.4513078242257436,1.8448836851995625,1.057986158874978,1.6354398702631519,1.2667971588812128,0.11818184240219741,0.000710129904498924,0.0977673122588052,0.002662296998250439,10
Jordan,2020-10-27,1.5105314024326684,1.9060224894604407,1.1245006977789418,1.6978308653923166,1.3230907467304025,0.11818184240219741,0.000710129904498924,0.0977673122588052,0.002662296998250439,10
Jordan,2020-10-28,1.5206285699444848,1.9161740960596374,1.126304231024355,1.705764964303863,1.3352352423351639,0.11818184240219741,0.000710129904498924,0.0977673122588052,0.002662296998250439,10
Jordan,2020-10-29,1.5339122948025934,1.9296061741254975,1.1379084559534,1.717961339442199,1.3496392207369057,0.11818184240219741,0.000710129904498924,0.0977673122588052,0.002662296998250439,10
Jordan,2020-10-30,1.5405096583865028,1.9357096278350334,1.1499907719791125,1.7254488887796682,1.3543440813945478,0.11818184240219741,0.000710129904498924,0.0977673122588052,0.002662296998250439,10
Jordan,2020-10-31,1.5303926984140035,1.9310253827396697,1.1443235557683793,1.7156030404903433,1.3456695175319848,0.11818184240219741,0.000710129904498924,0.0977673122588052,0.002662296998250439,10
Jordan,2020-11-01,1.5389549521088384,1.9369937679538736,1.1540406067017956,1.7230654899579727,1.3542683303356193,0.11818184240219741,0.000710129904498924,0.0977673122588052,0.002662296998250439,10
Jordan,2020-11-02,1.5719907683541527,1.9747852918505842,1.1831577074192186,1.7612239840752268,1.383921558819252,0.11818184240219741,0.000710129904498924,0.0977673122588052,0.002662296998250439,10
Jordan,2020-11-03,1.5396273386636805,1.9400687987060778,1.1530046918637733,1.723941959228149,1.3537877388041881,0.11818184240219741,0.000710129904498924,0.0977673122588052,0.002662296998250439,10
Jordan,2020-11-04,1.4967893836630686,1.8865718318617628,1.1090521929446258,1.6822482806501973,1.311419649857726,0.11818184240219741,0.000710129904498924,0.0977673122588052,0.002662296998250439,10
Jordan,2020-11-05,1.455348618653876,1.8512233844450237,1.0732645103483796,1.6383677558140075,1.2714177026286873,0.11818184240219741,0.000710129904498924,0.0977673122588052,0.002662296998250439,10
Jordan,2020-11-06,1.4196627027092805,1.8074416707191374,1.0360664868831997,1.6046880461709379,1.237323629567852,0.11818184240219741,0.000710129904498924,0.0977673122588052,0.002662296998250439,10
Jordan,2020-11-07,1.3709516631307581,1.7565584037023338,0.9822817223044649,1.5542294595051378,1.1884978204362269,0.11818184240219741,0.000710129904498924,0.0977673122588052,0.002662296998250439,10
Jordan,2020-11-08,1.3601460622702883,1.7476037801277167,0.9701873432886089,1.5419468163393995,1.1765597667290375,0.11818184240219741,0.000710129904498924,0.0977673122588052,0.002662296998250439,10
Jordan,2020-11-09,1.3566829940279734,1.7466807574449938,0.9738536669459865,1.538123254539627,1.1733706322236663,0.11818184240219741,0.000710129904498924,0.0977673122588052,0.002662296998250439,10
Jordan,2020-11-10,1.3371681389378423,1.7271109566843896,0.948365399315652,1.5183818754764895,1.1549302516431248,0.11818184240219741,0.000710129904498924,0.0977673122588052,0.002662296998250439,10
Jordan,2020-11-11,1.2972265925666988,1.6802556789245462,0.9107808057741318,1.4784866290288667,1.1163988397680042,0.11818184240219741,0.000710129904498924,0.0977673122588052,0.002662296998250439,10
Jordan,2020-11-12,1.2554923602124286,1.6384966739018554,0.8668663935104266,1.4371186623379137,1.0731215206183355,0.11818184240219741,0.000710129904498924,0.0977673122588052,0.002662296998250439,10
Jordan,2020-11-13,1.2080718406728208,1.5952355112345975,0.8204209408059433,1.3904807479871908,1.0227109775413405,0.11818184240219741,0.000710129904498924,0.0977673122588052,0.002662296998250439,10
Jordan,2020-11-14,1.1774296863899956,1.562465325319661,0.7886002226735684,1.3618199381385314,0.9939627785118175,0.11818184240219741,0.000710129904498924,0.0977673122588052,0.002662296998250439,10
Jordan,2020-11-15,1.154733112080828,1.5484655908568614,0.7600158336578225,1.3390973966558053,0.9677177335724017,0.11818184240219741,0.000710129904498924,0.0977673122588052,0.002662296998250439,10
Jordan,2020-11-16,1.1907624008257836,1.581158940078379,0.8034521111811876,1.37407647658141,1.007154215337606,0.11818184240219741,0.000710129904498924,0.0977673122588052,0.002662296998250439,10
Jordan,2020-11-17,1.2088558445443063,1.6071259524093175,0.8153616976797499,1.3948902098274778,1.0240169170179279,0.11818184240219741,0.000710129904498924,0.0977673122588052,0.002662296998250439,10
Jordan,2020-11-18,1.2021428021196312,1.601733713269628,0.8114098446042093,1.3878140506711167,1.014983783961141,0.11818184240219741,0.000710129904498924,0.0977673122588052,0.002662296998250439,10
Jordan,2020-11-19,1.1456189834424564,1.539722742462446,0.7575430784247822,1.3288068375691413,0.9619172946895233,0.11818184240219741,0.000710129904498924,0.0977673122588052,0.002662296998250439,10
Jordan,2020-11-20,1.091444771568567,1.4812912164947496,0.6978276709871076,1.2765630392685021,0.90599275826554,0.11818184240219741,0.000710129904498924,0.0977673122588052,0.002662296998250439,10
Jordan,2020-11-21,1.0492508738365867,1.4409862699963363,0.654463876832358,1.2328483601346603,0.8660939224657811,0.11818184240219741,0.000710129904498924,0.0977673122588052,0.002662296998250439,10
Jordan,2020-11-22,1.0323861713117661,1.4199244314945707,0.6392092855515321,1.2161475321782735,0.8495842374769449,0.11818184240219741,0.000710129904498924,0.0977673122588052,0.002662296998250439,10
Jordan,2020-11-23,1.0110625036793228,1.4011952937244174,0.6160957356006448,1.1948003067327355,0.8263719407529577,0.11818184240219741,0.000710129904498924,0.0977673122588052,0.002662296998250439,10
Jordan,2020-11-24,0.9886555186481805,1.379762342023838,0.6028648180014418,1.1717754168329653,0.8048095990099914,0.11818184240219741,0.000710129904498924,0.0977673122588052,0.002662296998250439,10
Jordan,2020-11-25,0.9719960809488957,1.36392845203152,0.5797568040456498,1.1568773243829884,0.7875757988486896,0.11818184240219741,0.000710129904498924,0.0977673122588052,0.002662296998250439,10
Jordan,2020-11-26,0.9497756304436116,1.3447310288875296,0.5526574673902644,1.1365645332352943,0.7636574811349738,0.11818184240219741,0.000710129904498924,0.0977673122588052,0.002662296998250439,10
Jordan,2020-11-27,0.920933276749943,1.3125184836601935,0.525436686115092,1.1051420834371626,0.7357681604875295,0.11818184240219741,0.000710129904498924,0.0977673122588052,0.002662296998250439,10
Jordan,2020-11-28,0.8875740722404186,1.275406243152292,0.4976098463979781,1.0728463950116225,0.6997560936756926,0.11818184240219741,0.000710129904498924,0.0977673122588052,0.002662296998250439,10
Jordan,2020-11-29,0.8803212682006959,1.2666830522190304,0.49070260301506563,1.0644075887317042,0.6954475287320603,0.11818184240219741,0.000710129904498924,0.0977673122588052,0.002662296998250439,10
Jordan,2020-11-30,0.8817756270208098,1.2742918149345912,0.48832494486430267,1.0664099701886565,0.6972187758358442,0.11818184240219741,0.000710129904498924,0.0977673122588052,0.002662296998250439,10
Jordan,2020-12-01,0.8622745809638995,1.253525664749009,0.4688283360330139,1.045974624371706,0.6793837915666001,0.11818184240219741,0.000710129904498924,0.0977673122588052,0.002662296998250439,10
Jordan,2020-12-02,0.8410018600796348,1.2294623932418387,0.44664831020164675,1.0251385924445944,0.6557923124552949,0.11818184240219741,0.000710129904498924,0.0977673122588052,0.002662296998250439,10
Jordan,2020-12-03,0.8242398294012205,1.212229591754779,0.42927630457920385,1.0089194783428734,0.6393633887913558,0.11818184240219741,0.000710129904498924,0.0977673122588052,0.002662296998250439,10
Jordan,2020-12-04,0.8000966084510968,1.1956821145387724,0.4011954488234585,0.9876243002110081,0.6132019546137082,0.11818184240219741,0.000710129904498924,0.0977673122588052,0.002662296998250439,10
Jordan,2020-12-05,0.7845354571278453,1.1775558618888806,0.38961958970783206,0.9706157121490446,0.5983390303851439,0.11818184240219741,0.000710129904498924,0.0977673122588052,0.002662296998250439,10
Jordan,2020-12-06,0.7743670460381497,1.1642284156738962,0.3755895379061577,0.9594970161528176,0.5887548288737456,0.11818184240219741,0.000710129904498924,0.0977673122588052,0.002662296998250439,10
Jordan,2020-12-07,0.7798455603613285,1.1708776611913745,0.3844584715702841,0.9660317646586309,0.5943447380352515,0.11818184240219741,0.000710129904498924,0.0977673122588052,0.002662296998250439,10
Jordan,2020-12-08,0.7655436182806092,1.1622068556725769,0.3719328671513462,0.9530308869126274,0.5777953289753216,0.11818184240219741,0.000710129904498924,0.0977673122588052,0.002662296998250439,10
Jordan,2020-12-09,0.7522371130271933,1.1447014538975369,0.3592816962511518,0.9398600178594484,0.5640755462151776,0.11818184240219741,0.000710129904498924,0.0977673122588052,0.002662296998250439,10
Jordan,2020-12-10,0.7354412074133074,1.1307484471789024,0.34026980682957286,0.9213411013860187,0.5508521679388171,0.11818184240219741,0.000710129904498924,0.0977673122588052,0.002662296998250439,10
Jordan,2020-12-11,0.715119922050387,1.1106956682807982,0.3200612959646124,0.9011626345403548,0.5310897113391342,0.11818184240219741,0.000710129904498924,0.0977673122588052,0.002662296998250439,10
Jordan,2020-12-12,0.705173591548001,1.0981093686639531,0.3150759304390617,0.8912604242979348,0.5188741856899337,0.11818184240219741,0.000710129904498924,0.0977673122588052,0.002662296998250439,10
Jordan,2020-12-13,0.7154087539752074,1.1089012686939361,0.3199289089282057,0.8993769296701031,0.5315573559162049,0.11818184240219741,0.000710129904498924,0.0977673122588052,0.002662296998250439,10
Jordan,2020-12-14,0.7265474395032088,1.1167402091031216,0.3375679660166886,0.9094800998164358,0.5442105676025396,0.11818184240219741,0.000710129904498924,0.0977673122588052,0.002662296998250439,10
Jordan,2020-12-15,0.7253512117094448,1.1154269131043175,0.3349089922950492,0.9079121036580272,0.5421188391417749,0.11818184240219741,0.000710129904498924,0.0977673122588052,0.002662296998250439,10
Jordan,2020-12-16,0.7229347403935149,1.1106587737453335,0.3312105908502152,0.9065356460736571,0.5404709829789316,0.11818184240219741,0.000710129904498924,0.0977673122588052,0.002662296998250439,10
Jordan,2020-12-17,0.7107969196572184,1.0924969558347633,0.3195822987445167,0.8939578852776986,0.5297523362821606,0.11818184240219741,0.000710129904498924,0.0977673122588052,0.002662296998250439,10
Jordan,2020-12-18,0.6975504330828666,1.0831162552684956,0.3034507855990607,0.8814679709628013,0.5150120177689131,0.11818184240219741,0.000710129904498924,0.0977673122588052,0.002662296998250439,10
Jordan,2020-12-19,0.6974463472827799,1.0845393242531989,0.30685675161308246,0.8795955949227586,0.511479484646862,0.11818184240219741,0.000710129904498924,0.0977673122588052,0.002662296998250439,10
Jordan,2020-12-20,0.7214326268819307,1.1115031667499884,0.3307497213729327,0.9042448407499635,0.5385645786979605,0.11818184240219741,0.000710129904498924,0.0977673122588052,0.002662296998250439,10
Jordan,2020-12-21,0.7420629651714105,1.1383392058827333,0.35171291474459976,0.930407882639047,0.5551562821959095,0.11818184240219741,0.000710129904498924,0.0977673122588052,0.002662296998250439,10
Jordan,2020-12-22,0.7432988669055568,1.1371670135763783,0.35019102131233615,0.9282792875631609,0.5575966484011166,0.11818184240219741,0.000710129904498924,0.0977673122588052,0.002662296998250439,10
Jordan,2020-12-23,0.7295181645019484,1.1286088818543811,0.3335207931509455,0.9152159399486676,0.54460674477842,0.11818184240219741,0.000710129904498924,0.0977673122588052,0.002662296998250439,10
Jordan,2020-12-24,0.7111143994655491,1.1067243854947824,0.31508035160970815,0.8971708818496785,0.5238355556901719,0.11818184240219741,0.000710129904498924,0.0977673122588052,0.002662296998250439,10
Jordan,2020-12-25,0.6963947511256525,1.0871671461500285,0.30663916882365805,0.8821074373570316,0.5111675413291208,0.11818184240219741,0.000710129904498924,0.0977673122588052,0.002662296998250439,10
Jordan,2020-12-26,0.6858746928423362,1.0811340628581905,0.2904657748563704,0.8740645805263352,0.4986724352827274,0.11818184240219741,0.000710129904498924,0.0977673122588052,0.002662296998250439,10
Jordan,2020-12-27,0.7006830647444717,1.0966605946142371,0.30726922991759287,0.8848127494688006,0.5173187857612893,0.11818184240219741,0.000710129904498924,0.0977673122588052,0.002662296998250439,10
Jordan,2020-12-28,0.7161618516819199,1.1130976511786788,0.32362818453670195,0.9013806030470092,0.5316594015083472,0.11818184240219741,0.000710129904498924,0.0977673122588052,0.002662296998250439,10
Jordan,2020-12-29,0.7195680883761464,1.1125183166869188,0.32672819562666877,0.9066200060070084,0.5330088294106113,0.11818184240219741,0.000710129904498924,0.0977673122588052,0.002662296998250439,10
Jordan,2020-12-30,0.7205574478394183,1.1143519669680986,0.3265202836949028,0.9044072787968265,0.538758324741576,0.11818184240219741,0.000710129904498924,0.0977673122588052,0.002662296998250439,10
Jordan,2020-12-31,0.7138768523196237,1.1096368668929626,0.31652677836485776,0.898218764640787,0.5284373640878195,0.11818184240219741,0.000710129904498924,0.0977673122588052,0.002662296998250439,10
Jordan,2021-01-01,0.7101255114624379,1.097531832576017,0.3206247596661572,0.8948683397255726,0.5251023566301938,0.11818184240219741,0.000710129904498924,0.0977673122588052,0.002662296998250439,10
Jordan,2021-01-02,0.7130111271598978,1.1012878202085943,0.3213072322398045,0.8965587078437445,0.5290470710789731,0.11818184240219741,0.000710129904498924,0.0977673122588052,0.002662296998250439,10
Jordan,2021-01-03,0.7398846888891198,1.1300283964888331,0.35295982046431673,0.9235979154808868,0.5555662520256481,0.11818184240219741,0.000710129904498924,0.0977673122588052,0.002662296998250439,10
Jordan,2021-01-04,0.7556199165211055,1.1482921878458099,0.3694730626058159,0.940146798456193,0.5703744130959405,0.11818184240219741,0.000710129904498924,0.0977673122588052,0.002662296998250439,10
Jordan,2021-01-05,0.7585034333903014,1.15400657961316,0.3630275413221178,0.9432150980601142,0.5748244039358832,0.11818184240219741,0.000710129904498924,0.0977673122588052,0.002662296998250439,10
Jordan,2021-01-06,0.7559329952906252,1.151168102289654,0.3607450339332371,0.9417398157309612,0.570346981671997,0.11818184240219741,0.000710129904498924,0.0977673122588052,0.002662296998250439,10
Jordan,2021-01-07,0.7413036150194033,1.1336161466380168,0.35441875866513184,0.9252350850909349,0.5553367536576109,0.11818184240219741,0.000710129904498924,0.0977673122588052,0.002662296998250439,10
Jordan,2021-01-08,0.7287204406253622,1.121021927356221,0.33677960311735655,0.9146160446122329,0.54160544927745,0.11818184240219741,0.000710129904498924,0.0977673122588052,0.002662296998250439,10
Jordan,2021-01-09,0.7267898427447957,1.1193984958657701,0.3371944991434599,0.9118471635124047,0.5413054234813564,0.11818184240219741,0.000710129904498924,0.0977673122588052,0.002662296998250439,10
Jordan,2021-01-10,0.7451465063447397,1.1353812283048623,0.3510504183992156,0.9299414758594,0.559257142440752,0.11818184240219741,0.000710129904498924,0.0977673122588052,0.002662296998250439,10
Jordan,2021-01-11,0.757293410838745,1.14979621327577,0.370530139991019,0.9422542971407628,0.568831374650766,0.11818184240219741,0.000710129904498924,0.0977673122588052,0.002662296998250439,10
Jordan,2021-01-12,0.7503422410302422,1.1384599761013239,0.3596293191242177,0.9335847607974045,0.5653232942816633,0.11818184240219741,0.000710129904498924,0.0977673122588052,0.002662296998250439,10
Jordan,2021-01-13,0.739316232660324,1.130367521752931,0.3454210358438685,0.9233415118989071,0.5546252326816389,0.11818184240219741,0.000710129904498924,0.0977673122588052,0.002662296998250439,10
Jordan,2021-01-14,0.7261109008635251,1.112835251340684,0.33363814799071756,0.9097034149955743,0.5420009216778483,0.11818184240219741,0.000710129904498924,0.0977673122588052,0.002662296998250439,10
Jordan,2021-01-15,0.7119290931311175,1.0979298855322293,0.3178837189976027,0.8979670203264685,0.5279980743991046,0.11818184240219741,0.000710129904498924,0.0977673122588052,0.002662296998250439,10
Jordan,2021-01-16,0.7107579749585975,1.1014465020485051,0.31537180028305856,0.8964734158258916,0.5258119333570122,0.11818184240219741,0.000710129904498924,0.0977673122588052,0.002662296998250439,10
Jordan,2021-01-17,0.7263293393709459,1.116546102874095,0.3342829326247241,0.9086236064906636,0.5447101421864003,0.11818184240219741,0.000710129904498924,0.0977673122588052,0.002662296998250439,10
Jordan,2021-01-18,0.7397106803858775,1.123276145680565,0.3545733301950287,0.9209024015009187,0.5594727114969935,0.11818184240219741,0.000710129904498924,0.0977673122588052,0.002662296998250439,10
Jordan,2021-01-19,0.7454999056997926,1.1320531938337177,0.36296809798586194,0.9272450926699807,0.5639296946523787,0.11818184240219741,0.000710129904498924,0.0977673122588052,0.002662296998250439,10
Jordan,2021-01-20,0.7525734461477462,1.1384108467432192,0.3645760985796951,0.9359523988761461,0.571162064418034,0.11818184240219741,0.000710129904498924,0.0977673122588052,0.002662296998250439,10
Jordan,2021-01-21,0.7513714476605692,1.140520657304957,0.3612412559017868,0.9337824355844473,0.5685594588636624,0.11818184240219741,0.000710129904498924,0.0977673122588052,0.002662296998250439,10
Jordan,2021-01-22,0.7596448311651657,1.145332110957906,0.36286342448470876,0.943160570981964,0.5758593176699947,0.11818184240219741,0.000710129904498924,0.0977673122588052,0.002662296998250439,10
Jordan,2021-01-23,0.7764604257085179,1.167927772309136,0.3756026091067318,0.9611450567965018,0.5921429025251084,0.11818184240219741,0.000710129904498924,0.0977673122588052,0.002662296998250439,10
Jordan,2021-01-24,0.816038863788825,1.205390649656945,0.4234521127238453,0.9987722394047077,0.6337834047019039,0.11818184240219741,0.000710129904498924,0.0977673122588052,0.002662296998250439,10
Jordan,2021-01-25,0.8464635202279926,1.2282328742956976,0.45988130340324196,1.028266190695099,0.6643556540605022,0.11818184240219741,0.000710129904498924,0.0977673122588052,0.002662296998250439,10
Jordan,2021-01-26,0.8795675429716521,1.2705830299831091,0.4852384483416149,1.0621872538932933,0.6996335188852154,0.11818184240219741,0.000710129904498924,0.0977673122588052,0.002662296998250439,10
Jordan,2021-01-27,0.908286932157015,1.2971553595919492,0.5170856885767897,1.091238699181643,0.7253388093957116,0.11818184240219741,0.000710129904498924,0.0977673122588052,0.002662296998250439,10
Jordan,2021-01-28,0.9396531565572481,1.3274837271610296,0.5439617007671935,1.1226167294213816,0.7570267803994729,0.11818184240219741,0.000710129904498924,0.0977673122588052,0.002662296998250439,10
Jordan,2021-01-29,0.959466208374764,1.3484257528920915,0.5678867998480823,1.1418542842412975,0.7738636437163056,0.11818184240219741,0.000710129904498924,0.0977673122588052,0.002662296998250439,10
Jordan,2021-01-30,0.9887032161318473,1.378777436625685,0.5978697516235483,1.174294717540912,0.803944307074259,0.11818184240219741,0.000710129904498924,0.0977673122588052,0.002662296998250439,10
Jordan,2021-01-31,1.0499953811748304,1.4486812565830927,0.6611558224929319,1.2342783041318621,0.8645951738781352,0.11818184240219741,0.000710129904498924,0.0977673122588052,0.002662296998250439,10
Jordan,2021-02-01,1.092185700256824,1.4896679160108992,0.7042788899473604,1.2765459715313243,0.9075434425343303,0.11818184240219741,0.000710129904498924,0.0977673122588052,0.002662296998250439,10
Jordan,2021-02-02,1.123252022059992,1.5157331181287566,0.7296973047015773,1.3075350728710378,0.9387104099288195,0.11818184240219741,0.000710129904498924,0.0977673122588052,0.002662296998250439,10
Jordan,2021-02-03,1.1495911276495185,1.5479365187503034,0.756556596551585,1.334253836252839,0.9636356074543788,0.11818184240219741,0.000710129904498924,0.0977673122588052,0.002662296998250439,10
Jordan,2021-02-04,1.1669340595618958,1.5630431818384545,0.7746532398444466,1.3527546045936891,0.9795517672242762,0.11818184240219741,0.000710129904498924,0.0977673122588052,0.002662296998250439,10
Jordan,2021-02-05,1.176666460192818,1.5703214419090168,0.781005502598642,1.3620552492897358,0.993062329995312,0.11818184240219741,0.000710129904498924,0.0977673122588052,0.002662296998250439,10
Jordan,2021-02-06,1.188357782522435,1.5791699082652941,0.7891098294750877,1.3736172907764368,1.002417332642365,0.11818184240219741,0.000710129904498924,0.0977673122588052,0.002662296998250439,10
Jordan,2021-02-07,1.2382209058469165,1.635405927157843,0.8458119373923836,1.4250035970504973,1.051607345347422,0.11818184240219741,0.000710129904498924,0.0977673122588052,0.002662296998250439,10
Jordan,2021-02-08,1.2877626589761348,1.6864611935219376,0.8950495008335805,1.476719287933101,1.0966261559167616,0.11818184240219741,0.000710129904498924,0.0977673122588052,0.002662296998250439,10
Jordan,2021-02-09,1.3125451537842965,1.7221205862661177,0.9099696703232149,1.5056043240643526,1.117515898330883,0.11818184240219741,0.000710129904498924,0.0977673122588052,0.002662296998250439,10
Jordan,2021-02-10,1.3372486607885652,1.7490953656642159,0.9321078342274012,1.53389551366482,1.1418862544300332,0.11818184240219741,0.000710129904498924,0.0977673122588052,0.002662296998250439,10
Jordan,2021-02-11,1.3427524984175254,1.760751060757334,0.9318349262205166,1.5420056154433204,1.1439213427893278,0.11818184240219741,0.000710129904498924,0.0977673122588052,0.002662296998250439,10
Jordan,2021-02-12,1.3350877695463246,1.7666934840337873,0.9042505336735907,1.5406691399284616,1.1305778263979578,0.11818184240219741,0.000710129904498924,0.0977673122588052,0.002662296998250439,10
Jordan,2021-02-13,1.339470354769051,1.8056891254297849,0.8725344837151465,1.5588652994199288,1.122185475746229,0.11818184240219741,0.000710129904498924,0.0977673122588052,0.002662296998250439,10
Jordan,2021-02-14,1.3847539531636752,1.9071719085778658,0.8756686986421784,1.6292552905757194,1.1379218339607058,0.11818184240219741,0.000710129904498924,0.0977673122588052,0.002662296998250439,10
